adm0_iso3,adm0_name,admin_level,adm1_pcode,adm1_name,adm2_pcode,adm2_name,period_number,start_date,end_date,cropland_flooded_sq_km,cropland_flooded_ha,total_area_flooded_sq_km,total_area_flooded_ha,perc_cropland_flooded,perc_total_area_flooded,pop_exposed
PAK,Pakistan,admin2,PK72022,Sindh,PK7282022,Umer Kot,55,2026-04-01,2026-04-15,3.54,354,8.15,815,0.1844972520394334,0.13356109251142065,2663
PAK,Pakistan,admin2,PK72022,Sindh,PK7272022,Thatta,55,2026-04-01,2026-04-15,110.43,11043,1292.79,129279,5.550111587011061,15.321189340317549,81285
PAK,Pakistan,admin2,PK72022,Sindh,PK7262022,Tharparkar,55,2026-04-01,2026-04-15,7.45,745,345.27000000000004,34527,0.2163293094734279,1.5856646179481335,9445
PAK,Pakistan,admin2,PK72022,Sindh,PK7252022,Tando Muhammad Khan,55,2026-04-01,2026-04-15,13.29,1329,38.06,3806,0.9594864256856488,2.048163551556501,8029
PAK,Pakistan,admin2,PK72022,Sindh,PK7242022,Tando Allahyar,55,2026-04-01,2026-04-15,7.02,702,16.189999999999998,1619,0.6540479010345628,0.9425845041751402,3820
PAK,Pakistan,admin2,PK72022,Sindh,PK7232022,Sukkur,55,2026-04-01,2026-04-15,18.43,1843,113.84,11384,1.1120594292850376,1.9423011987058518,29527
PAK,Pakistan,admin2,PK72022,Sindh,PK7222022,Sujawal,55,2026-04-01,2026-04-15,105.74,10574,2248.58,224858,4.07226068666564,23.49503156874466,80112
PAK,Pakistan,admin2,PK72022,Sindh,PK7212022,South Karachi,55,2026-04-01,2026-04-15,0,0,26.61,2661,0,4.878709369972048,52664
PAK,Pakistan,admin2,PK72022,Sindh,PK7202022,Shikarpur,55,2026-04-01,2026-04-15,28.72,2872,80.92,8092,1.334468191302708,2.7907779925598164,20125
PAK,Pakistan,admin2,PK72022,Sindh,PK7192022,Shaheed Benazir Abad,55,2026-04-01,2026-04-15,67.77,6777,218.14999999999998,21815,2.2365903007536287,4.248399149709959,46474
PAK,Pakistan,admin2,PK72022,Sindh,PK7182022,Sanghar,55,2026-04-01,2026-04-15,62.77,6277,364.63,36463,1.5948467906457726,3.213953137938906,53043
PAK,Pakistan,admin2,PK72022,Sindh,PK7172022,Naushahro Feroze,55,2026-04-01,2026-04-15,56.74,5674,165.2,16520,2.2528536816166698,4.832886259422668,39778
PAK,Pakistan,admin2,PK72022,Sindh,PK7162022,Mirpur Khas,55,2026-04-01,2026-04-15,1.73,173,14.870000000000001,1487,0.0742274240104002,0.3946168921297965,2007
PAK,Pakistan,admin2,PK72022,Sindh,PK7152022,Matiari,55,2026-04-01,2026-04-15,22.92,2292,68.57000000000001,6857,2.0375999703804384,4.218001646109438,18870
PAK,Pakistan,admin2,PK72022,Sindh,PK7142022,Malir Karachi,55,2026-04-01,2026-04-15,2.2,220,212.76,21276,0.8895765885007403,7.034591845392867,32573
PAK,Pakistan,admin2,PK72022,Sindh,PK7132022,Larkana,55,2026-04-01,2026-04-15,12.67,1267,73.81,7381,0.8236818795442266,3.3942570329859425,18514
PAK,Pakistan,admin2,PK72022,Sindh,PK7122022,Korangi Karachi,55,2026-04-01,2026-04-15,0,0,3.6900000000000004,369,0,3.4639877071600496,4748
PAK,Pakistan,admin2,PK72022,Sindh,PK7112022,Khairpur,55,2026-04-01,2026-04-15,56.68,5668,221.14000000000001,22114,1.7668683181405969,1.2279931560929966,59462
PAK,Pakistan,admin2,PK72022,Sindh,PK7102022,Kashmore,55,2026-04-01,2026-04-15,66.39,6639,248.85,24885,3.137255883032333,8.350228410708427,45547
PAK,Pakistan,admin2,PK72022,Sindh,PK7092022,Kambar Shahdad Kot,55,2026-04-01,2026-04-15,74.23,7423,105.40000000000002,10540,2.1623287179001998,1.6618738596374565,7348
PAK,Pakistan,admin2,PK72022,Sindh,PK7082022,Jamshoro,55,2026-04-01,2026-04-15,25.12,2512,120.22999999999999,12023,1.5913223544445971,0.9602885472786725,17611
PAK,Pakistan,admin2,PK72022,Sindh,PK7072022,Jacobabad,55,2026-04-01,2026-04-15,47.86,4786,118.36,11836,1.9448957208373825,3.8613675674882426,20826
PAK,Pakistan,admin2,PK72022,Sindh,PK7062022,Hyderabad,55,2026-04-01,2026-04-15,15.85,1585,52.36,5236,3.049496801904592,4.624744283521572,139081
PAK,Pakistan,admin2,PK72022,Sindh,PK7052022,Ghotki,55,2026-04-01,2026-04-15,32.4,3240,159.99,15999,1.045627371613741,2.213808536634164,16934
PAK,Pakistan,admin2,PK72022,Sindh,PK7032022,Dadu,55,2026-04-01,2026-04-15,36.9,3690,88.34,8834,1.095208482964979,0.9789853755533444,21159
PAK,Pakistan,admin2,PK72022,Sindh,PK7012022,Badin,55,2026-04-01,2026-04-15,50.46,5046,169.03,16903,1.012437935330982,2.3249751802582406,23187
PAK,Pakistan,admin2,PK62022,Punjab,PK6362022,Vehari,55,2026-04-01,2026-04-15,8.08,808,17.93,1793,0.178501022846208,0.343905917047169,6081
PAK,Pakistan,admin2,PK62022,Punjab,PK6352022,Toba Tek Singh,55,2026-04-01,2026-04-15,3.14,314,5.680000000000001,568,0.1128234336934907,0.15769447798881686,1980
PAK,Pakistan,admin2,PK62022,Punjab,PK6342022,Sialkot,55,2026-04-01,2026-04-15,11.19,1119,32.85,3285,0.3657155908114896,0.9012902467371013,19684
PAK,Pakistan,admin2,PK62022,Punjab,PK6332022,Sheikhupura,55,2026-04-01,2026-04-15,8.07,807,17.35,1735,0.2257278699565273,0.40544044674813196,7606
PAK,Pakistan,admin2,PK62022,Punjab,PK6322022,Sargodha,55,2026-04-01,2026-04-15,16.35,1635,71.45,7145,0.3461959173867144,1.0323381179688675,28213
PAK,Pakistan,admin2,PK62022,Punjab,PK6312022,Sahiwal,55,2026-04-01,2026-04-15,2.53,253,7.93,793,0.0809444627262511,0.21083352669601382,4556
PAK,Pakistan,admin2,PK62022,Punjab,PK6302022,Rawalpindi,55,2026-04-01,2026-04-15,1.52,152,30.490000000000002,3049,0.0667982997592314,0.4854387299207824,5412
PAK,Pakistan,admin2,PK62022,Punjab,PK6292022,Rajanpur,55,2026-04-01,2026-04-15,94.21,9421,265.84,26584,1.7214611009968916,1.8380962605587594,25805
PAK,Pakistan,admin2,PK62022,Punjab,PK6282022,Rahim Yar Khan,55,2026-04-01,2026-04-15,52.62,5262,207.17000000000002,20717,0.7559052360812817,1.4129141989519738,23299
PAK,Pakistan,admin2,PK62022,Punjab,PK6272022,Pakpattan,55,2026-04-01,2026-04-15,21.24,2124,36.42,3642,0.7182151887116974,1.086607996082778,13033
PAK,Pakistan,admin2,PK62022,Punjab,PK6262022,Okara,55,2026-04-01,2026-04-15,28.05,2805,40.77,4077,0.6277367851632275,0.7874346982719004,14822
PAK,Pakistan,admin2,PK62022,Punjab,PK6252022,Narowal,55,2026-04-01,2026-04-15,1.12,112,2.0100000000000002,201,0.0451817285532689,0.07419186022291173,1247
PAK,Pakistan,admin2,PK62022,Punjab,PK6242022,Nankana Sahib,55,2026-04-01,2026-04-15,13.06,1306,27.71,2771,0.6045862614321177,1.074083103802769,8967
PAK,Pakistan,admin2,PK62022,Punjab,PK6232022,Muzaffargarh,55,2026-04-01,2026-04-15,119.36,11936,365.28,36528,2.1064870566153697,4.098630330450552,106857
PAK,Pakistan,admin2,PK62022,Punjab,PK6222022,Multan,55,2026-04-01,2026-04-15,21.11,2111,81.63,8163,0.719502108630845,1.9323914883036377,32317
PAK,Pakistan,admin2,PK62022,Punjab,PK6212022,Mianwali,55,2026-04-01,2026-04-15,153.33,15333,339.90999999999997,33991,4.272650135857384,4.787171212582307,44005
PAK,Pakistan,admin2,PK62022,Punjab,PK6202022,Mandi Bahauddin,55,2026-04-01,2026-04-15,27.2,2720,107.99,10799,1.0844200190752222,3.3149191422491633,49748
PAK,Pakistan,admin2,PK62022,Punjab,PK6192022,Lodhran,55,2026-04-01,2026-04-15,0.35,35,0.54,54,0.0127125024762672,0.01882922169405278,197
PAK,Pakistan,admin2,PK62022,Punjab,PK6182022,Leiah,55,2026-04-01,2026-04-15,81.42,8142,168.45,16845,1.814661876420568,2.2450233062789438,24002
PAK,Pakistan,admin2,PK62022,Punjab,PK6172022,Lahore,55,2026-04-01,2026-04-15,6.95,695,13.959999999999999,1396,0.6851256467667273,0.6862199579975079,20726
PAK,Pakistan,admin2,PK62022,Punjab,PK6162022,Khushab,55,2026-04-01,2026-04-15,30.15,3015,61.14,6114,0.940280608621107,0.7817287027201473,16243
PAK,Pakistan,admin2,PK62022,Punjab,PK6152022,Khanewal,55,2026-04-01,2026-04-15,11.39,1139,51.6,5160,0.278948484122991,1.0187336587820122,18520
PAK,Pakistan,admin2,PK62022,Punjab,PK6142022,Kasur,55,2026-04-01,2026-04-15,3.76,376,9.719999999999999,972,0.1025016638613592,0.20821484250255867,3890
PAK,Pakistan,admin2,PK62022,Punjab,PK6132022,Jhelum,55,2026-04-01,2026-04-15,5.59,559,49.32,4932,0.340873783294379,1.1579811558054398,11385
PAK,Pakistan,admin2,PK62022,Punjab,PK6122022,Jhang,55,2026-04-01,2026-04-15,28.83,2883,124.66,12466,0.5508665437613308,1.6756839873691267,33947
PAK,Pakistan,admin2,PK62022,Punjab,PK6112022,Hafizabad,55,2026-04-01,2026-04-15,15.61,1561,49.11,4911,0.6606087588003574,1.8228824178576242,18826
PAK,Pakistan,admin2,PK62022,Punjab,PK6102022,Gujrat,55,2026-04-01,2026-04-15,13.86,1386,63.83,6383,0.5326337204059219,1.6901625461063865,32948
PAK,Pakistan,admin2,PK62022,Punjab,PK6092022,Gujranwala,55,2026-04-01,2026-04-15,30.51,3051,120.84,12084,0.8554610058529437,2.8184522341439764,66338
PAK,Pakistan,admin2,PK62022,Punjab,PK6082022,Faisalabad,55,2026-04-01,2026-04-15,12.27,1227,28.240000000000002,2824,0.2468108793898015,0.40471932906738767,14043
PAK,Pakistan,admin2,PK62022,Punjab,PK6072022,Dera Ghazi Khan,55,2026-04-01,2026-04-15,66.25,6625,208.43,20843,1.3926773238587886,1.5226772949076695,30465
PAK,Pakistan,admin2,PK62022,Punjab,PK6062022,Chiniot,55,2026-04-01,2026-04-15,14.5,1450,58.199999999999996,5820,0.6331579772562473,1.8980316423270978,24319
PAK,Pakistan,admin2,PK62022,Punjab,PK6052022,Chakwal,55,2026-04-01,2026-04-15,2.1,210,22.21,2221,0.0642951509305555,0.28666124828460304,5325
PAK,Pakistan,admin2,PK62022,Punjab,PK6042022,Bhakkar,55,2026-04-01,2026-04-15,11.91,1191,65.98,6598,0.2794971354131946,0.6608013498604227,5301
PAK,Pakistan,admin2,PK62022,Punjab,PK6032022,Bahawalpur,55,2026-04-01,2026-04-15,23.47,2347,46.39,4639,0.337897888334816,0.16895674617745182,15167
PAK,Pakistan,admin2,PK62022,Punjab,PK6022022,Bahawalnagar,55,2026-04-01,2026-04-15,31.22,3122,54.71,5471,0.4866738204354,0.5526713410797549,18794
PAK,Pakistan,admin2,PK62022,Punjab,PK6012022,Attock,55,2026-04-01,2026-04-15,3.31,331,51.37,5137,0.0970928164187938,0.6183779791264983,8258
PAK,Pakistan,admin2,PK52022,Khyber Pakhtunkhwa,PK5342022,Tor Ghar,55,2026-04-01,2026-04-15,2.01,201,20.71,2071,14.820351489986756,3.7447459003716954,5608
PAK,Pakistan,admin2,PK52022,Khyber Pakhtunkhwa,PK5332022,Tank,55,2026-04-01,2026-04-15,23.63,2363,57.339999999999996,5734,3.313380593998383,1.7139307638879595,8234
PAK,Pakistan,admin2,PK52022,Khyber Pakhtunkhwa,PK5322022,Swat,55,2026-04-01,2026-04-15,0.02,2,0.16,16,0.0060964945992827,0.00685119947038876,207
PAK,Pakistan,admin2,PK52022,Khyber Pakhtunkhwa,PK5312022,Swabi,55,2026-04-01,2026-04-15,1.28,128,16.580000000000002,1658,0.1383963559696743,0.9246617720254156,8019
PAK,Pakistan,admin2,PK52022,Khyber Pakhtunkhwa,PK5302022,South Waziristan,55,2026-04-01,2026-04-15,0.16,16,21.23,2123,0.0816960418668186,0.40935473084812113,497
PAK,Pakistan,admin2,PK52022,Khyber Pakhtunkhwa,PK5292022,Shangla,55,2026-04-01,2026-04-15,0.72,72,2.81,281,1.8976489204796212,0.16833969533886375,1032
PAK,Pakistan,admin2,PK52022,Khyber Pakhtunkhwa,PK5282022,Peshawar,55,2026-04-01,2026-04-15,3.81,381,13.06,1306,0.5772833948387283,0.7022874562957698,12260
PAK,Pakistan,admin2,PK52022,Khyber Pakhtunkhwa,PK5262022,Nowshera,55,2026-04-01,2026-04-15,11.09,1109,29.78,2978,2.2300341387358094,1.4282472085853495,20023
PAK,Pakistan,admin2,PK52022,Khyber Pakhtunkhwa,PK5252022,North Waziristan,55,2026-04-01,2026-04-15,0.17,17,3.26,326,0.111095136647018,0.05533804582980624,111
PAK,Pakistan,admin2,PK52022,Khyber Pakhtunkhwa,PK5242022,Mohmand,55,2026-04-01,2026-04-15,0.28,28,3.97,397,0.0626069151179127,0.14435460146387405,1629
PAK,Pakistan,admin2,PK52022,Khyber Pakhtunkhwa,PK5232022,Mardan,55,2026-04-01,2026-04-15,0.09,9,0.12,12,0.01070907666341,0.008074297042727937,168
PAK,Pakistan,admin2,PK52022,Khyber Pakhtunkhwa,PK5222022,Mansehra,55,2026-04-01,2026-04-15,0.55,55,2.47,247,0.160390875709022,0.059157546940105304,926
PAK,Pakistan,admin2,PK52022,Khyber Pakhtunkhwa,PK5212022,Malakand,55,2026-04-01,2026-04-15,0.16,16,0.16,16,0.0961160629729828,0.0961160629729828,46
PAK,Pakistan,admin2,PK52022,Khyber Pakhtunkhwa,PK5202022,Lower Dir,55,2026-04-01,2026-04-15,0.72,72,1.26,126,0.1846568651017231,0.06635394744445147,1746
PAK,Pakistan,admin2,PK52022,Khyber Pakhtunkhwa,PK5192022,Lakki Marwat,55,2026-04-01,2026-04-15,6.34,634,15.789999999999997,1579,0.4862931330608945,0.39716791935500184,4014
PAK,Pakistan,admin2,PK52022,Khyber Pakhtunkhwa,PK5182022,Kurram,55,2026-04-01,2026-04-15,0.03,3,1.0899999999999999,109,0.0111106818531048,0.02685970063672586,91
PAK,Pakistan,admin2,PK52022,Khyber Pakhtunkhwa,PK5172022,Kolai Palas Kohistan,55,2026-04-01,2026-04-15,0,0,0.28,28,0,0.02762876581722648,124
PAK,Pakistan,admin2,PK52022,Khyber Pakhtunkhwa,PK5142022,Kohat,55,2026-04-01,2026-04-15,0.26,26,18.419999999999998,1842,0.0391008572111004,0.44562491368395046,2413
PAK,Pakistan,admin2,PK52022,Khyber Pakhtunkhwa,PK5132022,Khyber,55,2026-04-01,2026-04-15,0.43,43,3.8099999999999996,381,0.259364930833653,0.11615961707534758,481
PAK,Pakistan,admin2,PK52022,Khyber Pakhtunkhwa,PK5122022,Karak,55,2026-04-01,2026-04-15,0.12,12,5.37,537,0.0305143644875023,0.17365118045012468,513
PAK,Pakistan,admin2,PK52022,Khyber Pakhtunkhwa,PK5112022,Haripur,55,2026-04-01,2026-04-15,1.15,115,60.41,6041,0.2291708866932247,2.556638414696475,5979
PAK,Pakistan,admin2,PK52022,Khyber Pakhtunkhwa,PK5092022,D. I. Khan,55,2026-04-01,2026-04-15,218.4,21840,486.17999999999995,48618,5.264648656593385,4.561995545986535,43642
PAK,Pakistan,admin2,PK52022,Khyber Pakhtunkhwa,PK5082022,Chitral Upper,55,2026-04-01,2026-04-15,0.01,1,0.5599999999999999,56,0.0454132606721162,0.009949720883155525,48
PAK,Pakistan,admin2,PK52022,Khyber Pakhtunkhwa,PK5072022,Chitral Lower,55,2026-04-01,2026-04-15,0,0,0.28,28,0,0.029016291631773616,61
PAK,Pakistan,admin2,PK52022,Khyber Pakhtunkhwa,PK5062022,Charsadda,55,2026-04-01,2026-04-15,4.97,497,23.759999999999998,2376,0.8956632682087287,1.9609958990237955,22527
PAK,Pakistan,admin2,PK52022,Khyber Pakhtunkhwa,PK5032022,Bannu,55,2026-04-01,2026-04-15,4.5,450,15.579999999999998,1558,0.7063271462358179,0.6427397210542936,859
PAK,Pakistan,admin2,PK52022,Khyber Pakhtunkhwa,PK5022022,Bajaur,55,2026-04-01,2026-04-15,0.2,20,1.2,120,0.0387167595742371,0.07199120013447755,733
PAK,Pakistan,admin2,PK42022,Islamabad,PK4012022,Islamabad,55,2026-04-01,2026-04-15,0.29,29,4,400,0.1096224171098135,0.3682984442171017,3691
PAK,Pakistan,admin2,PK32022,Gilgit Baltistan,PK3142022,Rondu,55,2026-04-01,2026-04-15,0,0,1.96,196,0,0.11080198534633762,54
PAK,Pakistan,admin2,PK32022,Gilgit Baltistan,PK3132022,Gupis-Yasin,55,2026-04-01,2026-04-15,0,0,0.48,48,0,0.007112452694272299,24
PAK,Pakistan,admin2,PK32022,Gilgit Baltistan,PK3102022,Shigar,55,2026-04-01,2026-04-15,0,0,0.28,28,0,0.006348509935364658,3
PAK,Pakistan,admin2,PK32022,Gilgit Baltistan,PK3092022,Kharmang,55,2026-04-01,2026-04-15,0,0,0.27999999999999997,28,0,0.007280064955308887,5
PAK,Pakistan,admin2,PK32022,Gilgit Baltistan,PK3082022,Nagar,55,2026-04-01,2026-04-15,0,0,1.7400000000000002,174,0,0.09310924440284776,224
PAK,Pakistan,admin2,PK32022,Gilgit Baltistan,PK3072022,Skardu,55,2026-04-01,2026-04-15,0.07,7,14.75,1475,0.3067959162627617,0.7101395485338208,783
PAK,Pakistan,admin2,PK32022,Gilgit Baltistan,PK3062022,Hunza,55,2026-04-01,2026-04-15,0,0,5.890000000000001,589,0,0.043208216536250364,61
PAK,Pakistan,admin2,PK32022,Gilgit Baltistan,PK3052022,Gilgit,55,2026-04-01,2026-04-15,0,0,0.44000000000000006,44,0,0.02130060588263499,16
PAK,Pakistan,admin2,PK32022,Gilgit Baltistan,PK3042022,Ghizer,55,2026-04-01,2026-04-15,0,0,0.48,48,0,0.010021597361070991,4
PAK,Pakistan,admin2,PK32022,Gilgit Baltistan,PK3032022,Ghanche,55,2026-04-01,2026-04-15,0,0,0.4,40,0,0.008963282256948068,27
PAK,Pakistan,admin2,PK32022,Gilgit Baltistan,PK3022022,Diamir,55,2026-04-01,2026-04-15,0,0,1.2,120,0,0.03222353885917097,14
PAK,Pakistan,admin2,PK22022,Balochistan,PK2362022,Usta Muhammad,55,2026-04-01,2026-04-15,1.81,181,3,300,0.1883126529415552,0.26733447400701643,236
PAK,Pakistan,admin2,PK22022,Balochistan,PK2342022,Duki,55,2026-04-01,2026-04-15,21.62,2162,131.25,13125,4.844387527804416,2.60876080161429,4629
PAK,Pakistan,admin2,PK22022,Balochistan,PK2332022,Shaheed Sikandarabad,55,2026-04-01,2026-04-15,0.1,10,0.33,33,0.0353047848228745,0.007831172466390483,5
PAK,Pakistan,admin2,PK22022,Balochistan,PK2312022,Zhob,55,2026-04-01,2026-04-15,0.08,8,35.78,3578,0.038166439351844,0.25561852753815917,394
PAK,Pakistan,admin2,PK22022,Balochistan,PK2302022,Washuk,55,2026-04-01,2026-04-15,0,0,2.92,292,0,0.006632572305520062,4
PAK,Pakistan,admin2,PK22022,Balochistan,PK2292022,Sohbatpur,55,2026-04-01,2026-04-15,41.13,4113,110.64000000000001,11064,5.89651958523907,12.311217589682883,12824
PAK,Pakistan,admin2,PK22022,Balochistan,PK2282022,Sibi,55,2026-04-01,2026-04-15,0.52,52,0.93,93,0.076979058445102,0.017950125355304093,32
PAK,Pakistan,admin2,PK22022,Balochistan,PK2272022,Sherani,55,2026-04-01,2026-04-15,0.01,1,14.379999999999999,1438,0.052552722746261,0.40017385501784897,289
PAK,Pakistan,admin2,PK22022,Balochistan,PK2262022,Quetta,55,2026-04-01,2026-04-15,0.01,1,0.6399999999999999,64,0.0055193228245426,0.015106793086087145,62
PAK,Pakistan,admin2,PK22022,Balochistan,PK2252022,Pishin,55,2026-04-01,2026-04-15,0.24,24,2.6199999999999997,262,0.0474940560645602,0.0400928420840587,386
PAK,Pakistan,admin2,PK22022,Balochistan,PK2242022,Panjgur,55,2026-04-01,2026-04-15,0.17,17,212.89,21289,0.0905887958272731,1.0790091358569485,1241
PAK,Pakistan,admin2,PK22022,Balochistan,PK2232022,Nushki,55,2026-04-01,2026-04-15,0.08,8,1.32,132,0.0369099162832438,0.01955412777761558,12
PAK,Pakistan,admin2,PK22022,Balochistan,PK2222022,Nasirabad,55,2026-04-01,2026-04-15,3.95,395,12.17,1217,0.1432278319043185,0.331004136221116,441
PAK,Pakistan,admin2,PK22022,Balochistan,PK2212022,Musakhel,55,2026-04-01,2026-04-15,0.02,2,0.32000000000000006,32,0.0097733502584763,0.006782271706947327,6
PAK,Pakistan,admin2,PK22022,Balochistan,PK2192022,Loralai,55,2026-04-01,2026-04-15,0.05,5,3.64,364,0.0178142215611321,0.08673861436306415,94
PAK,Pakistan,admin2,PK22022,Balochistan,PK2182022,Lehri,55,2026-04-01,2026-04-15,278.39,27839,405.36,40536,17.09009496499368,10.756305864906194,18100
PAK,Pakistan,admin2,PK22022,Balochistan,PK2172022,Lasbela,55,2026-04-01,2026-04-15,0.29,29,235.17000000000004,23517,0.0303182953631703,1.4998904239496027,1856
PAK,Pakistan,admin2,PK22022,Balochistan,PK2162022,Kohlu,55,2026-04-01,2026-04-15,0.69,69,2.0300000000000002,203,0.2340026380655462,0.023219601141752158,47
PAK,Pakistan,admin2,PK22022,Balochistan,PK2152022,Killa Saifullah,55,2026-04-01,2026-04-15,4.65,465,79.6,7960,0.5914902916527265,0.5488095736874921,922
PAK,Pakistan,admin2,PK22022,Balochistan,PK2142022,Killa Abdullah,55,2026-04-01,2026-04-15,0,0,1.55,155,0,0.0477021261281144,63
PAK,Pakistan,admin2,PK22022,Balochistan,PK2132022,Khuzdar,55,2026-04-01,2026-04-15,4.93,493,21.23,2123,0.358528541712428,0.06064355863206133,599
PAK,Pakistan,admin2,PK22022,Balochistan,PK2112022,Kech,55,2026-04-01,2026-04-15,10.21,1021,199.85,19985,4.233748515126803,0.7325596541430939,4675
PAK,Pakistan,admin2,PK22022,Balochistan,PK2092022,Kachhi,55,2026-04-01,2026-04-15,222.14,22214,277.76000000000005,27776,15.082954693142684,4.4980136199086225,11914
PAK,Pakistan,admin2,PK22022,Balochistan,PK2082022,Jhal Magsi,55,2026-04-01,2026-04-15,90.47,9047,195.69000000000003,19569,5.28664661608303,4.444229332402532,4036
PAK,Pakistan,admin2,PK22022,Balochistan,PK2072022_1,Jaffarabad,55,2026-04-01,2026-04-15,1.36,136,7.109999999999999,711,0.1898996390264127,0.8736946985301511,1009
PAK,Pakistan,admin2,PK22022,Balochistan,PK2062022,Harnai,55,2026-04-01,2026-04-15,0.35,35,0.9,90,0.4723581814024777,0.03988443489334339,12
PAK,Pakistan,admin2,PK22022,Balochistan,PK2052022,Gwadar,55,2026-04-01,2026-04-15,2.99,299,313.58000000000004,31358,11.483251426652227,2.436991368121469,5269
PAK,Pakistan,admin2,PK22022,Balochistan,PK2042022,Dera Bugti,55,2026-04-01,2026-04-15,5.98,598,16.93,1693,0.996881875871634,0.14339343245823077,1862
PAK,Pakistan,admin2,PK22022,Balochistan,PK2032022,Chagai,55,2026-04-01,2026-04-15,0,0,135.66,13566,0,0.2674382777108194,473
PAK,Pakistan,admin2,PK22022,Balochistan,PK2022022,Barkhan,55,2026-04-01,2026-04-15,0.21,21,1.08,108,0.0329827634110964,0.02952774964087968,22
PAK,Pakistan,admin2,PK22022,Balochistan,PK2012022,Awaran,55,2026-04-01,2026-04-15,1.98,198,56.56,5656,0.710258744348632,0.20227134956508053,219
PAK,Pakistan,admin2,PK12022,Azad Kashmir,PK1082022,Neelum,55,2026-04-01,2026-04-15,0.01,1,0.25,25,0.1099531297835001,0.015042069305502514,27
PAK,Pakistan,admin2,PK12022,Azad Kashmir,PK1062022,Mirpur,55,2026-04-01,2026-04-15,1.02,102,25.13,2513,0.4176352883032254,2.3372072755617768,2495
PAK,Pakistan,admin2,PK12022,Azad Kashmir,PK1052022,Kotli,55,2026-04-01,2026-04-15,0.12,12,2.59,259,0.0672671468573712,0.1348035881410642,698
PAK,Pakistan,admin2,PK12022,Azad Kashmir,PK1022022,Bhimber,54,2026-03-16,2026-03-31,0.04,4,0.09,9,0.011321372931796,0.007931373128735528,93
PAK,Pakistan,admin2,PK12022,Azad Kashmir,PK1052022,Kotli,54,2026-03-16,2026-03-31,0,0,1.6099999999999999,161,0,0.09408197669361068,362
PAK,Pakistan,admin2,PK12022,Azad Kashmir,PK1062022,Mirpur,54,2026-03-16,2026-03-31,0.85,85,22.88,2288,0.3480294069193545,2.1279467753622545,3614
PAK,Pakistan,admin2,PK12022,Azad Kashmir,PK1072022,Muzaffarabad,54,2026-03-16,2026-03-31,0,0,0.12,12,0,0.011848614205830141,310
PAK,Pakistan,admin2,PK22022,Balochistan,PK2012022,Awaran,54,2026-03-16,2026-03-31,1.85,185,21.34,2134,0.6636255944671562,0.0763544394209143,156
PAK,Pakistan,admin2,PK22022,Balochistan,PK2032022,Chagai,54,2026-03-16,2026-03-31,0.01,1,37.95,3795,0.003872886106621,0.07439032633477399,80
PAK,Pakistan,admin2,PK22022,Balochistan,PK2042022,Dera Bugti,54,2026-03-16,2026-03-31,6.17,617,16.28,1628,1.0285553802889602,0.13788807326757163,1863
PAK,Pakistan,admin2,PK22022,Balochistan,PK2052022,Gwadar,54,2026-03-16,2026-03-31,2,200,299.82,29982,7.681104633212193,2.3300553351303614,3574
PAK,Pakistan,admin2,PK22022,Balochistan,PK2072022_1,Jaffarabad,54,2026-03-16,2026-03-31,1.75,175,8.149999999999999,815,0.2443561531589869,1.0014925165992588,1188
PAK,Pakistan,admin2,PK22022,Balochistan,PK2082022,Jhal Magsi,54,2026-03-16,2026-03-31,2.87,287,3.49,349,0.1677094704118303,0.07938595067505813,119
PAK,Pakistan,admin2,PK22022,Balochistan,PK2092022,Kachhi,54,2026-03-16,2026-03-31,0.11,11,2.5700000000000003,257,0.0074688260387399,0.04184763445829787,107
PAK,Pakistan,admin2,PK22022,Balochistan,PK2112022,Kech,54,2026-03-16,2026-03-31,4.52,452,70.78,7078,1.87429415165261,0.2596465559692419,2490
PAK,Pakistan,admin2,PK22022,Balochistan,PK2122022,Kharan,54,2026-03-16,2026-03-31,0,0,1.11,111,0,0.0124373427937227,14
PAK,Pakistan,admin2,PK22022,Balochistan,PK2132022,Khuzdar,54,2026-03-16,2026-03-31,3.1,310,11.610000000000001,1161,0.2254439106102488,0.03317936570769368,347
PAK,Pakistan,admin2,PK22022,Balochistan,PK2142022,Killa Abdullah,54,2026-03-16,2026-03-31,0.02,2,1,100,0.0096494962395345,0.02892358759061027,8
PAK,Pakistan,admin2,PK22022,Balochistan,PK2152022,Killa Saifullah,54,2026-03-16,2026-03-31,0.72,72,29.979999999999997,2998,0.0915855935462286,0.20754141977567994,338
PAK,Pakistan,admin2,PK22022,Balochistan,PK2172022,Lasbela,54,2026-03-16,2026-03-31,3.27,327,194.94,19494,0.3418649166812654,1.2433075615288325,1887
PAK,Pakistan,admin2,PK22022,Balochistan,PK2192022,Loralai,54,2026-03-16,2026-03-31,0,0,0.44,44,0,0.0112390241838457,14
PAK,Pakistan,admin2,PK22022,Balochistan,PK2222022,Nasirabad,54,2026-03-16,2026-03-31,1.65,165,2.04,204,0.0598293475043355,0.05548976442653596,214
PAK,Pakistan,admin2,PK22022,Balochistan,PK2232022,Nushki,54,2026-03-16,2026-03-31,0.08,8,3.91,391,0.0369099162832438,0.057921696674603916,81
PAK,Pakistan,admin2,PK22022,Balochistan,PK2242022,Panjgur,54,2026-03-16,2026-03-31,0,0,143.2,14320,0,0.7330281814125674,773
PAK,Pakistan,admin2,PK22022,Balochistan,PK2262022,Quetta,54,2026-03-16,2026-03-31,0,0,0.31999999999999995,32,0,0.0078908633260116,43
PAK,Pakistan,admin2,PK22022,Balochistan,PK2272022,Sherani,54,2026-03-16,2026-03-31,0,0,9.110000000000001,911,0,0.25486726199656806,182
PAK,Pakistan,admin2,PK22022,Balochistan,PK2282022,Sibi,54,2026-03-16,2026-03-31,0.28,28,0.28,28,0.0414502622396703,0.0414502622396703,9
PAK,Pakistan,admin2,PK22022,Balochistan,PK2292022,Sohbatpur,54,2026-03-16,2026-03-31,21.98,2198,68.33,6833,3.151118416813877,7.604282714009021,7832
PAK,Pakistan,admin2,PK22022,Balochistan,PK2302022,Washuk,54,2026-03-16,2026-03-31,0,0,1.24,124,0,0.002816590319135,3
PAK,Pakistan,admin2,PK22022,Balochistan,PK2312022,Zhob,54,2026-03-16,2026-03-31,0.09,9,18.12,1812,0.0429372442708245,0.13225158486376898,227
PAK,Pakistan,admin2,PK22022,Balochistan,PK2342022,Duki,54,2026-03-16,2026-03-31,6.82,682,64.51,6451,1.5281555476237798,1.2824783637397115,2011
PAK,Pakistan,admin2,PK22022,Balochistan,PK2362022,Usta Muhammad,54,2026-03-16,2026-03-31,1.03,103,1.92,192,0.107161343939117,0.17248070979757696,39
PAK,Pakistan,admin2,PK32022,Gilgit Baltistan,PK3012022,Astore,54,2026-03-16,2026-03-31,0,0,0.32,32,0,0.0168150470932594,6
PAK,Pakistan,admin2,PK32022,Gilgit Baltistan,PK3022022,Diamir,54,2026-03-16,2026-03-31,0,0,0.88,88,0,0.02363059516339205,14
PAK,Pakistan,admin2,PK32022,Gilgit Baltistan,PK3032022,Ghanche,54,2026-03-16,2026-03-31,0,0,0.6,60,0,0.01147426071338224,29
PAK,Pakistan,admin2,PK32022,Gilgit Baltistan,PK3042022,Ghizer,54,2026-03-16,2026-03-31,0,0,0.32,32,0,0.006681064907380652,3
PAK,Pakistan,admin2,PK32022,Gilgit Baltistan,PK3062022,Hunza,54,2026-03-16,2026-03-31,0,0,0.81,81,0,0.011202013223321663,49
PAK,Pakistan,admin2,PK32022,Gilgit Baltistan,PK3072022,Skardu,54,2026-03-16,2026-03-31,0.04,4,10.43,1043,0.1753119521501495,0.5048656566468208,765
PAK,Pakistan,admin2,PK32022,Gilgit Baltistan,PK3082022,Nagar,54,2026-03-16,2026-03-31,0,0,2.78,278,0,0.14321220511422078,389
PAK,Pakistan,admin2,PK32022,Gilgit Baltistan,PK3102022,Shigar,54,2026-03-16,2026-03-31,0,0,0.61,61,0,0.01963586063333356,15
PAK,Pakistan,admin2,PK32022,Gilgit Baltistan,PK3142022,Rondu,54,2026-03-16,2026-03-31,0,0,1,100,0,0.05653162517670273,24
PAK,Pakistan,admin2,PK42022,Islamabad,PK4012022,Islamabad,54,2026-03-16,2026-03-31,0.15,15,2.9299999999999997,293,0.0567012502292138,0.26977861038902684,2231
PAK,Pakistan,admin2,PK52022,Khyber Pakhtunkhwa,PK5032022,Bannu,54,2026-03-16,2026-03-31,0.82,82,2.9699999999999998,297,0.1287085022029712,0.13499607284151724,198
PAK,Pakistan,admin2,PK52022,Khyber Pakhtunkhwa,PK5062022,Charsadda,54,2026-03-16,2026-03-31,4.15,415,12.75,1275,0.7478878396511517,1.0523020922791833,13916
PAK,Pakistan,admin2,PK52022,Khyber Pakhtunkhwa,PK5072022,Chitral Lower,54,2026-03-16,2026-03-31,0,0,1.6,160,0,0.024215039090699497,359
PAK,Pakistan,admin2,PK52022,Khyber Pakhtunkhwa,PK5082022,Chitral Upper,54,2026-03-16,2026-03-31,0.01,1,0.16,16,0.0454132606721162,0.0691131010489434,32
PAK,Pakistan,admin2,PK52022,Khyber Pakhtunkhwa,PK5092022,D. I. Khan,54,2026-03-16,2026-03-31,43.33,4333,163.36,16336,1.044492794369008,1.5328635328322036,17182
PAK,Pakistan,admin2,PK52022,Khyber Pakhtunkhwa,PK5102022,Hangu,54,2026-03-16,2026-03-31,0.12,12,0.16999999999999998,17,0.0409293969240621,0.013945163243174468,45
PAK,Pakistan,admin2,PK52022,Khyber Pakhtunkhwa,PK5112022,Haripur,54,2026-03-16,2026-03-31,0.56,56,44.08,4408,0.1115962578680051,1.865529238864768,4838
PAK,Pakistan,admin2,PK52022,Khyber Pakhtunkhwa,PK5122022,Karak,54,2026-03-16,2026-03-31,0,0,1.8399999999999999,184,0,0.07005934677692348,205
PAK,Pakistan,admin2,PK52022,Khyber Pakhtunkhwa,PK5132022,Khyber,54,2026-03-16,2026-03-31,0.32,32,2.77,277,0.193015762480858,0.08341654025461853,887
PAK,Pakistan,admin2,PK52022,Khyber Pakhtunkhwa,PK5142022,Kohat,54,2026-03-16,2026-03-31,0.2,20,14.080000000000002,1408,0.0300775824700772,0.3478614480176516,1106
PAK,Pakistan,admin2,PK52022,Khyber Pakhtunkhwa,PK5162022,Kohistan Upper,54,2026-03-16,2026-03-31,0,0,0.32,32,0,0.008286602632147824,39
PAK,Pakistan,admin2,PK52022,Khyber Pakhtunkhwa,PK5172022,Kolai Palas Kohistan,54,2026-03-16,2026-03-31,0,0,0.16,16,0,0.015579748800989206,62
PAK,Pakistan,admin2,PK52022,Khyber Pakhtunkhwa,PK5192022,Lakki Marwat,54,2026-03-16,2026-03-31,0.55,55,2.49,249,0.0421863128049671,0.06403713776797218,451
PAK,Pakistan,admin2,PK52022,Khyber Pakhtunkhwa,PK5222022,Mansehra,54,2026-03-16,2026-03-31,0.23,23,0.88,88,0.0670725480237728,0.023202337389405542,255
PAK,Pakistan,admin2,PK52022,Khyber Pakhtunkhwa,PK5232022,Mardan,54,2026-03-16,2026-03-31,0.58,58,1.02,102,0.0690140496086427,0.056375065107131264,981
PAK,Pakistan,admin2,PK52022,Khyber Pakhtunkhwa,PK5242022,Mohmand,54,2026-03-16,2026-03-31,0.17,17,2.25,225,0.0380113413215898,0.08181306128305195,1034
PAK,Pakistan,admin2,PK52022,Khyber Pakhtunkhwa,PK5252022,North Waziristan,54,2026-03-16,2026-03-31,0.1,10,1.6,160,0.0653500803805988,0.0306096708193986,58
PAK,Pakistan,admin2,PK52022,Khyber Pakhtunkhwa,PK5262022,Nowshera,54,2026-03-16,2026-03-31,6.24,624,16.189999999999998,1619,1.2547712376655953,0.7764715348219209,9593
PAK,Pakistan,admin2,PK52022,Khyber Pakhtunkhwa,PK5282022,Peshawar,54,2026-03-16,2026-03-31,1.84,184,4.69,469,0.2787930305782835,0.2521997067402114,7825
PAK,Pakistan,admin2,PK52022,Khyber Pakhtunkhwa,PK5292022,Shangla,54,2026-03-16,2026-03-31,0.66,66,2.08,208,1.7395115104396528,0.12460731896969221,837
PAK,Pakistan,admin2,PK52022,Khyber Pakhtunkhwa,PK5302022,South Waziristan,54,2026-03-16,2026-03-31,0,0,17.919999999999998,1792,0,0.35909210990802237,404
PAK,Pakistan,admin2,PK52022,Khyber Pakhtunkhwa,PK5312022,Swabi,54,2026-03-16,2026-03-31,0.19,19,13.389999999999999,1339,0.0205432090892485,0.7467564009300544,5698
PAK,Pakistan,admin2,PK52022,Khyber Pakhtunkhwa,PK5332022,Tank,54,2026-03-16,2026-03-31,0.15,15,0.61,61,0.0210328857003706,0.02038513342295877,46
PAK,Pakistan,admin2,PK52022,Khyber Pakhtunkhwa,PK5342022,Tor Ghar,54,2026-03-16,2026-03-31,1.03,103,12.5,1250,7.594508474968337,2.2602280905188894,3067
PAK,Pakistan,admin2,PK62022,Punjab,PK6012022,Attock,54,2026-03-16,2026-03-31,2.34,234,44.25,4425,0.068639634567969,0.5326693707679101,6408
PAK,Pakistan,admin2,PK62022,Punjab,PK6022022,Bahawalnagar,54,2026-03-16,2026-03-31,29.96,2996,53.2,5320,0.467032276112895,0.5374175716586175,17933
PAK,Pakistan,admin2,PK62022,Punjab,PK6032022,Bahawalpur,54,2026-03-16,2026-03-31,22.52,2252,42.03,4203,0.3242207262590565,0.1530772158188898,13863
PAK,Pakistan,admin2,PK62022,Punjab,PK6042022,Bhakkar,54,2026-03-16,2026-03-31,11.03,1103,55.9,5590,0.2588457937537814,0.5598483700696821,4788
PAK,Pakistan,admin2,PK62022,Punjab,PK6052022,Chakwal,54,2026-03-16,2026-03-31,3.52,352,23.07,2307,0.1077709196550264,0.2977611435356053,5706
PAK,Pakistan,admin2,PK62022,Punjab,PK6062022,Chiniot,54,2026-03-16,2026-03-31,1.37,137,4.739999999999999,474,0.0598225123338661,0.15458195849880477,2457
PAK,Pakistan,admin2,PK62022,Punjab,PK6072022,Dera Ghazi Khan,54,2026-03-16,2026-03-31,72.1,7210,200.13,20013,1.5156533592485837,1.462041966271035,29477
PAK,Pakistan,admin2,PK62022,Punjab,PK6082022,Faisalabad,54,2026-03-16,2026-03-31,3.22,322,7.850000000000001,785,0.0647702552269894,0.112501654857613,4504
PAK,Pakistan,admin2,PK62022,Punjab,PK6092022,Gujranwala,54,2026-03-16,2026-03-31,40.21,4021,113.06,11306,1.12743648132897,2.636992797023486,59244
PAK,Pakistan,admin2,PK62022,Punjab,PK6102022,Gujrat,54,2026-03-16,2026-03-31,14.19,1419,50.449999999999996,5045,0.545315475653682,1.3358718541605388,22627
PAK,Pakistan,admin2,PK62022,Punjab,PK6112022,Hafizabad,54,2026-03-16,2026-03-31,20.8,2080,44.44,4444,0.880247417235582,1.649539699645547,17053
PAK,Pakistan,admin2,PK62022,Punjab,PK6122022,Jhang,54,2026-03-16,2026-03-31,70.08,7008,215.7,21570,1.339047082441695,2.8994467838562543,52185
PAK,Pakistan,admin2,PK62022,Punjab,PK6132022,Jhelum,54,2026-03-16,2026-03-31,16.57,1657,80.11,8011,1.010425507904805,1.8808976154009283,25275
PAK,Pakistan,admin2,PK62022,Punjab,PK6142022,Kasur,54,2026-03-16,2026-03-31,3.02,302,9.510000000000002,951,0.0823284640588576,0.20371637368305895,4584
PAK,Pakistan,admin2,PK62022,Punjab,PK6152022,Khanewal,54,2026-03-16,2026-03-31,18.54,1854,64.67,6467,0.4540566194591969,1.2767733665393939,23269
PAK,Pakistan,admin2,PK62022,Punjab,PK6162022,Khushab,54,2026-03-16,2026-03-31,33.46,3346,128.9,12890,1.043508761673706,1.6480999309883382,37969
PAK,Pakistan,admin2,PK62022,Punjab,PK6172022,Lahore,54,2026-03-16,2026-03-31,7.2,720,15.030000000000001,1503,0.7097704542043793,0.7388170464686639,28220
PAK,Pakistan,admin2,PK62022,Punjab,PK6182022,Leiah,54,2026-03-16,2026-03-31,75.13,7513,155.51,15551,1.6744724487285347,2.07256500064968,22706
PAK,Pakistan,admin2,PK62022,Punjab,PK6192022,Lodhran,54,2026-03-16,2026-03-31,2.29,229,2.82,282,0.0831760876304344,0.09157876752069528,1212
PAK,Pakistan,admin2,PK62022,Punjab,PK6202022,Mandi Bahauddin,54,2026-03-16,2026-03-31,38.36,3836,116.27,11627,1.5293511739604972,3.569086477167424,55007
PAK,Pakistan,admin2,PK62022,Punjab,PK6212022,Mianwali,54,2026-03-16,2026-03-31,68.95,6895,207.93,20793,1.921341073940955,2.928411962673176,27382
PAK,Pakistan,admin2,PK62022,Punjab,PK6222022,Multan,54,2026-03-16,2026-03-31,25.85,2585,91.83000000000001,9183,0.8810577692139906,2.173851652222505,36161
PAK,Pakistan,admin2,PK62022,Punjab,PK6232022,Muzaffargarh,54,2026-03-16,2026-03-31,117.63,11763,349.80999999999995,34981,2.075955700985807,3.9250489375134348,103221
PAK,Pakistan,admin2,PK62022,Punjab,PK6242022,Nankana Sahib,54,2026-03-16,2026-03-31,7.13,713,13.22,1322,0.3300689160804747,0.5124279549719452,4166
PAK,Pakistan,admin2,PK62022,Punjab,PK6252022,Narowal,54,2026-03-16,2026-03-31,5.99,599,7.680000000000001,768,0.2416415661018581,0.27369443846723945,4493
PAK,Pakistan,admin2,PK62022,Punjab,PK6262022,Okara,54,2026-03-16,2026-03-31,15.59,1559,22.74,2274,0.3488918531441967,0.4392036842665472,7897
PAK,Pakistan,admin2,PK62022,Punjab,PK6272022,Pakpattan,54,2026-03-16,2026-03-31,7.35,735,13.43,1343,0.2485349169976919,0.40069042798988763,4779
PAK,Pakistan,admin2,PK62022,Punjab,PK6282022,Rahim Yar Khan,54,2026-03-16,2026-03-31,48.72,4872,179.54000000000002,17954,0.6998803326088947,1.2244756252345288,23413
PAK,Pakistan,admin2,PK62022,Punjab,PK6292022,Rajanpur,54,2026-03-16,2026-03-31,79.32,7932,179.95999999999998,17996,1.4493821731352663,1.2442965808386786,22463
PAK,Pakistan,admin2,PK62022,Punjab,PK6302022,Rawalpindi,54,2026-03-16,2026-03-31,1.07,107,21.11,2111,0.0470224873305116,0.33609746108979016,3384
PAK,Pakistan,admin2,PK62022,Punjab,PK6312022,Sahiwal,54,2026-03-16,2026-03-31,0.55,55,2.04,204,0.0175966223317937,0.05423712414374121,2922
PAK,Pakistan,admin2,PK62022,Punjab,PK6322022,Sargodha,54,2026-03-16,2026-03-31,37.84,3784,104.12,10412,0.8012265146124328,1.5043673176055772,37877
PAK,Pakistan,admin2,PK62022,Punjab,PK6332022,Sheikhupura,54,2026-03-16,2026-03-31,15.11,1511,24.189999999999998,2419,0.4226453674155053,0.5652797929012858,10364
PAK,Pakistan,admin2,PK62022,Punjab,PK6342022,Sialkot,54,2026-03-16,2026-03-31,13.93,1393,27.67,2767,0.4552652529047408,0.759168984085711,17560
PAK,Pakistan,admin2,PK62022,Punjab,PK6352022,Toba Tek Singh,54,2026-03-16,2026-03-31,2.03,203,3.6099999999999994,361,0.0729399905725433,0.10583102201968159,1482
PAK,Pakistan,admin2,PK62022,Punjab,PK6362022,Vehari,54,2026-03-16,2026-03-31,6.29,629,14.38,1438,0.1389568606067634,0.27581523073833186,4747
PAK,Pakistan,admin2,PK72022,Sindh,PK7012022,Badin,54,2026-03-16,2026-03-31,87.35,8735,233.24,23324,1.7526051060475878,3.208171395867196,36147
PAK,Pakistan,admin2,PK72022,Sindh,PK7032022,Dadu,54,2026-03-16,2026-03-31,47,4700,97.68,9768,1.3949809945624396,1.0824914136750134,23559
PAK,Pakistan,admin2,PK72022,Sindh,PK7052022,Ghotki,54,2026-03-16,2026-03-31,29.59,2959,147.67000000000002,14767,0.954941787841068,2.0433346246938378,13986
PAK,Pakistan,admin2,PK72022,Sindh,PK7062022,Hyderabad,54,2026-03-16,2026-03-31,23.52,2352,74.1,7410,4.525183897842018,6.544949415755319,199661
PAK,Pakistan,admin2,PK72022,Sindh,PK7072022,Jacobabad,54,2026-03-16,2026-03-31,39.02,3902,99.65,9965,1.5856629968047362,3.2509739616441657,17931
PAK,Pakistan,admin2,PK72022,Sindh,PK7082022,Jamshoro,54,2026-03-16,2026-03-31,35.69,3569,144.37,14437,2.2609193801802414,1.1530970437546528,27014
PAK,Pakistan,admin2,PK72022,Sindh,PK7092022,Kambar Shahdad Kot,54,2026-03-16,2026-03-31,71.65,7165,101.72,10172,2.087173011417881,1.616925165699205,6132
PAK,Pakistan,admin2,PK72022,Sindh,PK7102022,Kashmore,54,2026-03-16,2026-03-31,61.7,6170,220.89999999999998,22090,2.915630185014234,7.412358673600528,43653
PAK,Pakistan,admin2,PK72022,Sindh,PK7112022,Khairpur,54,2026-03-16,2026-03-31,57.58,5758,212.95999999999998,21296,1.794923743093429,1.1825695148845283,55610
PAK,Pakistan,admin2,PK72022,Sindh,PK7122022,Korangi Karachi,54,2026-03-16,2026-03-31,0,0,4.77,477,0,4.477837767792258,6805
PAK,Pakistan,admin2,PK72022,Sindh,PK7132022,Larkana,54,2026-03-16,2026-03-31,11.73,1173,57.03,5703,0.7625720952686486,2.6226050479770797,14677
PAK,Pakistan,admin2,PK72022,Sindh,PK7142022,Malir Karachi,54,2026-03-16,2026-03-31,2.24,224,213.89,21389,0.9057507082916628,7.071953608813124,35682
PAK,Pakistan,admin2,PK72022,Sindh,PK7152022,Matiari,54,2026-03-16,2026-03-31,36.44,3644,95.64,9564,3.2395350314425477,5.883180362168684,25940
PAK,Pakistan,admin2,PK72022,Sindh,PK7162022,Mirpur Khas,54,2026-03-16,2026-03-31,3.52,352,21.619999999999997,2162,0.1510292095471726,0.5737469541255008,3160
PAK,Pakistan,admin2,PK72022,Sindh,PK7172022,Naushahro Feroze,54,2026-03-16,2026-03-31,48.68,4868,137.93,13793,1.9328325206397516,4.035108969504653,31761
PAK,Pakistan,admin2,PK72022,Sindh,PK7182022,Sanghar,54,2026-03-16,2026-03-31,51.67,5167,366.07000000000005,36607,1.3128203548298083,3.2266457099122277,52452
PAK,Pakistan,admin2,PK72022,Sindh,PK7192022,Shaheed Benazir Abad,54,2026-03-16,2026-03-31,62.48,6248,202.60000000000002,20260,2.062006226812553,3.945568039107209,43028
PAK,Pakistan,admin2,PK72022,Sindh,PK7202022,Shikarpur,54,2026-03-16,2026-03-31,30.96,3096,77.68,7768,1.4385492758611362,2.6790365109002288,22681
PAK,Pakistan,admin2,PK72022,Sindh,PK7212022,South Karachi,54,2026-03-16,2026-03-31,0,0,26.66,2666,0,4.887876430043399,49142
PAK,Pakistan,admin2,PK72022,Sindh,PK7222022,Sujawal,54,2026-03-16,2026-03-31,126.62,12662,3057.7299999999996,305773,4.876391603419741,31.949702869676695,105925
PAK,Pakistan,admin2,PK72022,Sindh,PK7232022,Sukkur,54,2026-03-16,2026-03-31,16.84,1684,105.11,10511,1.0161194134107452,1.7933527670060794,27167
PAK,Pakistan,admin2,PK72022,Sindh,PK7242022,Tando Allahyar,54,2026-03-16,2026-03-31,7.92,792,17.15,1715,0.7379001960389939,0.9984758645215351,4600
PAK,Pakistan,admin2,PK72022,Sindh,PK7252022,Tando Muhammad Khan,54,2026-03-16,2026-03-31,19.25,1925,61.63,6163,1.3897752967982495,3.316561210783687,14759
PAK,Pakistan,admin2,PK72022,Sindh,PK7262022,Tharparkar,54,2026-03-16,2026-03-31,10.6,1060,402.12,40212,0.3077974067675619,1.8467502423300703,11412
PAK,Pakistan,admin2,PK72022,Sindh,PK7272022,Thatta,54,2026-03-16,2026-03-31,118.02,11802,1405.8899999999999,140589,5.931578099239749,16.661566752263738,89156
PAK,Pakistan,admin2,PK72022,Sindh,PK7282022,Umer Kot,54,2026-03-16,2026-03-31,6.45,645,13.97,1397,0.3361602473599847,0.22893846164227594,3613
PAK,Pakistan,admin2,PK72022,Sindh,PK7292022,West Karachi,54,2026-03-16,2026-03-31,0,0,0.11,11,0,0.42345950564688145,21
PAK,Pakistan,admin2,PK62022,Punjab,PK6252022,Narowal,53,2026-03-01,2026-03-15,11.44,1144,12.739999999999998,1274,0.4614990845083901,0.45401915964487377,7512
PAK,Pakistan,admin2,PK52022,Khyber Pakhtunkhwa,PK5252022,North Waziristan,53,2026-03-01,2026-03-15,0,0,1.73,173,0,0.033877067628056826,29
PAK,Pakistan,admin2,PK52022,Khyber Pakhtunkhwa,PK5242022,Mohmand,53,2026-03-01,2026-03-15,0.09,9,2.0300000000000002,203,0.0201236512879005,0.07453268481762505,409
PAK,Pakistan,admin2,PK52022,Khyber Pakhtunkhwa,PK5232022,Mardan,53,2026-03-01,2026-03-15,0.2,20,0.25,25,0.0237979481409113,0.013817417918414473,257
PAK,Pakistan,admin2,PK52022,Khyber Pakhtunkhwa,PK5222022,Mansehra,53,2026-03-01,2026-03-15,0.07,7,3.93,393,0.0204133841811482,0.09214566667245001,1124
PAK,Pakistan,admin2,PK52022,Khyber Pakhtunkhwa,PK5212022,Malakand,53,2026-03-01,2026-03-15,0,0,0.5700000000000001,57,0,0.06470296398335211,102
PAK,Pakistan,admin2,PK52022,Khyber Pakhtunkhwa,PK5202022,Lower Dir,53,2026-03-01,2026-03-15,0,0,0.44,44,0,0.029306861384030835,122
PAK,Pakistan,admin2,PK52022,Khyber Pakhtunkhwa,PK5192022,Lakki Marwat,53,2026-03-01,2026-03-15,0.67,67,1.7100000000000002,171,0.0513905992351418,0.04397731147920983,331
PAK,Pakistan,admin2,PK52022,Khyber Pakhtunkhwa,PK5182022,Kurram,53,2026-03-01,2026-03-15,0,0,0.29,29,0,0.00766364501424224,66
PAK,Pakistan,admin2,PK52022,Khyber Pakhtunkhwa,PK5172022,Kolai Palas Kohistan,53,2026-03-01,2026-03-15,0.01,1,1.7699999999999998,177,0.1018887374986514,0.1394129939211483,783
PAK,Pakistan,admin2,PK52022,Khyber Pakhtunkhwa,PK5162022,Kohistan Upper,53,2026-03-01,2026-03-15,0,0,6.5,650,0,0.1325537101235654,596
PAK,Pakistan,admin2,PK52022,Khyber Pakhtunkhwa,PK5152022,Kohistan Lower,53,2026-03-01,2026-03-15,0,0,0.56,56,0,0.06212840967716972,139
PAK,Pakistan,admin2,PK52022,Khyber Pakhtunkhwa,PK5142022,Kohat,53,2026-03-01,2026-03-15,0.23,23,15.52,1552,0.0345892198405888,0.375466811095272,1455
PAK,Pakistan,admin2,PK52022,Khyber Pakhtunkhwa,PK5132022,Khyber,53,2026-03-01,2026-03-15,0.26,26,2.39,239,0.1568253070156971,0.07197311595976119,810
PAK,Pakistan,admin2,PK52022,Khyber Pakhtunkhwa,PK5122022,Karak,53,2026-03-01,2026-03-15,0.07,7,1.9,190,0.017800045951043,0.06292219559475531,186
PAK,Pakistan,admin2,PK52022,Khyber Pakhtunkhwa,PK5112022,Haripur,53,2026-03-01,2026-03-15,1.43,143,72.33000000000001,7233,0.2849690156272273,3.0611100237542805,7811
PAK,Pakistan,admin2,PK52022,Khyber Pakhtunkhwa,PK5102022,Hangu,53,2026-03-01,2026-03-15,0.12,12,0.24,24,0.0409293969240621,0.0192058922170975,72
PAK,Pakistan,admin2,PK52022,Khyber Pakhtunkhwa,PK5092022,D. I. Khan,53,2026-03-01,2026-03-15,58.29,5829,179.18,17918,1.4051115851319982,1.681308079167937,21982
PAK,Pakistan,admin2,PK52022,Khyber Pakhtunkhwa,PK5082022,Chitral Upper,53,2026-03-01,2026-03-15,0,0,1.22,122,0,0.017857982269233564,86
PAK,Pakistan,admin2,PK52022,Khyber Pakhtunkhwa,PK5072022,Chitral Lower,53,2026-03-01,2026-03-15,0.02,2,3.01,301,0.0704067855574974,0.04526628642710826,429
PAK,Pakistan,admin2,PK52022,Khyber Pakhtunkhwa,PK5062022,Charsadda,53,2026-03-01,2026-03-15,2.99,299,7.51,751,0.5388396724233598,0.6198265657267972,9661
PAK,Pakistan,admin2,PK52022,Khyber Pakhtunkhwa,PK5052022,Buner,53,2026-03-01,2026-03-15,0.01,1,0.16,16,0.0022503058430382,0.008374929672656975,39
PAK,Pakistan,admin2,PK52022,Khyber Pakhtunkhwa,PK5042022,Batagram,53,2026-03-01,2026-03-15,0,0,1.48,148,0,0.09517297499069062,724
PAK,Pakistan,admin2,PK52022,Khyber Pakhtunkhwa,PK5032022,Bannu,53,2026-03-01,2026-03-15,1.37,137,4.970000000000001,497,0.2150373756317934,0.2050331459332375,454
PAK,Pakistan,admin2,PK52022,Khyber Pakhtunkhwa,PK5022022,Bajaur,53,2026-03-01,2026-03-15,0,0,0.7100000000000001,71,0,0.06262197536377795,155
PAK,Pakistan,admin2,PK52022,Khyber Pakhtunkhwa,PK5012022,Abbottabad,53,2026-03-01,2026-03-15,0,0,0.44,44,0,0.0427826131917556,52
PAK,Pakistan,admin2,PK42022,Islamabad,PK4012022,Islamabad,53,2026-03-01,2026-03-15,0.11,11,4.870000000000001,487,0.0415809168347568,0.45791601218926425,4733
PAK,Pakistan,admin2,PK32022,Gilgit Baltistan,PK3142022,Rondu,53,2026-03-01,2026-03-15,0.03,3,9.96,996,0.5408347944120807,0.5509697690536824,390
PAK,Pakistan,admin2,PK32022,Gilgit Baltistan,PK3132022,Gupis-Yasin,53,2026-03-01,2026-03-15,0,0,1.6099999999999999,161,0,0.023775429575191253,49
PAK,Pakistan,admin2,PK32022,Gilgit Baltistan,PK3122022,Tangir,53,2026-03-01,2026-03-15,0,0,0.31999999999999995,32,0,0.06274673365188009,14
PAK,Pakistan,admin2,PK32022,Gilgit Baltistan,PK3112022,Darel,53,2026-03-01,2026-03-15,0,0,0.28,28,0,0.0230244097116959,4
PAK,Pakistan,admin2,PK32022,Gilgit Baltistan,PK3102022,Shigar,53,2026-03-01,2026-03-15,0.01,1,6.3999999999999995,640,0.0516894336662403,0.15756375387186133,188
PAK,Pakistan,admin2,PK32022,Gilgit Baltistan,PK3092022,Kharmang,53,2026-03-01,2026-03-15,0,0,5.98,598,0,0.09979648166911581,266
PAK,Pakistan,admin2,PK32022,Gilgit Baltistan,PK3082022,Nagar,53,2026-03-01,2026-03-15,0,0,6.02,602,0,0.310121393808493,797
PAK,Pakistan,admin2,PK32022,Gilgit Baltistan,PK3072022,Skardu,53,2026-03-01,2026-03-15,0.19,19,32.49,3249,0.8327317727132103,1.564534107257099,2301
PAK,Pakistan,admin2,PK32022,Gilgit Baltistan,PK3062022,Hunza,53,2026-03-01,2026-03-15,0,0,7.029999999999999,703,0,0.05049305802910098,241
PAK,Pakistan,admin2,PK32022,Gilgit Baltistan,PK3052022,Gilgit,53,2026-03-01,2026-03-15,0.07,7,9.159999999999998,916,0.4246400669908363,0.23642949078019115,760
PAK,Pakistan,admin2,PK32022,Gilgit Baltistan,PK3042022,Ghizer,53,2026-03-01,2026-03-15,0,0,0.96,96,0,0.02686841185416325,35
PAK,Pakistan,admin2,PK32022,Gilgit Baltistan,PK3032022,Ghanche,53,2026-03-01,2026-03-15,0.01,1,18.67,1867,0.1085776330076004,0.1753601799233708,1497
PAK,Pakistan,admin2,PK32022,Gilgit Baltistan,PK3022022,Diamir,53,2026-03-01,2026-03-15,0,0,4.84,484,0,0.1299682733986564,95
PAK,Pakistan,admin2,PK32022,Gilgit Baltistan,PK3012022,Astore,53,2026-03-01,2026-03-15,0,0,5.94,594,0,0.14436561918339702,363
PAK,Pakistan,admin2,PK22022,Balochistan,PK2362022,Usta Muhammad,53,2026-03-01,2026-03-15,9.08,908,11.44,1144,0.9446844689001777,1.023877308808759,623
PAK,Pakistan,admin2,PK22022,Balochistan,PK2332022,Shaheed Sikandarabad,53,2026-03-01,2026-03-15,0.01,1,1.41,141,0.0035304784822874,0.03344818808220824,27
PAK,Pakistan,admin2,PK22022,Balochistan,PK2322022,Ziarat,53,2026-03-01,2026-03-15,0,0,0.16,16,0,0.007233420530326698,5
PAK,Pakistan,admin2,PK22022,Balochistan,PK2312022,Zhob,53,2026-03-01,2026-03-15,0,0,7.279999999999999,728,0,0.052718634883607667,203
PAK,Pakistan,admin2,PK22022,Balochistan,PK2302022,Washuk,53,2026-03-01,2026-03-15,0,0,17.11,1711,0,0.038855379553281014,33
PAK,Pakistan,admin2,PK22022,Balochistan,PK2292022,Sohbatpur,53,2026-03-01,2026-03-15,30.45,3045,83.78,8378,4.365402902274002,9.322431396092117,9965
PAK,Pakistan,admin2,PK22022,Balochistan,PK2272022,Sherani,53,2026-03-01,2026-03-15,0,0,12.850000000000001,1285,0,0.35949992498967054,284
PAK,Pakistan,admin2,PK22022,Balochistan,PK2262022,Quetta,53,2026-03-01,2026-03-15,0.04,4,0.92,92,0.0220772912981707,0.021716015061250402,126
PAK,Pakistan,admin2,PK22022,Balochistan,PK2232022,Nushki,53,2026-03-01,2026-03-15,0,0,27.23,2723,0,0.4166677092885517,478
PAK,Pakistan,admin2,PK22022,Balochistan,PK2222022,Nasirabad,53,2026-03-01,2026-03-15,1.75,175,3.02,302,0.0634553685652044,0.08200085318794477,423
PAK,Pakistan,admin2,PK22022,Balochistan,PK2212022,Musakhel,53,2026-03-01,2026-03-15,0,0,0.5700000000000001,57,0,0.014942587463996578,13
PAK,Pakistan,admin2,PK22022,Balochistan,PK2192022,Loralai,53,2026-03-01,2026-03-15,0,0,0.24,24,0,0.005876849636394415,7
PAK,Pakistan,admin2,PK22022,Balochistan,PK2172022,Lasbela,53,2026-03-01,2026-03-15,0.51,51,160.68,16068,0.0533183815007478,1.0248007540086836,1466
PAK,Pakistan,admin2,PK22022,Balochistan,PK2162022,Kohlu,53,2026-03-01,2026-03-15,0.02,2,2.2199999999999998,222,0.0067826851613201,0.024899972464879336,11
PAK,Pakistan,admin2,PK22022,Balochistan,PK2152022,Killa Saifullah,53,2026-03-01,2026-03-15,0.03,3,16.2,1620,0.0038160663977595,0.11216136370580884,175
PAK,Pakistan,admin2,PK22022,Balochistan,PK2142022,Killa Abdullah,53,2026-03-01,2026-03-15,0,0,0.4,40,0,0.012307233877152357,4
PAK,Pakistan,admin2,PK22022,Balochistan,PK2132022,Khuzdar,53,2026-03-01,2026-03-15,0.07,7,11.78,1178,0.0050906689492636,0.03364960530785119,109
PAK,Pakistan,admin2,PK22022,Balochistan,PK2122022,Kharan,53,2026-03-01,2026-03-15,0,0,4.92,492,0,0.05512162882207605,45
PAK,Pakistan,admin2,PK22022,Balochistan,PK2112022,Kech,53,2026-03-01,2026-03-15,0.02,2,26.51,2651,0.008293336954215,0.09717366240346959,538
PAK,Pakistan,admin2,PK22022,Balochistan,PK2102022,Kalat,53,2026-03-01,2026-03-15,0,0,2.14,214,0,0.019172028156370025,12
PAK,Pakistan,admin2,PK22022,Balochistan,PK2092022,Kachhi,53,2026-03-01,2026-03-15,0.33,33,3.3,330,0.0224064781162198,0.05373431661960443,134
PAK,Pakistan,admin2,PK22022,Balochistan,PK2082022,Jhal Magsi,53,2026-03-01,2026-03-15,10.01,1001,12.27,1227,0.5849379089973596,0.2785733341486449,545
PAK,Pakistan,admin2,PK22022,Balochistan,PK2072022_1,Jaffarabad,53,2026-03-01,2026-03-15,1,100,7.64,764,0.1396320875194211,0.9388224327384467,1179
PAK,Pakistan,admin2,PK22022,Balochistan,PK2052022,Gwadar,53,2026-03-01,2026-03-15,0.58,58,228.87,22887,2.2275203436315354,1.7786664150199651,2235
PAK,Pakistan,admin2,PK22022,Balochistan,PK2042022,Dera Bugti,53,2026-03-01,2026-03-15,6.95,695,17.57,1757,1.1585834510548254,0.1488140938151863,1960
PAK,Pakistan,admin2,PK22022,Balochistan,PK2032022,Chagai,53,2026-03-01,2026-03-15,0.01,1,98.14,9814,0.003872886106621,0.19237593218694915,254
PAK,Pakistan,admin2,PK22022,Balochistan,PK2012022,Awaran,53,2026-03-01,2026-03-15,0.86,86,13.489999999999998,1349,0.3084962222928401,0.04829086703783495,100
PAK,Pakistan,admin2,PK12022,Azad Kashmir,PK1082022,Neelum,53,2026-03-01,2026-03-15,0,0,0.5,50,0,0.02152443801971389,31
PAK,Pakistan,admin2,PK12022,Azad Kashmir,PK1072022,Muzaffarabad,53,2026-03-01,2026-03-15,0.01,1,1.24,124,0.0608915962433467,0.07525616011654855,526
PAK,Pakistan,admin2,PK12022,Azad Kashmir,PK1062022,Mirpur,53,2026-03-01,2026-03-15,5,500,48.1,4810,2.047231805407968,4.473524470932013,8648
PAK,Pakistan,admin2,PK12022,Azad Kashmir,PK1052022,Kotli,53,2026-03-01,2026-03-15,0.18,18,4.69,469,0.1009007202860568,0.24410379474192734,2388
PAK,Pakistan,admin2,PK12022,Azad Kashmir,PK1042022,Haveli,53,2026-03-01,2026-03-15,0,0,0.37,37,0,0.05645417856357935,57
PAK,Pakistan,admin2,PK12022,Azad Kashmir,PK1032022,Jhelum Valley,53,2026-03-01,2026-03-15,0,0,0.24,24,0,0.02987567618125578,37
PAK,Pakistan,admin2,PK12022,Azad Kashmir,PK1022022,Bhimber,53,2026-03-01,2026-03-15,0,0,0.16,16,0,0.0205769535699198,25
PAK,Pakistan,admin2,PK62022,Punjab,PK6292022,Rajanpur,53,2026-03-01,2026-03-15,90.7,9070,207.53,20753,1.6573242953021767,1.4349237020529617,24625
PAK,Pakistan,admin2,PK62022,Punjab,PK6282022,Rahim Yar Khan,53,2026-03-01,2026-03-15,55.32,5532,210.56,21056,0.7946917077160109,1.4360342411127456,29795
PAK,Pakistan,admin2,PK62022,Punjab,PK6272022,Pakpattan,53,2026-03-01,2026-03-15,6.94,694,9.74,974,0.2346710644848954,0.3024301701619936,3406
PAK,Pakistan,admin2,PK62022,Punjab,PK6262022,Okara,53,2026-03-01,2026-03-15,20.2,2020,28.08,2808,0.4520600021496327,0.5423391299356136,9922
PAK,Pakistan,admin2,PK62022,Punjab,PK6242022,Nankana Sahib,53,2026-03-01,2026-03-15,17.2,1720,24.15,2415,0.796239180446587,0.9360919147180395,8003
PAK,Pakistan,admin2,PK62022,Punjab,PK6232022,Muzaffargarh,53,2026-03-01,2026-03-15,128.25,12825,359.5,35950,2.263379398549943,4.033775744078443,103403
PAK,Pakistan,admin2,PK62022,Punjab,PK6222022,Multan,53,2026-03-01,2026-03-15,29.97,2997,85.02000000000001,8502,1.0214816767250792,2.0126414839590256,32890
PAK,Pakistan,admin2,PK62022,Punjab,PK6212022,Mianwali,53,2026-03-01,2026-03-15,60.9,6090,194.87,19487,1.6970220653082548,2.7444795804651654,25451
PAK,Pakistan,admin2,PK62022,Punjab,PK6202022,Mandi Bahauddin,53,2026-03-01,2026-03-15,41.93,4193,124.78999999999999,12479,1.6716813014641203,3.8306209812137517,60966
PAK,Pakistan,admin2,PK62022,Punjab,PK6192022,Lodhran,53,2026-03-01,2026-03-15,3.19,319,3.3099999999999996,331,0.1158653797122645,0.11288105732151021,1556
PAK,Pakistan,admin2,PK62022,Punjab,PK6182022,Leiah,53,2026-03-01,2026-03-15,80.15,8015,153.49,15349,1.786356538873846,2.0456433795236277,25216
PAK,Pakistan,admin2,PK62022,Punjab,PK6172022,Lahore,53,2026-03-01,2026-03-15,9.2,920,14.239999999999997,1424,0.9069289137055958,0.6999836820834178,30008
PAK,Pakistan,admin2,PK62022,Punjab,PK6162022,Khushab,53,2026-03-01,2026-03-15,57.19,5719,185.92,18592,1.783570414827234,2.3771508081408212,53512
PAK,Pakistan,admin2,PK62022,Punjab,PK6152022,Khanewal,53,2026-03-01,2026-03-15,24.91,2491,60.34,6034,0.6100620491223623,1.1912866079633064,21241
PAK,Pakistan,admin2,PK62022,Punjab,PK6142022,Kasur,53,2026-03-01,2026-03-15,8.14,814,14.000000000000002,1400,0.221905197827517,0.3158821231263929,5664
PAK,Pakistan,admin2,PK62022,Punjab,PK6132022,Jhelum,53,2026-03-01,2026-03-15,34.36,3436,139.17000000000002,13917,2.095245651877435,3.2675636142222855,39313
PAK,Pakistan,admin2,PK62022,Punjab,PK6122022,Jhang,53,2026-03-01,2026-03-15,105.46,10546,255.56,25556,2.015067142041969,3.4352462683463347,60305
PAK,Pakistan,admin2,PK62022,Punjab,PK6112022,Hafizabad,53,2026-03-01,2026-03-15,39.63,3963,61.99000000000001,6199,1.6771252473579863,2.3009668312562437,20675
PAK,Pakistan,admin2,PK62022,Punjab,PK6102022,Gujrat,53,2026-03-01,2026-03-15,14.92,1492,43.28,4328,0.5733690554441815,1.146016528207495,17314
PAK,Pakistan,admin2,PK62022,Punjab,PK6092022,Gujranwala,53,2026-03-01,2026-03-15,61.92,6192,126.6,12660,1.7361568496366528,2.952797524351435,65825
PAK,Pakistan,admin2,PK62022,Punjab,PK6082022,Faisalabad,53,2026-03-01,2026-03-15,6.48,648,11.060000000000002,1106,0.1303451098977925,0.1585055162707262,5793
PAK,Pakistan,admin2,PK62022,Punjab,PK6072022,Dera Ghazi Khan,53,2026-03-01,2026-03-15,91.24,9124,219.2,21920,1.9180057211905792,1.601357112909663,37665
PAK,Pakistan,admin2,PK62022,Punjab,PK6062022,Chiniot,53,2026-03-01,2026-03-15,0.81,81,2.73,273,0.0353695145915558,0.08903138116070389,1618
PAK,Pakistan,admin2,PK62022,Punjab,PK6052022,Chakwal,53,2026-03-01,2026-03-15,1.63,163,21.229999999999997,2123,0.0499052838175264,0.27401253044043766,5725
PAK,Pakistan,admin2,PK62022,Punjab,PK6042022,Bhakkar,53,2026-03-01,2026-03-15,13.13,1313,60.35,6035,0.3081274045319265,0.6044159057907927,5793
PAK,Pakistan,admin2,PK62022,Punjab,PK6032022,Bahawalpur,53,2026-03-01,2026-03-15,20.83,2083,40.06,4006,0.2998897747769159,0.1459022904045855,13084
PAK,Pakistan,admin2,PK62022,Punjab,PK6022022,Bahawalnagar,53,2026-03-01,2026-03-15,70.2,7020,104.59000000000002,10459,1.094314612253846,1.0565508236799777,40113
PAK,Pakistan,admin2,PK62022,Punjab,PK6012022,Attock,53,2026-03-01,2026-03-15,2.55,255,48.55,4855,0.0747996017727868,0.5844315921080688,6735
PAK,Pakistan,admin2,PK52022,Khyber Pakhtunkhwa,PK5352022,Upper Dir,53,2026-03-01,2026-03-15,0,0,0.28,28,0,0.007698759073254323,23
PAK,Pakistan,admin2,PK52022,Khyber Pakhtunkhwa,PK5342022,Tor Ghar,53,2026-03-01,2026-03-15,1.6,160,18.54,1854,11.797294718397415,3.352370303857616,5160
PAK,Pakistan,admin2,PK52022,Khyber Pakhtunkhwa,PK5332022,Tank,53,2026-03-01,2026-03-15,0.3,30,0.72,72,0.0420657714007412,0.022251212088118717,146
PAK,Pakistan,admin2,PK52022,Khyber Pakhtunkhwa,PK5322022,Swat,53,2026-03-01,2026-03-15,0.04,4,0.16,16,0.0121929891985655,0.039829125243074595,382
PAK,Pakistan,admin2,PK52022,Khyber Pakhtunkhwa,PK5312022,Swabi,53,2026-03-01,2026-03-15,0.2,20,15.790000000000001,1579,0.0216244306202616,0.8806037020676301,6795
PAK,Pakistan,admin2,PK52022,Khyber Pakhtunkhwa,PK5302022,South Waziristan,53,2026-03-01,2026-03-15,0,0,20.29,2029,0,0.4065836445331347,479
PAK,Pakistan,admin2,PK52022,Khyber Pakhtunkhwa,PK5292022,Shangla,53,2026-03-01,2026-03-15,0.66,66,3.79,379,1.7395115104396528,0.22704891293035354,1659
PAK,Pakistan,admin2,PK52022,Khyber Pakhtunkhwa,PK5282022,Peshawar,53,2026-03-01,2026-03-15,1.55,155,3.6100000000000003,361,0.2348528246719235,0.19412386808788118,7121
PAK,Pakistan,admin2,PK52022,Khyber Pakhtunkhwa,PK5262022,Nowshera,53,2026-03-01,2026-03-15,3.56,356,9.86,986,0.7158630778989613,0.4728850730910524,5428
PAK,Pakistan,admin2,PK72022,Sindh,PK7052022,Ghotki,53,2026-03-01,2026-03-15,47.15,4715,201.28,20128,1.5216460052959226,2.785145210661445,23507
PAK,Pakistan,admin2,PK72022,Sindh,PK7032022,Dadu,53,2026-03-01,2026-03-15,67.24,6724,127.1,12710,1.9957132356250729,1.4085243517413406,33302
PAK,Pakistan,admin2,PK72022,Sindh,PK7012022,Badin,53,2026-03-01,2026-03-15,100.48,10048,270.25,27025,2.016047636584564,3.7172368364479063,41756
PAK,Pakistan,admin2,PK62022,Punjab,PK6362022,Vehari,53,2026-03-01,2026-03-15,7.82,782,14.76,1476,0.1727571780516518,0.2831038112446299,5091
PAK,Pakistan,admin2,PK62022,Punjab,PK6352022,Toba Tek Singh,53,2026-03-01,2026-03-15,5.7,570,7.22,722,0.2048068700805405,0.21166204403936334,3695
PAK,Pakistan,admin2,PK62022,Punjab,PK6342022,Sialkot,53,2026-03-01,2026-03-15,13.03,1303,24.24,2424,0.4258511303193663,0.6650616615192495,19388
PAK,Pakistan,admin2,PK62022,Punjab,PK6332022,Sheikhupura,53,2026-03-01,2026-03-15,29.27,2927,35.89,3589,0.8187180611682223,0.838689200794839,17737
PAK,Pakistan,admin2,PK62022,Punjab,PK6322022,Sargodha,53,2026-03-01,2026-03-15,34.39,3439,101.71,10171,0.728175999934502,1.46954667569788,32877
PAK,Pakistan,admin2,PK62022,Punjab,PK6312022,Sahiwal,53,2026-03-01,2026-03-15,0.23,23,1.08,108,0.0073585875205682,0.028845967727541617,2489
PAK,Pakistan,admin2,PK62022,Punjab,PK6302022,Rawalpindi,53,2026-03-01,2026-03-15,2.04,204,33.129999999999995,3313,0.0896503496768633,0.5274708141120213,5749
PAK,Pakistan,admin2,PK72022,Sindh,PK7292022,West Karachi,53,2026-03-01,2026-03-15,0,0,0.27,27,0,0.18251367858506168,138
PAK,Pakistan,admin2,PK72022,Sindh,PK7282022,Umer Kot,53,2026-03-01,2026-03-15,6.63,663,15.42,1542,0.3455414635653796,0.2527008646044305,4919
PAK,Pakistan,admin2,PK72022,Sindh,PK7272022,Thatta,53,2026-03-01,2026-03-15,109.71,10971,1229.72,122972,5.513925040396482,14.573730424566476,81390
PAK,Pakistan,admin2,PK72022,Sindh,PK7262022,Tharparkar,53,2026-03-01,2026-03-15,12.91,1291,427.73,42773,0.3748740114499269,1.9643650680191016,12517
PAK,Pakistan,admin2,PK72022,Sindh,PK7252022,Tando Muhammad Khan,53,2026-03-01,2026-03-15,23.28,2328,66.27000000000001,6627,1.6807256576344547,3.5662585013570496,15505
PAK,Pakistan,admin2,PK72022,Sindh,PK7242022,Tando Allahyar,53,2026-03-01,2026-03-15,11.01,1101,23.8,2380,1.0257930755542073,1.3856399752543753,6234
PAK,Pakistan,admin2,PK72022,Sindh,PK7232022,Sukkur,53,2026-03-01,2026-03-15,30.02,3002,141.23000000000002,14123,1.8113957714127416,2.4096205050353783,43739
PAK,Pakistan,admin2,PK72022,Sindh,PK7222022,Sujawal,53,2026-03-01,2026-03-15,146.92,14692,2084,208400,5.658185550264004,21.77536302433708,88973
PAK,Pakistan,admin2,PK72022,Sindh,PK7212022,South Karachi,53,2026-03-01,2026-03-15,0.02,2,24.85,2485,0.1204995770701118,4.421482344213526,44955
PAK,Pakistan,admin2,PK72022,Sindh,PK7202022,Shikarpur,53,2026-03-01,2026-03-15,56.79,5679,130.44,13044,2.6387342821755144,4.498629280147088,34437
PAK,Pakistan,admin2,PK72022,Sindh,PK7192022,Shaheed Benazir Abad,53,2026-03-01,2026-03-15,73.98,7398,244.46,24446,2.4415368223366305,4.760777704048116,51178
PAK,Pakistan,admin2,PK72022,Sindh,PK7182022,Sanghar,53,2026-03-01,2026-03-15,51.34,5134,415.6,41560,1.3044357851163608,3.663217300077913,60283
PAK,Pakistan,admin2,PK72022,Sindh,PK7172022,Naushahro Feroze,53,2026-03-01,2026-03-15,73.19,7319,189.97,18997,2.905998606935567,5.557526650741671,50317
PAK,Pakistan,admin2,PK72022,Sindh,PK7162022,Mirpur Khas,53,2026-03-01,2026-03-15,3.44,344,22.619999999999997,2262,0.1475967275120096,0.6002847410878274,3171
PAK,Pakistan,admin2,PK72022,Sindh,PK7152022,Matiari,53,2026-03-01,2026-03-15,35.35,3535,92.03,9203,3.1426334621705285,5.661115524157088,25939
PAK,Pakistan,admin2,PK72022,Sindh,PK7142022,Malir Karachi,53,2026-03-01,2026-03-15,3.16,316,205.49,20549,1.2777554634828814,6.79422014622006,38155
PAK,Pakistan,admin2,PK72022,Sindh,PK7132022,Larkana,53,2026-03-01,2026-03-15,21.11,2111,85.5,8550,1.372369729848352,3.931838183448015,22956
PAK,Pakistan,admin2,PK72022,Sindh,PK7122022,Korangi Karachi,53,2026-03-01,2026-03-15,0,0,4.949999999999999,495,0,4.646812777897626,5661
PAK,Pakistan,admin2,PK72022,Sindh,PK7112022,Khairpur,53,2026-03-01,2026-03-15,104.48,10448,357.20000000000005,35720,3.2569231100799145,1.9835360195189407,85182
PAK,Pakistan,admin2,PK72022,Sindh,PK7102022,Kashmore,53,2026-03-01,2026-03-15,96.15,9615,299.9,29990,4.543563084102408,10.063224835730187,65550
PAK,Pakistan,admin2,PK72022,Sindh,PK7092022,Kambar Shahdad Kot,53,2026-03-01,2026-03-15,113.31,11331,161.43,16143,3.300733760275786,2.545315912346058,14429
PAK,Pakistan,admin2,PK72022,Sindh,PK7082022,Jamshoro,53,2026-03-01,2026-03-15,33.12,3312,138.87,13887,2.0981129131849143,1.109168015974293,21541
PAK,Pakistan,admin2,PK72022,Sindh,PK7072022,Jacobabad,53,2026-03-01,2026-03-15,61.18,6118,141.8,14180,2.486183038044945,4.626072330769119,26839
PAK,Pakistan,admin2,PK72022,Sindh,PK7062022,Hyderabad,53,2026-03-01,2026-03-15,21.2,2120,67.47999999999999,6748,4.078822220843996,5.960126650872881,141088
PAK,Pakistan,admin2,PK12022,Azad Kashmir,PK1022022,Bhimber,52,2026-02-16,2026-02-28,0.15,15,0.25,25,0.0424551484942351,0.022031592024266314,188
PAK,Pakistan,admin2,PK12022,Azad Kashmir,PK1032022,Jhelum Valley,52,2026-02-16,2026-02-28,0.02,2,2.01,201,0.1456972183258532,0.24600511074357628,253
PAK,Pakistan,admin2,PK12022,Azad Kashmir,PK1042022,Haveli,52,2026-02-16,2026-02-28,0,0,0.96,96,0,0.1464757065433414,116
PAK,Pakistan,admin2,PK12022,Azad Kashmir,PK1052022,Kotli,52,2026-02-16,2026-02-28,0.12,12,5.82,582,0.0672671468573712,0.3029177154366774,2211
PAK,Pakistan,admin2,PK12022,Azad Kashmir,PK1062022,Mirpur,52,2026-02-16,2026-02-28,19,1900,78.1,7810,7.779480860550277,7.263664473592309,15976
PAK,Pakistan,admin2,PK12022,Azad Kashmir,PK1072022,Muzaffarabad,52,2026-02-16,2026-02-28,0,0,2.9299999999999997,293,0,0.17961322252372658,895
PAK,Pakistan,admin2,PK12022,Azad Kashmir,PK1082022,Neelum,52,2026-02-16,2026-02-28,0,0,3.81,381,0,0.12950133780726844,194
PAK,Pakistan,admin2,PK22022,Balochistan,PK2012022,Awaran,52,2026-02-16,2026-02-28,1.01,101,16.830000000000002,1683,0.3623037029253122,0.06024724182703932,112
PAK,Pakistan,admin2,PK22022,Balochistan,PK2032022,Chagai,52,2026-02-16,2026-02-28,0,0,349.28999999999996,34929,0,0.6881585846846157,1005
PAK,Pakistan,admin2,PK22022,Balochistan,PK2042022,Dera Bugti,52,2026-02-16,2026-02-28,6.09,609,16.56,1656,1.0152191679027174,0.14025961261123995,1862
PAK,Pakistan,admin2,PK22022,Balochistan,PK2052022,Gwadar,52,2026-02-16,2026-02-28,0.66,66,242.17999999999998,24218,2.534764528960024,1.8821052666995897,2381
PAK,Pakistan,admin2,PK22022,Balochistan,PK2062022,Harnai,52,2026-02-16,2026-02-28,0,0,2.94,294,0,0.0848111509524792,36
PAK,Pakistan,admin2,PK22022,Balochistan,PK2072022_1,Jaffarabad,52,2026-02-16,2026-02-28,1.14,114,8.629999999999999,863,0.15918057977214,1.0604761249388472,1333
PAK,Pakistan,admin2,PK22022,Balochistan,PK2082022,Jhal Magsi,52,2026-02-16,2026-02-28,9.6,960,11.540000000000001,1154,0.560979413224241,0.26249681111466416,490
PAK,Pakistan,admin2,PK22022,Balochistan,PK2092022,Kachhi,52,2026-02-16,2026-02-28,0.4,40,3.91,391,0.0271593674135998,0.06366702363110713,150
PAK,Pakistan,admin2,PK22022,Balochistan,PK2102022,Kalat,52,2026-02-16,2026-02-28,0,0,5.62,562,0,0.0503489711396261,44
PAK,Pakistan,admin2,PK22022,Balochistan,PK2112022,Kech,52,2026-02-16,2026-02-28,0.08,8,40.06,4006,0.0331733478168603,0.14684183009743468,669
PAK,Pakistan,admin2,PK22022,Balochistan,PK2122022,Kharan,52,2026-02-16,2026-02-28,0,0,20.360000000000003,2036,0,0.22810495179216828,178
PAK,Pakistan,admin2,PK22022,Balochistan,PK2132022,Khuzdar,52,2026-02-16,2026-02-28,0.18,18,18.099999999999998,1810,0.0130902915838209,0.05170270425060338,180
PAK,Pakistan,admin2,PK22022,Balochistan,PK2142022,Killa Abdullah,52,2026-02-16,2026-02-28,0.02,2,0.8900000000000001,89,0.0096494962395345,0.025741992955643108,8
PAK,Pakistan,admin2,PK22022,Balochistan,PK2152022,Killa Saifullah,52,2026-02-16,2026-02-28,0.08,8,18.09,1809,0.010176177060692,0.12471489374219133,242
PAK,Pakistan,admin2,PK22022,Balochistan,PK2172022,Lasbela,52,2026-02-16,2026-02-28,0.58,58,169.16,16916,0.0606365907263406,1.0788853345040386,1461
PAK,Pakistan,admin2,PK22022,Balochistan,PK2202022,Mastung,52,2026-02-16,2026-02-28,0,0,0.49,49,0,0.010403208807520502,2
PAK,Pakistan,admin2,PK22022,Balochistan,PK2212022,Musakhel,52,2026-02-16,2026-02-28,0,0,3.57,357,0,0.053367015804058254,86
PAK,Pakistan,admin2,PK22022,Balochistan,PK2222022,Nasirabad,52,2026-02-16,2026-02-28,5.16,516,6.170000000000001,617,0.1871026867408312,0.16767745616327168,725
PAK,Pakistan,admin2,PK22022,Balochistan,PK2232022,Nushki,52,2026-02-16,2026-02-28,0,0,59.14,5914,0,0.9049477902065715,1048
PAK,Pakistan,admin2,PK22022,Balochistan,PK2242022,Panjgur,52,2026-02-16,2026-02-28,0,0,0.74,74,0,0.0037879947922157004,10
PAK,Pakistan,admin2,PK22022,Balochistan,PK2262022,Quetta,52,2026-02-16,2026-02-28,0.03,3,2.59,259,0.016557968473628,0.061135303270259594,181
PAK,Pakistan,admin2,PK22022,Balochistan,PK2272022,Sherani,52,2026-02-16,2026-02-28,0,0,13.920000000000002,1392,0,0.38943493819891295,354
PAK,Pakistan,admin2,PK72022,Sindh,PK7292022,West Karachi,52,2026-02-16,2026-02-28,0,0,0.11,11,0,0.42345950564688145,21
PAK,Pakistan,admin2,PK72022,Sindh,PK7282022,Umer Kot,52,2026-02-16,2026-02-28,6.97,697,16.84,1684,0.3632615386200145,0.27597163164323024,5334
PAK,Pakistan,admin2,PK72022,Sindh,PK7272022,Thatta,52,2026-02-16,2026-02-28,120.05,12005,1303.8799999999999,130388,6.033604057055853,15.452619804495118,85107
PAK,Pakistan,admin2,PK72022,Sindh,PK7262022,Tharparkar,52,2026-02-16,2026-02-28,14.23,1423,459.34000000000003,45934,0.4132034998398496,2.1095351047246957,13342
PAK,Pakistan,admin2,PK72022,Sindh,PK7252022,Tando Muhammad Khan,52,2026-02-16,2026-02-28,32.33,3233,87.65,8765,2.3341005374279176,4.716803344559309,20558
PAK,Pakistan,admin2,PK72022,Sindh,PK7242022,Tando Allahyar,52,2026-02-16,2026-02-28,9.42,942,22.339999999999996,2234,0.8776540210463791,1.3006385313942328,6085
PAK,Pakistan,admin2,PK72022,Sindh,PK7232022,Sukkur,52,2026-02-16,2026-02-28,34.89,3489,146.91,14691,2.105249782298153,2.5065308248583684,47967
PAK,Pakistan,admin2,PK72022,Sindh,PK7222022,Sujawal,52,2026-02-16,2026-02-28,181.19,18119,2333.18,233318,6.977992375798632,24.379002639694242,104932
PAK,Pakistan,admin2,PK72022,Sindh,PK7212022,South Karachi,52,2026-02-16,2026-02-28,0,0,26.98,2698,0,4.948087834726286,49486
PAK,Pakistan,admin2,PK72022,Sindh,PK7202022,Shikarpur,52,2026-02-16,2026-02-28,59.21,5921,135.46,13546,2.751179025314531,4.671759600496203,33111
PAK,Pakistan,admin2,PK72022,Sindh,PK7192022,Shaheed Benazir Abad,52,2026-02-16,2026-02-28,72.95,7295,239.59,23959,2.407544082041865,4.665936063621403,50437
PAK,Pakistan,admin2,PK72022,Sindh,PK7182022,Sanghar,52,2026-02-16,2026-02-28,51.75,5175,418.51,41851,1.314852977790644,3.6888668726073326,57204
PAK,Pakistan,admin2,PK72022,Sindh,PK7172022,Naushahro Feroze,52,2026-02-16,2026-02-28,71.68,7168,167.08,16708,2.846044270325747,4.887885207169124,48645
PAK,Pakistan,admin2,PK72022,Sindh,PK7162022,Mirpur Khas,52,2026-02-16,2026-02-28,3.87,387,22.310000000000002,2231,0.1660463184510108,0.5920580271295063,3093
PAK,Pakistan,admin2,PK72022,Sindh,PK7152022,Matiari,52,2026-02-16,2026-02-28,40.4,4040,99.88,9988,3.5915810996234607,6.143998897672606,30032
PAK,Pakistan,admin2,PK72022,Sindh,PK7142022,Malir Karachi,52,2026-02-16,2026-02-28,3.32,332,204.02999999999997,20403,1.3424519426465715,6.745947425340789,38192
PAK,Pakistan,admin2,PK72022,Sindh,PK7132022,Larkana,52,2026-02-16,2026-02-28,34.81,3481,85.74000000000001,8574,2.263012330460499,3.9428749222085715,31184
PAK,Pakistan,admin2,PK72022,Sindh,PK7122022,Korangi Karachi,52,2026-02-16,2026-02-28,0,0,5.2700000000000005,527,0,4.947212795862725,7802
PAK,Pakistan,admin2,PK72022,Sindh,PK7112022,Khairpur,52,2026-02-16,2026-02-28,90.78,9078,296.95000000000005,29695,2.8298571969090225,1.6489670240653675,72896
PAK,Pakistan,admin2,PK72022,Sindh,PK7102022,Kashmore,52,2026-02-16,2026-02-28,110.26,11026,320.05,32005,5.210330376007607,10.739363483412626,68292
PAK,Pakistan,admin2,PK72022,Sindh,PK7092022,Kambar Shahdad Kot,52,2026-02-16,2026-02-28,121.93,12193,173.15,17315,3.551835384259347,2.730108717231741,13290
PAK,Pakistan,admin2,PK72022,Sindh,PK7082022,Jamshoro,52,2026-02-16,2026-02-28,34.81,3481,140.78000000000003,14078,2.2051724187188064,1.1244233692580181,20831
PAK,Pakistan,admin2,PK72022,Sindh,PK7072022,Jacobabad,52,2026-02-16,2026-02-28,73.03,7303,161.13,16113,2.967733691866988,5.256692769089056,30529
PAK,Pakistan,admin2,PK72022,Sindh,PK7062022,Hyderabad,52,2026-02-16,2026-02-28,22.35,2235,75.84,7584,4.300079086597326,6.698518156523406,145081
PAK,Pakistan,admin2,PK72022,Sindh,PK7052022,Ghotki,52,2026-02-16,2026-02-28,43.38,4338,197.91000000000003,19791,1.3999788697717312,2.738513953905041,22606
PAK,Pakistan,admin2,PK72022,Sindh,PK7032022,Dadu,52,2026-02-16,2026-02-28,92.82,9282,159.54000000000002,15954,2.7549390620273537,1.7680249809348039,46591
PAK,Pakistan,admin2,PK72022,Sindh,PK7012022,Badin,52,2026-02-16,2026-02-28,129.06,12906,329.44,32944,2.589481568248445,4.5313839163715,51378
PAK,Pakistan,admin2,PK62022,Punjab,PK6362022,Vehari,52,2026-02-16,2026-02-28,5.41,541,11.81,1181,0.1195161551482655,0.22652140994573705,3926
PAK,Pakistan,admin2,PK62022,Punjab,PK6352022,Toba Tek Singh,52,2026-02-16,2026-02-28,3.16,316,4.56,456,0.1135420542902645,0.126599792188205,1570
PAK,Pakistan,admin2,PK62022,Punjab,PK6342022,Sialkot,52,2026-02-16,2026-02-28,17.53,1753,29.160000000000004,2916,0.5729217432462388,0.8000494245008795,16768
PAK,Pakistan,admin2,PK62022,Punjab,PK6332022,Sheikhupura,52,2026-02-16,2026-02-28,31.23,3123,36.25,3625,0.8735416826198695,0.8471017979607942,16006
PAK,Pakistan,admin2,PK62022,Punjab,PK6322022,Sargodha,52,2026-02-16,2026-02-28,28.64,2864,97.19,9719,0.6064251421379512,1.4042399116220328,29002
PAK,Pakistan,admin2,PK62022,Punjab,PK6312022,Sahiwal,52,2026-02-16,2026-02-28,4.56,456,6.289999999999999,629,0.1458919960599625,0.16723113277653567,5657
PAK,Pakistan,admin2,PK62022,Punjab,PK6302022,Rawalpindi,52,2026-02-16,2026-02-28,3.14,314,47.480000000000004,4748,0.1379912245026229,0.7559406656818224,8429
PAK,Pakistan,admin2,PK62022,Punjab,PK6292022,Rajanpur,52,2026-02-16,2026-02-28,85.37,8537,199.29000000000002,19929,1.5599313681361282,1.3779499088427447,23807
PAK,Pakistan,admin2,PK62022,Punjab,PK6282022,Rahim Yar Khan,52,2026-02-16,2026-02-28,50.98,5098,203.78,20378,0.7323460459031497,1.389794156791201,26693
PAK,Pakistan,admin2,PK62022,Punjab,PK6272022,Pakpattan,52,2026-02-16,2026-02-28,3.79,379,6.8,680,0.1281561000573132,0.20288122936196837,2570
PAK,Pakistan,admin2,PK62022,Punjab,PK6262022,Okara,52,2026-02-16,2026-02-28,28.43,2843,37.05,3705,0.6362408842135671,0.7155863519983788,14828
PAK,Pakistan,admin2,PK62022,Punjab,PK6252022,Narowal,52,2026-02-16,2026-02-28,7.84,784,8.440000000000001,844,0.3162720998728828,0.31153199018973926,4037
PAK,Pakistan,admin2,PK62022,Punjab,PK6242022,Nankana Sahib,52,2026-02-16,2026-02-28,19.52,1952,27.07,2707,0.9036388838556614,1.0492756990234915,10658
PAK,Pakistan,admin2,PK62022,Punjab,PK6232022,Muzaffargarh,52,2026-02-16,2026-02-28,137.08,13708,380.76,38076,2.419212849537826,4.272323928554402,106758
PAK,Pakistan,admin2,PK62022,Punjab,PK6222022,Multan,52,2026-02-16,2026-02-28,26.5,2650,86.00999999999999,8601,0.9032120264669536,2.0360773233982097,34578
PAK,Pakistan,admin2,PK62022,Punjab,PK6212022,Mianwali,52,2026-02-16,2026-02-28,83.95,8395,239.26000000000002,23926,2.339326804312446,3.3696525089654408,33598
PAK,Pakistan,admin2,PK62022,Punjab,PK6202022,Mandi Bahauddin,52,2026-02-16,2026-02-28,35.47,3547,116.59,11659,1.414131546933755,3.578909369338179,58560
PAK,Pakistan,admin2,PK62022,Punjab,PK6182022,Leiah,52,2026-02-16,2026-02-28,73.5,7350,154.57999999999998,15458,1.638143550932348,2.060170392903527,22423
PAK,Pakistan,admin2,PK62022,Punjab,PK6172022,Lahore,52,2026-02-16,2026-02-28,7.58,758,12.019999999999998,1202,0.7472305615096104,0.5908570125451321,24941
PAK,Pakistan,admin2,PK62022,Punjab,PK6162022,Khushab,52,2026-02-16,2026-02-28,58.7,5870,190.64,19064,1.83066241214126,2.437500161703776,54484
PAK,Pakistan,admin2,PK62022,Punjab,PK6152022,Khanewal,52,2026-02-16,2026-02-28,15.31,1531,46.849999999999994,4685,0.3749518254541696,0.9249548820530477,16245
PAK,Pakistan,admin2,PK62022,Punjab,PK6142022,Kasur,52,2026-02-16,2026-02-28,8.31,831,14.01,1401,0.2265395815659295,0.30011213410091014,8010
PAK,Pakistan,admin2,PK62022,Punjab,PK6132022,Jhelum,52,2026-02-16,2026-02-28,38.92,3892,158.39,15839,2.3733108489834045,3.7188287767239183,46916
PAK,Pakistan,admin2,PK62022,Punjab,PK6122022,Jhang,52,2026-02-16,2026-02-28,111.57,11157,263.09999999999997,26310,2.131813398801654,3.5365992064560987,63025
PAK,Pakistan,admin2,PK62022,Punjab,PK6112022,Hafizabad,52,2026-02-16,2026-02-28,28,2800,50.17,5017,1.184948446278668,1.8622278742398086,19640
PAK,Pakistan,admin2,PK62022,Punjab,PK6102022,Gujrat,52,2026-02-16,2026-02-28,14.88,1488,49.21,4921,0.5718318729899076,1.303037739211895,21216
PAK,Pakistan,admin2,PK62022,Punjab,PK6092022,Gujranwala,52,2026-02-16,2026-02-28,40.79,4079,108.64999999999999,10865,1.1436989324399074,2.5341346842083996,57955
PAK,Pakistan,admin2,PK62022,Punjab,PK6082022,Faisalabad,52,2026-02-16,2026-02-28,4.86,486,9.99,999,0.0977588324233443,0.1562316656088801,5935
PAK,Pakistan,admin2,PK62022,Punjab,PK6072022,Dera Ghazi Khan,52,2026-02-16,2026-02-28,79.87,7987,213.89000000000001,21389,1.6789907600996448,1.5625651135047804,32052
PAK,Pakistan,admin2,PK62022,Punjab,PK6062022,Chiniot,52,2026-02-16,2026-02-28,2.31,231,6.2,620,0.1008686156870297,0.2021958106946392,1744
PAK,Pakistan,admin2,PK62022,Punjab,PK6052022,Chakwal,52,2026-02-16,2026-02-28,2.44,244,25.67,2567,0.0747048420335978,0.33131896638747227,6516
PAK,Pakistan,admin2,PK62022,Punjab,PK6042022,Bhakkar,52,2026-02-16,2026-02-28,9.94,994,55.78,5578,0.2332662910165537,0.5586465488816972,4621
PAK,Pakistan,admin2,PK62022,Punjab,PK6032022,Bahawalpur,52,2026-02-16,2026-02-28,22.09,2209,37.199999999999996,3720,0.3180300107931864,0.13548590122442752,12379
PAK,Pakistan,admin2,PK62022,Punjab,PK6022022,Bahawalnagar,52,2026-02-16,2026-02-28,62.94,6294,96.6,9660,0.9811419044908416,0.9758371695906475,36003
PAK,Pakistan,admin2,PK62022,Punjab,PK6012022,Attock,52,2026-02-16,2026-02-28,4.27,427,63.44,6344,0.1252526664979606,0.7636733306557341,9309
PAK,Pakistan,admin2,PK52022,Khyber Pakhtunkhwa,PK5352022,Upper Dir,52,2026-02-16,2026-02-28,0.02,2,8.819999999999999,882,0.0201430870110265,0.21415440346815254,1102
PAK,Pakistan,admin2,PK52022,Khyber Pakhtunkhwa,PK5342022,Tor Ghar,52,2026-02-16,2026-02-28,1.98,198,29.11,2911,14.599152214016804,5.26361917720039,9567
PAK,Pakistan,admin2,PK52022,Khyber Pakhtunkhwa,PK5332022,Tank,52,2026-02-16,2026-02-28,0.4,40,0.98,98,0.0560876952009882,0.03480682407633843,82
PAK,Pakistan,admin2,PK52022,Khyber Pakhtunkhwa,PK5322022,Swat,52,2026-02-16,2026-02-28,0.04,4,2.5,250,0.0121929891985655,0.04788902294727036,1615
PAK,Pakistan,admin2,PK52022,Khyber Pakhtunkhwa,PK5312022,Swabi,52,2026-02-16,2026-02-28,0.13,13,15.34,1534,0.01405587990317,0.8555073331043334,6963
PAK,Pakistan,admin2,PK52022,Khyber Pakhtunkhwa,PK5302022,South Waziristan,52,2026-02-16,2026-02-28,0.01,1,21.42,2142,0.0051060026166761,0.29061186255053245,512
PAK,Pakistan,admin2,PK52022,Khyber Pakhtunkhwa,PK5292022,Shangla,52,2026-02-16,2026-02-28,0.88,88,7.449999999999999,745,2.319348680586204,0.44372065379677805,3005
PAK,Pakistan,admin2,PK52022,Khyber Pakhtunkhwa,PK5282022,Peshawar,52,2026-02-16,2026-02-28,1.03,103,2.93,293,0.1560634899432782,0.16007192749524735,2992
PAK,Pakistan,admin2,PK52022,Khyber Pakhtunkhwa,PK5272022,Orakzai,52,2026-02-16,2026-02-28,0,0,0.7999999999999999,80,0,0.053797879783363235,61
PAK,Pakistan,admin2,PK52022,Khyber Pakhtunkhwa,PK5262022,Nowshera,52,2026-02-16,2026-02-28,3.02,302,11.059999999999999,1106,0.6072771054086694,0.5304370089642029,6055
PAK,Pakistan,admin2,PK52022,Khyber Pakhtunkhwa,PK5252022,North Waziristan,52,2026-02-16,2026-02-28,0.01,1,3.0200000000000005,302,0.0065350080380598,0.051264079265649555,65
PAK,Pakistan,admin2,PK52022,Khyber Pakhtunkhwa,PK5242022,Mohmand,52,2026-02-16,2026-02-28,0.15,15,8.9,890,0.0335394188131675,0.3236161090751836,1591
PAK,Pakistan,admin2,PK52022,Khyber Pakhtunkhwa,PK5232022,Mardan,52,2026-02-16,2026-02-28,0.61,61,1.72,172,0.0725837418297794,0.10162429969075475,1807
PAK,Pakistan,admin2,PK52022,Khyber Pakhtunkhwa,PK5222022,Mansehra,52,2026-02-16,2026-02-28,0.33,33,6.529999999999999,653,0.0962345254254131,0.15310717643030516,2109
PAK,Pakistan,admin2,PK52022,Khyber Pakhtunkhwa,PK5212022,Malakand,52,2026-02-16,2026-02-28,0,0,2.9499999999999997,295,0,0.33486621710682246,472
PAK,Pakistan,admin2,PK52022,Khyber Pakhtunkhwa,PK5202022,Lower Dir,52,2026-02-16,2026-02-28,0.07,7,1.9000000000000001,190,0.0179527507737786,0.0969495877751552,769
PAK,Pakistan,admin2,PK52022,Khyber Pakhtunkhwa,PK5192022,Lakki Marwat,52,2026-02-16,2026-02-28,0.48,48,2.9000000000000004,290,0.0368171457206986,0.07458140543257812,507
PAK,Pakistan,admin2,PK52022,Khyber Pakhtunkhwa,PK5182022,Kurram,52,2026-02-16,2026-02-28,0.01,1,2.6099999999999994,261,0.0037035606177016,0.06437910284985104,383
PAK,Pakistan,admin2,PK52022,Khyber Pakhtunkhwa,PK5172022,Kolai Palas Kohistan,52,2026-02-16,2026-02-28,0,0,4.1499999999999995,415,0,0.32941882394880523,1690
PAK,Pakistan,admin2,PK52022,Khyber Pakhtunkhwa,PK5162022,Kohistan Upper,52,2026-02-16,2026-02-28,0,0,10.530000000000001,1053,0,0.21473701040017595,955
PAK,Pakistan,admin2,PK52022,Khyber Pakhtunkhwa,PK5152022,Kohistan Lower,52,2026-02-16,2026-02-28,0,0,0.37000000000000005,37,0,0.04112043891089195,200
PAK,Pakistan,admin2,PK52022,Khyber Pakhtunkhwa,PK5142022,Kohat,52,2026-02-16,2026-02-28,0.21,21,24.35,2435,0.031581461593581,0.5890861372532136,2240
PAK,Pakistan,admin2,PK52022,Khyber Pakhtunkhwa,PK5132022,Khyber,52,2026-02-16,2026-02-28,0.11,11,8.870000000000001,887,0.0663491683527949,0.27042934473972025,1044
PAK,Pakistan,admin2,PK52022,Khyber Pakhtunkhwa,PK5122022,Karak,52,2026-02-16,2026-02-28,0.02,2,4.4,440,0.0050857274145837,0.14228402122542796,433
PAK,Pakistan,admin2,PK52022,Khyber Pakhtunkhwa,PK5112022,Haripur,52,2026-02-16,2026-02-28,1.9,190,82.25,8225,0.3786301606235887,3.480938745386279,9314
PAK,Pakistan,admin2,PK52022,Khyber Pakhtunkhwa,PK5102022,Hangu,52,2026-02-16,2026-02-28,0.01,1,0.44,44,0.0034107830770051,0.02941383496243232,82
PAK,Pakistan,admin2,PK52022,Khyber Pakhtunkhwa,PK5092022,D. I. Khan,52,2026-02-16,2026-02-28,45.16,4516,173.42000000000002,17342,1.0886059218487054,1.627260001614598,18391
PAK,Pakistan,admin2,PK52022,Khyber Pakhtunkhwa,PK5082022,Chitral Upper,52,2026-02-16,2026-02-28,0.21,21,10.86,1086,0.9536784741144414,0.15835546276540602,954
PAK,Pakistan,admin2,PK52022,Khyber Pakhtunkhwa,PK5072022,Chitral Lower,52,2026-02-16,2026-02-28,0.02,2,8.559999999999999,856,0.0704067855574974,0.12873070160001607,816
PAK,Pakistan,admin2,PK52022,Khyber Pakhtunkhwa,PK5062022,Charsadda,52,2026-02-16,2026-02-28,0.64,64,4.390000000000001,439,0.1153369198498161,0.36983857633903333,3808
PAK,Pakistan,admin2,PK52022,Khyber Pakhtunkhwa,PK5052022,Buner,52,2026-02-16,2026-02-28,0.02,2,0.49,49,0.0045006116860765,0.025648222122512145,173
PAK,Pakistan,admin2,PK52022,Khyber Pakhtunkhwa,PK5042022,Batagram,52,2026-02-16,2026-02-28,0.03,3,4.109999999999999,411,0.0644316872511168,0.24653723452052892,2181
PAK,Pakistan,admin2,PK52022,Khyber Pakhtunkhwa,PK5032022,Bannu,52,2026-02-16,2026-02-28,1.33,133,5.92,592,0.2087589121096973,0.24422459233898697,365
PAK,Pakistan,admin2,PK52022,Khyber Pakhtunkhwa,PK5022022,Bajaur,52,2026-02-16,2026-02-28,0,0,2.21,221,0,0.19492192331542182,525
PAK,Pakistan,admin2,PK52022,Khyber Pakhtunkhwa,PK5012022,Abbottabad,52,2026-02-16,2026-02-28,0,0,0.93,93,0,0.05181201007855552,159
PAK,Pakistan,admin2,PK42022,Islamabad,PK4012022,Islamabad,52,2026-02-16,2026-02-28,0.14,14,5.390000000000001,539,0.0529211668805996,0.5068105350513618,4699
PAK,Pakistan,admin2,PK32022,Gilgit Baltistan,PK3142022,Rondu,52,2026-02-16,2026-02-28,0.04,4,21.880000000000003,2188,0.7211130592161076,1.2103633079211422,793
PAK,Pakistan,admin2,PK32022,Gilgit Baltistan,PK3132022,Gupis-Yasin,52,2026-02-16,2026-02-28,0.02,2,1.9600000000000002,196,0.0570776255707762,0.028786332456694076,222
PAK,Pakistan,admin2,PK32022,Gilgit Baltistan,PK3122022,Tangir,52,2026-02-16,2026-02-28,0,0,0.28,28,0,0.030346053387377978,10
PAK,Pakistan,admin2,PK32022,Gilgit Baltistan,PK3112022,Darel,52,2026-02-16,2026-02-28,0,0,3.0199999999999996,302,0,0.1849780837841418,57
PAK,Pakistan,admin2,PK32022,Gilgit Baltistan,PK3102022,Shigar,52,2026-02-16,2026-02-28,0.01,1,12.009999999999998,1201,0.0516894336662403,0.11421288987308643,263
PAK,Pakistan,admin2,PK32022,Gilgit Baltistan,PK3092022,Kharmang,52,2026-02-16,2026-02-28,0.02,2,9.89,989,1.0416666666666663,0.16498167342397302,509
PAK,Pakistan,admin2,PK32022,Gilgit Baltistan,PK3082022,Nagar,52,2026-02-16,2026-02-28,0,0,6.59,659,0,0.33948504737507806,786
PAK,Pakistan,admin2,PK32022,Gilgit Baltistan,PK3072022,Skardu,52,2026-02-16,2026-02-28,0.29,29,34.650000000000006,3465,1.271011653088584,1.668547455107987,2546
PAK,Pakistan,admin2,PK32022,Gilgit Baltistan,PK3062022,Hunza,52,2026-02-16,2026-02-28,0.01,1,66.39,6639,0.7842051849801643,0.4660674412026848,441
PAK,Pakistan,admin2,PK32022,Gilgit Baltistan,PK3052022,Gilgit,52,2026-02-16,2026-02-28,0.11,11,28.279999999999998,2828,0.6672915338427429,0.7299373361641711,1629
PAK,Pakistan,admin2,PK32022,Gilgit Baltistan,PK3042022,Ghizer,52,2026-02-16,2026-02-28,0.27,27,9.969999999999999,997,1.4684303471339482,0.2733591956604446,639
PAK,Pakistan,admin2,PK32022,Gilgit Baltistan,PK3032022,Ghanche,52,2026-02-16,2026-02-28,0.01,1,23.580000000000002,2358,0.1085776330076004,0.22147793479341701,1793
PAK,Pakistan,admin2,PK32022,Gilgit Baltistan,PK3022022,Diamir,52,2026-02-16,2026-02-28,0,0,19.75,1975,0,0.45872716162667776,321
PAK,Pakistan,admin2,PK32022,Gilgit Baltistan,PK3012022,Astore,52,2026-02-16,2026-02-28,0,0,15.620000000000001,1562,0,0.37962810970448885,902
PAK,Pakistan,admin2,PK22022,Balochistan,PK2362022,Usta Muhammad,52,2026-02-16,2026-02-28,2.8,280,4.68,468,0.2913123912908036,0.4188588990581286,175
PAK,Pakistan,admin2,PK22022,Balochistan,PK2332022,Shaheed Sikandarabad,52,2026-02-16,2026-02-28,0.07,7,1.9300000000000002,193,0.0247133493760121,0.04578369006997305,36
PAK,Pakistan,admin2,PK22022,Balochistan,PK2322022,Ziarat,52,2026-02-16,2026-02-28,0,0,1.24,124,0,0.0353967116119076,40
PAK,Pakistan,admin2,PK22022,Balochistan,PK2312022,Zhob,52,2026-02-16,2026-02-28,0,0,8.76,876,0,0.06353437278824793,236
PAK,Pakistan,admin2,PK22022,Balochistan,PK2302022,Washuk,52,2026-02-16,2026-02-28,0,0,68.02,6802,0,0.15446671798731806,166
PAK,Pakistan,admin2,PK22022,Balochistan,PK2292022,Sohbatpur,52,2026-02-16,2026-02-28,39.09,3909,98.56,9856,5.604059095234507,10.96704271185055,12059
PAK,Pakistan,admin2,PK22022,Balochistan,PK2282022,Sibi,52,2026-02-16,2026-02-28,0,0,4.78,478,0,0.09458868889694093,27
PAK,Pakistan,admin2,PK62022,Punjab,PK6312022,Sahiwal,51,2026-02-01,2026-02-15,6.55,655,10.57,1057,0.2095597750422707,0.28102274617614975,7547
PAK,Pakistan,admin2,PK62022,Punjab,PK6302022,Rawalpindi,51,2026-02-01,2026-02-15,3.29,329,52.3,5230,0.1445831619788629,0.8326810618188564,9090
PAK,Pakistan,admin2,PK62022,Punjab,PK6292022,Rajanpur,51,2026-02-01,2026-02-15,95.55,9555,201.70999999999998,20171,1.7459463772450163,1.3946825034505992,31900
PAK,Pakistan,admin2,PK62022,Punjab,PK6282022,Rahim Yar Khan,51,2026-02-01,2026-02-15,73.07,7307,226.14999999999998,22615,1.049676845314695,1.5423591547665625,36199
PAK,Pakistan,admin2,PK62022,Punjab,PK6272022,Pakpattan,51,2026-02-01,2026-02-15,13.57,1357,18.95,1895,0.45885970389914,0.565382249471956,6580
PAK,Pakistan,admin2,PK62022,Punjab,PK6262022,Okara,51,2026-02-01,2026-02-15,28.19,2819,37.2,3720,0.6308698742870368,0.7184834627352146,16050
PAK,Pakistan,admin2,PK62022,Punjab,PK6252022,Narowal,51,2026-02-01,2026-02-15,26.97,2697,29.919999999999998,2992,1.087992159894343,1.0622734118503623,16053
PAK,Pakistan,admin2,PK62022,Punjab,PK6242022,Nankana Sahib,51,2026-02-01,2026-02-15,39.11,3911,52.83,5283,1.810518276003838,2.0477737413894,20954
PAK,Pakistan,admin2,PK62022,Punjab,PK6232022,Muzaffargarh,51,2026-02-01,2026-02-15,130.96,13096,372.96,37296,2.3112059729754426,4.184803898502074,114459
PAK,Pakistan,admin2,PK62022,Punjab,PK6222022,Multan,51,2026-02-01,2026-02-15,25.61,2561,92.82000000000001,9282,0.8728777357667427,2.1972874916616885,38350
PAK,Pakistan,admin2,PK62022,Punjab,PK6212022,Mianwali,51,2026-02-01,2026-02-15,121.38,12138,296.09000000000003,29609,3.382340530166108,4.170025960794021,43377
PAK,Pakistan,admin2,PK62022,Punjab,PK6202022,Mandi Bahauddin,51,2026-02-01,2026-02-15,36.57,3657,121.16,12116,1.457986768293415,3.7192296190019647,54794
PAK,Pakistan,admin2,PK62022,Punjab,PK6192022,Lodhran,51,2026-02-01,2026-02-15,1.53,153,1.84,184,0.0555717965391112,0.05975352207024091,624
PAK,Pakistan,admin2,PK62022,Punjab,PK6182022,Leiah,51,2026-02-01,2026-02-15,73.47,7347,149.98,14998,1.637474920911559,1.9988637309333095,23605
PAK,Pakistan,admin2,PK62022,Punjab,PK6172022,Lahore,51,2026-02-01,2026-02-15,20.74,2074,38.050000000000004,3805,2.0445332250276147,1.8703917909602579,119442
PAK,Pakistan,admin2,PK62022,Punjab,PK6162022,Khushab,51,2026-02-01,2026-02-15,26.22,2622,105.16,10516,0.8177166685918881,1.3445631399746596,31190
PAK,Pakistan,admin2,PK62022,Punjab,PK6152022,Khanewal,51,2026-02-01,2026-02-15,27.01,2701,65.95,6595,0.6614924105497794,1.3020442790053044,25077
PAK,Pakistan,admin2,PK62022,Punjab,PK6142022,Kasur,51,2026-02-01,2026-02-15,19.77,1977,26.34,2634,0.5389515676965616,0.5642365176458227,10997
PAK,Pakistan,admin2,PK62022,Punjab,PK6132022,Jhelum,51,2026-02-01,2026-02-15,16.65,1665,110.3,11030,1.015303844696138,2.5897267130036505,28231
PAK,Pakistan,admin2,PK62022,Punjab,PK6122022,Jhang,51,2026-02-01,2026-02-15,123.42,12342,252.01000000000002,25201,2.3582361717316496,3.387517939796085,76746
PAK,Pakistan,admin2,PK62022,Punjab,PK6112022,Hafizabad,51,2026-02-01,2026-02-15,77.74,7774,112.55999999999999,11256,3.289924721917988,4.178042047527066,38485
PAK,Pakistan,admin2,PK62022,Punjab,PK6102022,Gujrat,51,2026-02-01,2026-02-15,18.83,1883,67.28,6728,0.7236286403494596,1.7815155272134997,32402
PAK,Pakistan,admin2,PK62022,Punjab,PK6092022,Gujranwala,51,2026-02-01,2026-02-15,82.92,8292,152.38,15238,2.3249697346878437,3.554085993370235,86383
PAK,Pakistan,admin2,PK62022,Punjab,PK6082022,Faisalabad,51,2026-02-01,2026-02-15,14.67,1467,28.21,2821,0.2950868460186135,0.40428938643735873,15707
PAK,Pakistan,admin2,PK62022,Punjab,PK6072022,Dera Ghazi Khan,51,2026-02-01,2026-02-15,88.54,8854,206.81,20681,1.861247551010674,1.510846862604906,39402
PAK,Pakistan,admin2,PK62022,Punjab,PK6062022,Chiniot,51,2026-02-01,2026-02-15,18.73,1873,62.95,6295,0.8178654423454838,2.052939723101217,24447
PAK,Pakistan,admin2,PK62022,Punjab,PK6052022,Chakwal,51,2026-02-01,2026-02-15,3.97,397,27.849999999999998,2785,0.1215484519972883,0.35945591016326855,6593
PAK,Pakistan,admin2,PK62022,Punjab,PK6042022,Bhakkar,51,2026-02-01,2026-02-15,13.37,1337,59.22,5922,0.3137595886208574,0.5930987562706006,5888
PAK,Pakistan,admin2,PK62022,Punjab,PK6032022,Bahawalpur,51,2026-02-01,2026-02-15,38.48,3848,63.5,6350,0.5539970491318159,0.23127297655245074,20918
PAK,Pakistan,admin2,PK62022,Punjab,PK6022022,Bahawalnagar,51,2026-02-01,2026-02-15,87.3,8730,130.60999999999999,13061,1.3608784280592705,1.3194005457581213,49215
PAK,Pakistan,admin2,PK62022,Punjab,PK6012022,Attock,51,2026-02-01,2026-02-15,6.75,675,64.36,6436,0.1979989458691415,0.7747480384773494,11525
PAK,Pakistan,admin2,PK52022,Khyber Pakhtunkhwa,PK5352022,Upper Dir,51,2026-02-01,2026-02-15,0,0,1.8399999999999999,184,0,0.05037467777035357,253
PAK,Pakistan,admin2,PK52022,Khyber Pakhtunkhwa,PK5342022,Tor Ghar,51,2026-02-01,2026-02-15,2.21,221,33.43,3343,16.295013329786432,6.044754005283717,12080
PAK,Pakistan,admin2,PK52022,Khyber Pakhtunkhwa,PK5332022,Tank,51,2026-02-01,2026-02-15,5.65,565,11.95,1195,0.7922386947139596,0.36142285211727376,1848
PAK,Pakistan,admin2,PK52022,Khyber Pakhtunkhwa,PK5322022,Swat,51,2026-02-01,2026-02-15,0.07,7,1.5300000000000002,153,0.0213377310974897,0.03564102426137449,2007
PAK,Pakistan,admin2,PK52022,Khyber Pakhtunkhwa,PK5312022,Swabi,51,2026-02-01,2026-02-15,1.95,195,16.15,1615,0.2108381985475508,0.9006807972382664,8524
PAK,Pakistan,admin2,PK52022,Khyber Pakhtunkhwa,PK5302022,South Waziristan,51,2026-02-01,2026-02-15,0,0,23.74,2374,0,0.3308799415820933,641
PAK,Pakistan,admin2,PK52022,Khyber Pakhtunkhwa,PK5292022,Shangla,51,2026-02-01,2026-02-15,1.04,104,4.16,416,2.741048440692786,0.24776884829457663,1589
PAK,Pakistan,admin2,PK52022,Khyber Pakhtunkhwa,PK5282022,Peshawar,51,2026-02-01,2026-02-15,1.09,109,3.33,333,0.1651545670273527,0.1790671691780179,4694
PAK,Pakistan,admin2,PK52022,Khyber Pakhtunkhwa,PK5272022,Orakzai,51,2026-02-01,2026-02-15,0.02,2,4.02,402,0.0137110448380739,0.246185464183281,535
PAK,Pakistan,admin2,PK52022,Khyber Pakhtunkhwa,PK5262022,Nowshera,51,2026-02-01,2026-02-15,5.02,502,15.709999999999999,1571,1.009447373891232,0.7534507604726607,8536
PAK,Pakistan,admin2,PK52022,Khyber Pakhtunkhwa,PK5252022,North Waziristan,51,2026-02-01,2026-02-15,0.73,73,5.24,524,0.4770555867783714,0.08894826998410717,511
PAK,Pakistan,admin2,PK52022,Khyber Pakhtunkhwa,PK5242022,Mohmand,51,2026-02-01,2026-02-15,0.24,24,12.059999999999999,1206,0.053663070101068,0.438518008477159,2341
PAK,Pakistan,admin2,PK52022,Khyber Pakhtunkhwa,PK5232022,Mardan,51,2026-02-01,2026-02-15,2.17,217,4.419999999999999,442,0.2582077373288876,0.22254547358677834,3800
PAK,Pakistan,admin2,PK52022,Khyber Pakhtunkhwa,PK5222022,Mansehra,51,2026-02-01,2026-02-15,0.37,37,4.91,491,0.1078993163860693,0.11512346650425694,1170
PAK,Pakistan,admin2,PK52022,Khyber Pakhtunkhwa,PK5212022,Malakand,51,2026-02-01,2026-02-15,0,0,2.18,218,0,0.2545092291529403,323
PAK,Pakistan,admin2,PK52022,Khyber Pakhtunkhwa,PK5202022,Lower Dir,51,2026-02-01,2026-02-15,0.09,9,1.8100000000000003,181,0.0230821081377153,0.09235723888054254,1138
PAK,Pakistan,admin2,PK52022,Khyber Pakhtunkhwa,PK5192022,Lakki Marwat,51,2026-02-01,2026-02-15,2.9,290,10.36,1036,0.2224369220625543,0.2605864246053085,2402
PAK,Pakistan,admin2,PK52022,Khyber Pakhtunkhwa,PK5182022,Kurram,51,2026-02-01,2026-02-15,0.01,1,3.92,392,0.0037035606177016,0.09659635458345525,473
PAK,Pakistan,admin2,PK52022,Khyber Pakhtunkhwa,PK5172022,Kolai Palas Kohistan,51,2026-02-01,2026-02-15,0,0,1.66,166,0,0.16163989381026506,846
PAK,Pakistan,admin2,PK52022,Khyber Pakhtunkhwa,PK5162022,Kohistan Upper,51,2026-02-01,2026-02-15,0,0,7.069999999999999,707,0,0.14417765085747797,674
PAK,Pakistan,admin2,PK52022,Khyber Pakhtunkhwa,PK5152022,Kohistan Lower,51,2026-02-01,2026-02-15,0,0,0.12000000000000001,12,0,0.03256230547081841,86
PAK,Pakistan,admin2,PK52022,Khyber Pakhtunkhwa,PK5142022,Kohat,51,2026-02-01,2026-02-15,0.71,71,29.17,2917,0.1067754177687741,0.7056937422454311,3719
PAK,Pakistan,admin2,PK52022,Khyber Pakhtunkhwa,PK5132022,Khyber,51,2026-02-01,2026-02-15,0.38,38,20.29,2029,0.2292062179460189,0.6186033150810513,3014
PAK,Pakistan,admin2,PK52022,Khyber Pakhtunkhwa,PK5122022,Karak,51,2026-02-01,2026-02-15,0.15,15,6.4399999999999995,644,0.0381429556093778,0.20825206742994462,790
PAK,Pakistan,admin2,PK52022,Khyber Pakhtunkhwa,PK5112022,Haripur,51,2026-02-01,2026-02-15,2,200,77.3,7730,0.3985580638143039,3.2714475990074083,7831
PAK,Pakistan,admin2,PK52022,Khyber Pakhtunkhwa,PK5102022,Hangu,51,2026-02-01,2026-02-15,0,0,0.28,28,0,0.025221287656945545,64
PAK,Pakistan,admin2,PK52022,Khyber Pakhtunkhwa,PK5092022,D. I. Khan,51,2026-02-01,2026-02-15,55.86,5586,186.41,18641,1.346535137167154,1.7491496765135344,20599
PAK,Pakistan,admin2,PK52022,Khyber Pakhtunkhwa,PK5072022,Chitral Lower,51,2026-02-01,2026-02-15,0,0,1.45,145,0,0.0219448791759463,120
PAK,Pakistan,admin2,PK52022,Khyber Pakhtunkhwa,PK5062022,Charsadda,51,2026-02-01,2026-02-15,1.26,126,7.040000000000001,704,0.2270695609543255,0.5930896531723909,6321
PAK,Pakistan,admin2,PK52022,Khyber Pakhtunkhwa,PK5052022,Buner,51,2026-02-01,2026-02-15,0.01,1,0.89,89,0.0022503058430382,0.0465855463041545,181
PAK,Pakistan,admin2,PK52022,Khyber Pakhtunkhwa,PK5042022,Batagram,51,2026-02-01,2026-02-15,0,0,3.37,337,0,0.20946229941855096,1802
PAK,Pakistan,admin2,PK52022,Khyber Pakhtunkhwa,PK5032022,Bannu,51,2026-02-01,2026-02-15,3.64,364,12.76,1276,0.5713401805107505,0.5264030064603845,5325
PAK,Pakistan,admin2,PK52022,Khyber Pakhtunkhwa,PK5022022,Bajaur,51,2026-02-01,2026-02-15,0.04,4,1.6800000000000002,168,0.0077433519148474,0.10179600565210177,769
PAK,Pakistan,admin2,PK52022,Khyber Pakhtunkhwa,PK5012022,Abbottabad,51,2026-02-01,2026-02-15,0,0,2.9699999999999998,297,0,0.15767750805454392,950
PAK,Pakistan,admin2,PK12022,Azad Kashmir,PK1022022,Bhimber,51,2026-02-01,2026-02-15,0.15,15,0.5700000000000001,57,0.0424551484942351,0.041645124232691746,302
PAK,Pakistan,admin2,PK12022,Azad Kashmir,PK1032022,Jhelum Valley,51,2026-02-01,2026-02-15,0,0,0.16,16,0,0.019877047792656175,22
PAK,Pakistan,admin2,PK12022,Azad Kashmir,PK1042022,Haveli,51,2026-02-01,2026-02-15,0,0,0.16,16,0,0.024412617757223514,37
PAK,Pakistan,admin2,PK12022,Azad Kashmir,PK1052022,Kotli,51,2026-02-01,2026-02-15,0.15,15,5.8,580,0.084083933571714,0.3018767610880977,1258
PAK,Pakistan,admin2,PK12022,Azad Kashmir,PK1062022,Mirpur,51,2026-02-01,2026-02-15,29.49,2949,88.07,8807,12.074573188296194,8.190921001143083,13659
PAK,Pakistan,admin2,PK12022,Azad Kashmir,PK1072022,Muzaffarabad,51,2026-02-01,2026-02-15,0.01,1,2.4799999999999995,248,0.0608915962433467,0.1505123202330971,795
PAK,Pakistan,admin2,PK12022,Azad Kashmir,PK1082022,Neelum,51,2026-02-01,2026-02-15,0,0,0.81,81,0,0.0352312260932331,74
PAK,Pakistan,admin2,PK12022,Azad Kashmir,PK1092022,Poonch,51,2026-02-01,2026-02-15,0,0,0.44,44,0,0.05216687094041635,453
PAK,Pakistan,admin2,PK12022,Azad Kashmir,PK1102022,Sudhnoti,51,2026-02-01,2026-02-15,0,0,0.32,32,0,0.04773278066260817,175
PAK,Pakistan,admin2,PK22022,Balochistan,PK2012022,Awaran,51,2026-02-01,2026-02-15,0.96,96,29.799999999999997,2980,0.3443678760478215,0.10667663734080664,186
PAK,Pakistan,admin2,PK22022,Balochistan,PK2032022,Chagai,51,2026-02-01,2026-02-15,0.02,2,649.83,64983,0.007745772213242,1.2737918070107064,1832
PAK,Pakistan,admin2,PK22022,Balochistan,PK2042022,Dera Bugti,51,2026-02-01,2026-02-15,6.09,609,19.15,1915,1.0152191679027174,0.16219635154017228,1959
PAK,Pakistan,admin2,PK22022,Balochistan,PK2052022,Gwadar,51,2026-02-01,2026-02-15,0.53,53,235.65,23565,2.035492727801231,1.8313572801129667,2392
PAK,Pakistan,admin2,PK22022,Balochistan,PK2062022,Harnai,51,2026-02-01,2026-02-15,0,0,9.1,910,0,0.26251070532910287,105
PAK,Pakistan,admin2,PK22022,Balochistan,PK2072022_1,Jaffarabad,51,2026-02-01,2026-02-15,4.18,418,13.530000000000001,1353,0.5836621258311803,1.662600460072145,2097
PAK,Pakistan,admin2,PK22022,Balochistan,PK2082022,Jhal Magsi,51,2026-02-01,2026-02-15,14,1400,17.55,1755,0.8180949776186849,0.39857031418909705,725
PAK,Pakistan,admin2,PK22022,Balochistan,PK2092022,Kachhi,51,2026-02-01,2026-02-15,0.7,70,11.44,1144,0.0475288929737997,0.18536790098588662,236
PAK,Pakistan,admin2,PK22022,Balochistan,PK2102022,Kalat,51,2026-02-01,2026-02-15,0,0,15.94,1594,0,0.1428047330899717,151
PAK,Pakistan,admin2,PK22022,Balochistan,PK2112022,Kech,51,2026-02-01,2026-02-15,0.23,23,60.519999999999996,6052,0.0953733749734735,0.22183893054160642,1051
PAK,Pakistan,admin2,PK22022,Balochistan,PK2122022,Kharan,51,2026-02-01,2026-02-15,0,0,25.14,2514,0,0.28167669813202545,238
PAK,Pakistan,admin2,PK22022,Balochistan,PK2132022,Khuzdar,51,2026-02-01,2026-02-15,0.16,16,25.18,2518,0.0116358147411741,0.07196007136259508,225
PAK,Pakistan,admin2,PK22022,Balochistan,PK2142022,Killa Abdullah,51,2026-02-01,2026-02-15,0.02,2,3.75,375,0.0096494962395345,0.1084634534647886,61
PAK,Pakistan,admin2,PK22022,Balochistan,PK2152022,Killa Saifullah,51,2026-02-01,2026-02-15,0.07,7,28.439999999999998,2844,0.0089041549281055,0.19617351072833802,355
PAK,Pakistan,admin2,PK22022,Balochistan,PK2162022,Kohlu,51,2026-02-01,2026-02-15,0,0,2.8000000000000003,280,0,0.03247956904324602,20
PAK,Pakistan,admin2,PK22022,Balochistan,PK2172022,Lasbela,51,2026-02-01,2026-02-15,0.85,85,189.53000000000003,18953,0.088863969167913,1.2088031298684705,1628
PAK,Pakistan,admin2,PK22022,Balochistan,PK2182022,Lehri,51,2026-02-01,2026-02-15,0.31,31,0.74,74,0.0190306025329503,0.019858671716276765,14
PAK,Pakistan,admin2,PK22022,Balochistan,PK2192022,Loralai,51,2026-02-01,2026-02-15,0,0,2.05,205,0,0.04960989445738138,29
PAK,Pakistan,admin2,PK22022,Balochistan,PK2202022,Mastung,51,2026-02-01,2026-02-15,0,0,5.38,538,0,0.11000734641231578,118
PAK,Pakistan,admin2,PK22022,Balochistan,PK2212022,Musakhel,51,2026-02-01,2026-02-15,0,0,6,600,0,0.08969246353623167,144
PAK,Pakistan,admin2,PK22022,Balochistan,PK2222022,Nasirabad,51,2026-02-01,2026-02-15,8.43,843,9.53,953,0.3056735754312418,0.2585305232083739,1127
PAK,Pakistan,admin2,PK22022,Balochistan,PK2232022,Nushki,51,2026-02-01,2026-02-15,0.04,4,87.95,8795,0.0184549581416219,1.3025909876263497,1617
PAK,Pakistan,admin2,PK22022,Balochistan,PK2242022,Panjgur,51,2026-02-01,2026-02-15,0,0,3.8,380,0,0.0194518651492161,39
PAK,Pakistan,admin2,PK22022,Balochistan,PK2252022,Pishin,51,2026-02-01,2026-02-15,0,0,1.9500000000000002,195,0,0.02966223934653906,81
PAK,Pakistan,admin2,PK22022,Balochistan,PK2262022,Quetta,51,2026-02-01,2026-02-15,0.21,21,9.409999999999998,941,0.1159057793153962,0.2158261753226297,4071
PAK,Pakistan,admin2,PK22022,Balochistan,PK2272022,Sherani,51,2026-02-01,2026-02-15,0,0,15.529999999999998,1553,0,0.4344773412521074,364
PAK,Pakistan,admin2,PK22022,Balochistan,PK2282022,Sibi,51,2026-02-01,2026-02-15,0,0,11.379999999999999,1138,0,0.22519231791782215,74
PAK,Pakistan,admin2,PK22022,Balochistan,PK2292022,Sohbatpur,51,2026-02-01,2026-02-15,46.87,4687,113.7,11370,6.719423120840146,12.651712219332461,13467
PAK,Pakistan,admin2,PK22022,Balochistan,PK2302022,Washuk,51,2026-02-01,2026-02-15,0,0,185.35,18535,0,0.42091158745882684,502
PAK,Pakistan,admin2,PK22022,Balochistan,PK2312022,Zhob,51,2026-02-01,2026-02-15,0,0,14.94,1494,0,0.10818906664300813,289
PAK,Pakistan,admin2,PK22022,Balochistan,PK2322022,Ziarat,51,2026-02-01,2026-02-15,0.22,22,6.42,642,0.2074256918719078,0.1700121815581801,306
PAK,Pakistan,admin2,PK22022,Balochistan,PK2332022,Shaheed Sikandarabad,51,2026-02-01,2026-02-15,0.01,1,1.28,128,0.0035304784822874,0.030364312585267016,21
PAK,Pakistan,admin2,PK22022,Balochistan,PK2342022,Duki,51,2026-02-01,2026-02-15,0,0,0.6900000000000001,69,0,0.015052964490788108,13
PAK,Pakistan,admin2,PK22022,Balochistan,PK2352022,Chaman,51,2026-02-01,2026-02-15,0,0,1.65,165,0,0.08985535114403441,91
PAK,Pakistan,admin2,PK22022,Balochistan,PK2362022,Usta Muhammad,51,2026-02-01,2026-02-15,6.07,607,8.14,814,0.6315236482625637,0.7393593010149809,374
PAK,Pakistan,admin2,PK32022,Gilgit Baltistan,PK3012022,Astore,51,2026-02-01,2026-02-15,0,0,2.81,281,0,0.06829417338473831,147
PAK,Pakistan,admin2,PK32022,Gilgit Baltistan,PK3022022,Diamir,51,2026-02-01,2026-02-15,0,0,13.889999999999999,1389,0,0.3729874622949051,216
PAK,Pakistan,admin2,PK32022,Gilgit Baltistan,PK3032022,Ghanche,51,2026-02-01,2026-02-15,0,0,4.7,470,0,0.08984940564899302,375
PAK,Pakistan,admin2,PK32022,Gilgit Baltistan,PK3042022,Ghizer,51,2026-02-01,2026-02-15,0.01,1,2.68,268,0.0543863091531091,0.07348070655666913,154
PAK,Pakistan,admin2,PK32022,Gilgit Baltistan,PK3052022,Gilgit,51,2026-02-01,2026-02-15,0,0,7.26,726,0,0.20584179297552566,369
PAK,Pakistan,admin2,PK32022,Gilgit Baltistan,PK3062022,Hunza,51,2026-02-01,2026-02-15,0,0,25.229999999999997,2523,0,0.17713412083030003,69
PAK,Pakistan,admin2,PK32022,Gilgit Baltistan,PK3072022,Skardu,51,2026-02-01,2026-02-15,0.1,10,6.4,640,0.4382798803753738,0.3081921495716932,560
PAK,Pakistan,admin2,PK32022,Gilgit Baltistan,PK3082022,Nagar,51,2026-02-01,2026-02-15,0,0,2.33,233,0,0.18731780139880344,138
PAK,Pakistan,admin2,PK32022,Gilgit Baltistan,PK3092022,Kharmang,51,2026-02-01,2026-02-15,0,0,0.32,32,0,0.005347496194479829,16
PAK,Pakistan,admin2,PK32022,Gilgit Baltistan,PK3102022,Shigar,51,2026-02-01,2026-02-15,0,0,2.09,209,0,0.052251086515239714,48
PAK,Pakistan,admin2,PK32022,Gilgit Baltistan,PK3112022,Darel,51,2026-02-01,2026-02-15,0,0,4.489999999999999,449,0,0.27434799848524477,99
PAK,Pakistan,admin2,PK32022,Gilgit Baltistan,PK3132022,Gupis-Yasin,51,2026-02-01,2026-02-15,0.09,9,1.04,104,0.2568493150684931,0.015274380487225394,111
PAK,Pakistan,admin2,PK32022,Gilgit Baltistan,PK3142022,Rondu,51,2026-02-01,2026-02-15,0.04,4,4.74,474,0.7211130592161076,0.262208504549644,208
PAK,Pakistan,admin2,PK42022,Islamabad,PK4012022,Islamabad,51,2026-02-01,2026-02-15,0.3,30,7.479999999999999,748,0.1134025004584277,0.6887180906859814,8775
PAK,Pakistan,admin2,PK62022,Punjab,PK6322022,Sargodha,51,2026-02-01,2026-02-15,40.23,4023,117.18,11718,0.851832523331347,1.6930634102672073,38648
PAK,Pakistan,admin2,PK62022,Punjab,PK6332022,Sheikhupura,51,2026-02-01,2026-02-15,75.96,7596,86.83999999999999,8684,2.1246950436056773,2.0293053830321486,42750
PAK,Pakistan,admin2,PK62022,Punjab,PK6342022,Sialkot,51,2026-02-01,2026-02-15,41.32,4132,58.980000000000004,5898,1.3504350502529712,1.6182069635480751,38465
PAK,Pakistan,admin2,PK62022,Punjab,PK6352022,Toba Tek Singh,51,2026-02-01,2026-02-15,12.05,1205,14.700000000000001,1470,0.4329689095562304,0.40811775113302967,6176
PAK,Pakistan,admin2,PK62022,Punjab,PK6362022,Vehari,51,2026-02-01,2026-02-15,12.38,1238,19.11,1911,0.2734953790638683,0.3665388775667262,8283
PAK,Pakistan,admin2,PK72022,Sindh,PK7012022,Badin,51,2026-02-01,2026-02-15,143.98,14398,368.21,36821,2.8888389601457547,5.064657818865804,57879
PAK,Pakistan,admin2,PK72022,Sindh,PK7032022,Dadu,51,2026-02-01,2026-02-15,110.41,11041,180.89,18089,3.27701811935402,2.004626042379946,53068
PAK,Pakistan,admin2,PK72022,Sindh,PK7292022,West Karachi,51,2026-02-01,2026-02-15,0,0,0.11,11,0,0.42345950564688145,21
PAK,Pakistan,admin2,PK72022,Sindh,PK7282022,Umer Kot,51,2026-02-01,2026-02-15,6.24,624,16.02,1602,0.3252154951203572,0.26253358307152896,4738
PAK,Pakistan,admin2,PK72022,Sindh,PK7272022,Thatta,51,2026-02-01,2026-02-15,124.69,12469,1256.29,125629,6.266806246349807,14.8886183806709,87304
PAK,Pakistan,admin2,PK72022,Sindh,PK7262022,Tharparkar,51,2026-02-01,2026-02-15,14.89,1489,477.41999999999996,47742,0.4323682440348111,2.192568140587939,13686
PAK,Pakistan,admin2,PK72022,Sindh,PK7252022,Tando Muhammad Khan,51,2026-02-01,2026-02-15,39.73,3973,106.67,10667,2.868351820352959,5.740346979625118,25037
PAK,Pakistan,admin2,PK72022,Sindh,PK7242022,Tando Allahyar,51,2026-02-01,2026-02-15,10.92,1092,24.1,2410,1.0174078460537643,1.403106025362624,6544
PAK,Pakistan,admin2,PK72022,Sindh,PK7232022,Sukkur,51,2026-02-01,2026-02-15,48.15,4815,166.79000000000002,16679,2.905353310910177,2.8457169442388355,49344
PAK,Pakistan,admin2,PK72022,Sindh,PK7222022,Sujawal,51,2026-02-01,2026-02-15,209.09,20909,2787.82,278782,8.05247765249592,29.129458995445013,122955
PAK,Pakistan,admin2,PK72022,Sindh,PK7212022,South Karachi,51,2026-02-01,2026-02-15,0,0,26.62,2662,0,4.8805427819863185,44302
PAK,Pakistan,admin2,PK72022,Sindh,PK7202022,Shikarpur,51,2026-02-01,2026-02-15,79.11,7911,162.2,16220,3.6758279461684262,5.593971705304029,43459
PAK,Pakistan,admin2,PK72022,Sindh,PK7192022,Shaheed Benazir Abad,51,2026-02-01,2026-02-15,101.07,10107,300.14,30014,3.335578894749436,5.845127301370374,65916
PAK,Pakistan,admin2,PK72022,Sindh,PK7182022,Sanghar,51,2026-02-01,2026-02-15,65.72,6572,436.28999999999996,43629,1.669799762326592,3.845584879333476,62711
PAK,Pakistan,admin2,PK72022,Sindh,PK7172022,Naushahro Feroze,51,2026-02-01,2026-02-15,105.78,10578,239.52000000000004,23952,4.199979951381941,7.007099980974077,65841
PAK,Pakistan,admin2,PK72022,Sindh,PK7162022,Mirpur Khas,51,2026-02-01,2026-02-15,5.28,528,27.01,2701,0.2265438143207589,0.7018827768174489,4802
PAK,Pakistan,admin2,PK72022,Sindh,PK7152022,Matiari,51,2026-02-01,2026-02-15,51.85,5185,121.16,12116,4.609492079591001,7.453012679635693,36544
PAK,Pakistan,admin2,PK72022,Sindh,PK7142022,Malir Karachi,51,2026-02-01,2026-02-15,3.31,331,180.81,18081,1.3384084126988411,5.978212782315681,31539
PAK,Pakistan,admin2,PK72022,Sindh,PK7132022,Larkana,51,2026-02-01,2026-02-15,57.2,5720,131.13000000000002,13113,3.718595383577724,6.030198140298696,46185
PAK,Pakistan,admin2,PK72022,Sindh,PK7122022,Korangi Karachi,51,2026-02-01,2026-02-15,0,0,4.0600000000000005,406,0,3.8113252279321963,5000
PAK,Pakistan,admin2,PK72022,Sindh,PK7112022,Khairpur,51,2026-02-01,2026-02-15,135.02,13502,428.75,42875,4.208937196812692,2.3808540547837227,144489
PAK,Pakistan,admin2,PK72022,Sindh,PK7102022,Kashmore,51,2026-02-01,2026-02-15,137.33,13733,342.34000000000003,34234,6.489521771604615,11.487310404347692,81721
PAK,Pakistan,admin2,PK72022,Sindh,PK7092022,Kambar Shahdad Kot,51,2026-02-01,2026-02-15,151.09,15109,212.3,21230,4.401269648222297,3.347398675531612,23981
PAK,Pakistan,admin2,PK72022,Sindh,PK7082022,Jamshoro,51,2026-02-01,2026-02-15,49.07,4907,168.14,16814,3.1085265896734224,1.3429503147254094,26967
PAK,Pakistan,admin2,PK72022,Sindh,PK7072022,Jacobabad,51,2026-02-01,2026-02-15,87.69,8769,178.48999999999998,17849,3.563474838283119,5.823044078413116,35436
PAK,Pakistan,admin2,PK72022,Sindh,PK7062022,Hyderabad,51,2026-02-01,2026-02-15,31.02,3102,92.25,9225,5.968163457102866,8.14792062156229,180193
PAK,Pakistan,admin2,PK72022,Sindh,PK7052022,Ghotki,51,2026-02-01,2026-02-15,57.86,5786,219.63,21963,1.867283942023798,3.0390572467089276,27457
PAK,Pakistan,admin2,PK22022,Balochistan,PK2152022,Killa Saifullah,50,2026-01-16,2026-01-31,0.03,3,23.639999999999997,2364,0.0038160663977595,0.16306405744085475,268
PAK,Pakistan,admin2,PK22022,Balochistan,PK2142022,Killa Abdullah,50,2026-01-16,2026-01-31,0.01,1,1.57,157,0.0048247481197672,0.04541003251725809,15
PAK,Pakistan,admin2,PK22022,Balochistan,PK2132022,Khuzdar,50,2026-01-16,2026-01-31,0.13,13,74.23,7423,0.0094540994772039,0.2120382174874193,638
PAK,Pakistan,admin2,PK22022,Balochistan,PK2122022,Kharan,50,2026-01-16,2026-01-31,0.08,8,45.71,4571,0.0170200481984404,0.48654731050586114,405
PAK,Pakistan,admin2,PK22022,Balochistan,PK2112022,Kech,50,2026-01-16,2026-01-31,0.17,17,131.01,13101,0.0704933641108282,0.4802233689731635,1351
PAK,Pakistan,admin2,PK22022,Balochistan,PK2102022,Kalat,50,2026-01-16,2026-01-31,0.18,18,25.13,2513,0.034301517965476,0.2149606240971292,381
PAK,Pakistan,admin2,PK22022,Balochistan,PK2092022,Kachhi,50,2026-01-16,2026-01-31,0.57,57,11.209999999999999,1121,0.0387020985643798,0.18164109878075083,216
PAK,Pakistan,admin2,PK22022,Balochistan,PK2082022,Jhal Magsi,50,2026-01-16,2026-01-31,16.55,1655,20.680000000000003,2068,0.967105134256374,0.46951072128720267,832
PAK,Pakistan,admin2,PK22022,Balochistan,PK2072022_1,Jaffarabad,50,2026-01-16,2026-01-31,8.74,874,18.68,1868,1.2203844449197403,2.295445424548977,3053
PAK,Pakistan,admin2,PK22022,Balochistan,PK2062022,Harnai,50,2026-01-16,2026-01-31,0,0,9.69,969,0,0.27875106347205536,121
PAK,Pakistan,admin2,PK22022,Balochistan,PK2052022,Gwadar,50,2026-01-16,2026-01-31,0.41,41,221.25,22125,1.5746264498084992,1.7194474781455291,2290
PAK,Pakistan,admin2,PK22022,Balochistan,PK2042022,Dera Bugti,50,2026-01-16,2026-01-31,7.62,762,23.43,2343,1.2702742297896072,0.19844702436481654,1950
PAK,Pakistan,admin2,PK22022,Balochistan,PK2032022,Chagai,50,2026-01-16,2026-01-31,0.03,3,936.55,93655,0.011618658319863,1.8358181629901307,2664
PAK,Pakistan,admin2,PK22022,Balochistan,PK2012022,Awaran,50,2026-01-16,2026-01-31,1.09,109,63.629999999999995,6363,0.3910010259292973,0.2275552682607156,246
PAK,Pakistan,admin2,PK12022,Azad Kashmir,PK1102022,Sudhnoti,50,2026-01-16,2026-01-31,0,0,1.03,103,0,0.15363988775777015,277
PAK,Pakistan,admin2,PK12022,Azad Kashmir,PK1092022,Poonch,50,2026-01-16,2026-01-31,0.02,2,2.6599999999999997,266,0.1674173089801331,0.3063413610155482,1901
PAK,Pakistan,admin2,PK12022,Azad Kashmir,PK1082022,Neelum,50,2026-01-16,2026-01-31,0,0,2.3400000000000003,234,0,0.1017790976026749,176
PAK,Pakistan,admin2,PK12022,Azad Kashmir,PK1072022,Muzaffarabad,50,2026-01-16,2026-01-31,0.05,5,4.07,407,0.3044579812167335,0.2470101384470586,3893
PAK,Pakistan,admin2,PK12022,Azad Kashmir,PK1062022,Mirpur,50,2026-01-16,2026-01-31,30.07,3007,86.14,8614,12.312052077723518,8.011421994305271,13113
PAK,Pakistan,admin2,PK12022,Azad Kashmir,PK1052022,Kotli,50,2026-01-16,2026-01-31,0.4,40,9.780000000000001,978,0.224223822857904,0.5090266764554476,3209
PAK,Pakistan,admin2,PK12022,Azad Kashmir,PK1042022,Haveli,50,2026-01-16,2026-01-31,0,0,0.92,92,0,0.14037255210403515,172
PAK,Pakistan,admin2,PK12022,Azad Kashmir,PK1032022,Jhelum Valley,50,2026-01-16,2026-01-31,0.07,7,2.68,268,0.5099402641404864,0.32433117373572384,654
PAK,Pakistan,admin2,PK12022,Azad Kashmir,PK1022022,Bhimber,50,2026-01-16,2026-01-31,0.05,5,0.8,80,0.014151716164745,0.05861422187896494,239
PAK,Pakistan,admin2,PK12022,Azad Kashmir,PK1012022,Bagh,50,2026-01-16,2026-01-31,0.01,1,0.96,96,0.2285150999193476,0.11506623617730415,352
PAK,Pakistan,admin2,PK32022,Gilgit Baltistan,PK3102022,Shigar,50,2026-01-16,2026-01-31,0.01,1,7.5,750,0.0516894336662403,0.07479341296738896,128
PAK,Pakistan,admin2,PK32022,Gilgit Baltistan,PK3092022,Kharmang,50,2026-01-16,2026-01-31,0.25,25,5.5,550,13.020833333333334,0.09174916115590015,419
PAK,Pakistan,admin2,PK32022,Gilgit Baltistan,PK3082022,Nagar,50,2026-01-16,2026-01-31,0.2,20,8.78,878,4.521837816750305,0.24474763047420625,620
PAK,Pakistan,admin2,PK32022,Gilgit Baltistan,PK3072022,Skardu,50,2026-01-16,2026-01-31,0.06,6,6.64,664,0.2629679282252243,0.31974935518063163,526
PAK,Pakistan,admin2,PK32022,Gilgit Baltistan,PK3062022,Hunza,50,2026-01-16,2026-01-31,0,0,30.24,3024,0,0.21225609266811649,610
PAK,Pakistan,admin2,PK32022,Gilgit Baltistan,PK3052022,Gilgit,50,2026-01-16,2026-01-31,0.12,12,18.830000000000002,1883,0.7279544005557195,0.4860226322479259,888
PAK,Pakistan,admin2,PK32022,Gilgit Baltistan,PK3042022,Ghizer,50,2026-01-16,2026-01-31,0.41,41,6.760000000000001,676,2.229838675277477,0.1853468568369715,504
PAK,Pakistan,admin2,PK32022,Gilgit Baltistan,PK3032022,Ghanche,50,2026-01-16,2026-01-31,0.09,9,16.3,1630,0.9771986970684038,0.3110577167986414,904
PAK,Pakistan,admin2,PK32022,Gilgit Baltistan,PK3022022,Diamir,50,2026-01-16,2026-01-31,0.1,10,36.56999999999999,3657,0.4892367906066536,0.8446780126744945,660
PAK,Pakistan,admin2,PK32022,Gilgit Baltistan,PK3012022,Astore,50,2026-01-16,2026-01-31,0,0,6.93,693,0,0.16842655571396317,389
PAK,Pakistan,admin2,PK22022,Balochistan,PK2362022,Usta Muhammad,50,2026-01-16,2026-01-31,4.69,469,7.09,709,0.4879482554120962,0.6345533321201137,360
PAK,Pakistan,admin2,PK22022,Balochistan,PK2352022,Chaman,50,2026-01-16,2026-01-31,0,0,0.69,69,0,0.037575874114778,43
PAK,Pakistan,admin2,PK22022,Balochistan,PK2342022,Duki,50,2026-01-16,2026-01-31,0,0,2.9899999999999998,299,0,0.06522951279341563,49
PAK,Pakistan,admin2,PK22022,Balochistan,PK2332022,Shaheed Sikandarabad,50,2026-01-16,2026-01-31,0.07,7,2.81,281,0.0247133493760121,0.06665915497234427,49
PAK,Pakistan,admin2,PK22022,Balochistan,PK2322022,Ziarat,50,2026-01-16,2026-01-31,0.19,19,5.970000000000001,597,0.1791403702530112,0.1580954398601768,321
PAK,Pakistan,admin2,PK22022,Balochistan,PK2312022,Zhob,50,2026-01-16,2026-01-31,0,0,15.360000000000001,1536,0,0.11123052634783154,325
PAK,Pakistan,admin2,PK22022,Balochistan,PK2302022,Washuk,50,2026-01-16,2026-01-31,0.02,2,240.47,24047,0.0081027247556829,0.5430397872038301,705
PAK,Pakistan,admin2,PK22022,Balochistan,PK2292022,Sohbatpur,50,2026-01-16,2026-01-31,41.79,4179,105.99000000000001,10599,5.991139155534664,11.793799279921261,12918
PAK,Pakistan,admin2,PK22022,Balochistan,PK2282022,Sibi,50,2026-01-16,2026-01-31,0,0,23.900000000000002,2390,0,0.4729434444847057,163
PAK,Pakistan,admin2,PK22022,Balochistan,PK2272022,Sherani,50,2026-01-16,2026-01-31,0.01,1,20.8,2080,0.052552722746261,0.578832836187154,477
PAK,Pakistan,admin2,PK22022,Balochistan,PK2262022,Quetta,50,2026-01-16,2026-01-31,0.01,1,6.99,699,0.0055193228245426,0.1649945057371098,218
PAK,Pakistan,admin2,PK22022,Balochistan,PK2252022,Pishin,50,2026-01-16,2026-01-31,0,0,0.61,61,0,0.009278956923789041,15
PAK,Pakistan,admin2,PK22022,Balochistan,PK2242022,Panjgur,50,2026-01-16,2026-01-31,0,0,4.78,478,0,0.024468398792961293,41
PAK,Pakistan,admin2,PK22022,Balochistan,PK2232022,Nushki,50,2026-01-16,2026-01-31,0.03,3,84.82000000000001,8482,0.0138412186062164,1.2562338552639793,1541
PAK,Pakistan,admin2,PK22022,Balochistan,PK2222022,Nasirabad,50,2026-01-16,2026-01-31,17.18,1718,18.48,1848,0.6229504182572638,0.5013267648363853,1981
PAK,Pakistan,admin2,PK22022,Balochistan,PK2212022,Musakhel,50,2026-01-16,2026-01-31,0,0,9.149999999999999,915,0,0.1367810068927542,221
PAK,Pakistan,admin2,PK22022,Balochistan,PK2202022,Mastung,50,2026-01-16,2026-01-31,0,0,4.34,434,0,0.08874198576755579,44
PAK,Pakistan,admin2,PK22022,Balochistan,PK2192022,Loralai,50,2026-01-16,2026-01-31,0,0,3.94,394,0,0.09534779715223551,67
PAK,Pakistan,admin2,PK22022,Balochistan,PK2182022,Lehri,50,2026-01-16,2026-01-31,0,0,4.44,444,0,0.2116930315672417,42
PAK,Pakistan,admin2,PK22022,Balochistan,PK2172022,Lasbela,50,2026-01-16,2026-01-31,0.91,91,254.35000000000002,25435,0.0951367199327069,1.622218519928483,2020
PAK,Pakistan,admin2,PK22022,Balochistan,PK2162022,Kohlu,50,2026-01-16,2026-01-31,0,0,16.470000000000002,1647,0,0.19101822252487488,180
PAK,Pakistan,admin2,PK32022,Gilgit Baltistan,PK3112022,Darel,50,2026-01-16,2026-01-31,0.05,5,11.01,1101,0.26078419340983,0.6649432213733352,261
PAK,Pakistan,admin2,PK32022,Gilgit Baltistan,PK3122022,Tangir,50,2026-01-16,2026-01-31,0.06,6,0.32,32,0.4595298379031023,0.03419728413215779,49
PAK,Pakistan,admin2,PK32022,Gilgit Baltistan,PK3132022,Gupis-Yasin,50,2026-01-16,2026-01-31,0.08,8,1.27,127,0.228310502283105,0.018652368479592545,109
PAK,Pakistan,admin2,PK32022,Gilgit Baltistan,PK3142022,Rondu,50,2026-01-16,2026-01-31,0,0,4.9399999999999995,494,0,0.2742429565310871,196
PAK,Pakistan,admin2,PK42022,Islamabad,PK4012022,Islamabad,50,2026-01-16,2026-01-31,0.35,35,7.6899999999999995,769,0.132302917201499,0.7080537590073794,6957
PAK,Pakistan,admin2,PK52022,Khyber Pakhtunkhwa,PK5012022,Abbottabad,50,2026-01-16,2026-01-31,0,0,4.46,446,0,0.24710878592213883,1212
PAK,Pakistan,admin2,PK52022,Khyber Pakhtunkhwa,PK5022022,Bajaur,50,2026-01-16,2026-01-31,0.05,5,3.86,386,0.0096791898935592,0.233888441557805,976
PAK,Pakistan,admin2,PK52022,Khyber Pakhtunkhwa,PK5032022,Bannu,50,2026-01-16,2026-01-31,5.88,588,21.9,2190,0.9229341377481354,0.9034659750378072,16073
PAK,Pakistan,admin2,PK52022,Khyber Pakhtunkhwa,PK5042022,Batagram,50,2026-01-16,2026-01-31,0.01,1,3.95,395,0.0214772290837056,0.23693967794552054,2375
PAK,Pakistan,admin2,PK52022,Khyber Pakhtunkhwa,PK5052022,Buner,50,2026-01-16,2026-01-31,0.39,39,2.5300000000000002,253,0.087761927878492,0.13242857544888956,768
PAK,Pakistan,admin2,PK52022,Khyber Pakhtunkhwa,PK5062022,Charsadda,50,2026-01-16,2026-01-31,1.72,172,9.43,943,0.3099679720963809,0.7782908807994271,8657
PAK,Pakistan,admin2,PK52022,Khyber Pakhtunkhwa,PK5072022,Chitral Lower,50,2026-01-16,2026-01-31,0.02,2,1.97,197,0.0704067855574974,0.0296437987335774,223
PAK,Pakistan,admin2,PK52022,Khyber Pakhtunkhwa,PK5082022,Chitral Upper,50,2026-01-16,2026-01-31,0,0,0.16,16,0,0.0024161175792723312,7
PAK,Pakistan,admin2,PK52022,Khyber Pakhtunkhwa,PK5092022,D. I. Khan,50,2026-01-16,2026-01-31,91.18,9118,217.15999999999997,21716,2.197942603059454,2.0376875905352665,32918
PAK,Pakistan,admin2,PK52022,Khyber Pakhtunkhwa,PK5102022,Hangu,50,2026-01-16,2026-01-31,0,0,1.12,112,0,0.09090237218906844,274
PAK,Pakistan,admin2,PK52022,Khyber Pakhtunkhwa,PK5112022,Haripur,50,2026-01-16,2026-01-31,2.92,292,70.84,7084,0.5818947731688837,2.998051072622055,7489
PAK,Pakistan,admin2,PK52022,Khyber Pakhtunkhwa,PK5122022,Karak,50,2026-01-16,2026-01-31,0.2,20,7.1000000000000005,710,0.0508572741458371,0.22959467061375885,900
PAK,Pakistan,admin2,PK52022,Khyber Pakhtunkhwa,PK5132022,Khyber,50,2026-01-16,2026-01-31,0.17,17,27.76,2776,0.1025396238179558,0.8359722590137956,5478
PAK,Pakistan,admin2,PK52022,Khyber Pakhtunkhwa,PK5142022,Kohat,50,2026-01-16,2026-01-31,0.74,74,36.69,3669,0.1112870551392857,0.8876209599926247,3968
PAK,Pakistan,admin2,PK52022,Khyber Pakhtunkhwa,PK5152022,Kohistan Lower,50,2026-01-16,2026-01-31,0,0,0.24000000000000002,24,0,0.031834214071252885,90
PAK,Pakistan,admin2,PK52022,Khyber Pakhtunkhwa,PK5162022,Kohistan Upper,50,2026-01-16,2026-01-31,0.02,2,11.89,1189,0.1383125864453665,0.2417584254160803,1010
PAK,Pakistan,admin2,PK52022,Khyber Pakhtunkhwa,PK5172022,Kolai Palas Kohistan,50,2026-01-16,2026-01-31,0.03,3,2.2399999999999998,224,0.3056662124959544,0.21605171170486237,1150
PAK,Pakistan,admin2,PK52022,Khyber Pakhtunkhwa,PK5182022,Kurram,50,2026-01-16,2026-01-31,0,0,2.25,225,0,0.06511937729645108,279
PAK,Pakistan,admin2,PK52022,Khyber Pakhtunkhwa,PK5192022,Lakki Marwat,50,2026-01-16,2026-01-31,6.63,663,19.509999999999994,1951,0.5085368252671499,0.49073756216694653,3723
PAK,Pakistan,admin2,PK52022,Khyber Pakhtunkhwa,PK5202022,Lower Dir,50,2026-01-16,2026-01-31,0.01,1,1.2500000000000002,125,0.0025646786819683,0.06378262353628594,399
PAK,Pakistan,admin2,PK52022,Khyber Pakhtunkhwa,PK5212022,Malakand,50,2026-01-16,2026-01-31,0,0,1.9200000000000002,192,0,0.21794682604918625,272
PAK,Pakistan,admin2,PK52022,Khyber Pakhtunkhwa,PK5222022,Mansehra,50,2026-01-16,2026-01-31,0.57,57,5.01,501,0.16622327118935,0.11746813995648209,2387
PAK,Pakistan,admin2,PK52022,Khyber Pakhtunkhwa,PK5232022,Mardan,50,2026-01-16,2026-01-31,0.94,94,1.89,189,0.1118503562622831,0.09526149423469796,1016
PAK,Pakistan,admin2,PK52022,Khyber Pakhtunkhwa,PK5242022,Mohmand,50,2026-01-16,2026-01-31,0.36,36,27.84,2784,0.0804946051516021,1.012300278275631,4266
PAK,Pakistan,admin2,PK52022,Khyber Pakhtunkhwa,PK5252022,North Waziristan,50,2026-01-16,2026-01-31,0.24,24,9.750000000000002,975,0.1568401929134372,0.16550489166890214,557
PAK,Pakistan,admin2,PK52022,Khyber Pakhtunkhwa,PK5262022,Nowshera,50,2026-01-16,2026-01-31,4.74,474,17.72,1772,0.9531435363036732,0.8498502530601878,8904
PAK,Pakistan,admin2,PK52022,Khyber Pakhtunkhwa,PK5272022,Orakzai,50,2026-01-16,2026-01-31,0.12,12,7.37,737,0.0822662690284434,0.4513400176693486,884
PAK,Pakistan,admin2,PK52022,Khyber Pakhtunkhwa,PK5282022,Peshawar,50,2026-01-16,2026-01-31,1.77,177,7.879999999999999,788,0.2681867739801966,0.4237385264632975,8106
PAK,Pakistan,admin2,PK52022,Khyber Pakhtunkhwa,PK5292022,Shangla,50,2026-01-16,2026-01-31,1.24,124,6.800000000000001,680,3.268173140826015,0.40500677125075046,3205
PAK,Pakistan,admin2,PK52022,Khyber Pakhtunkhwa,PK5302022,South Waziristan,50,2026-01-16,2026-01-31,0.04,4,30.57,3057,0.0204240104667046,0.4147527842282819,866
PAK,Pakistan,admin2,PK52022,Khyber Pakhtunkhwa,PK5312022,Swabi,50,2026-01-16,2026-01-31,0.22,22,10.77,1077,0.0237868736822877,0.6006397638548677,4804
PAK,Pakistan,admin2,PK52022,Khyber Pakhtunkhwa,PK5322022,Swat,50,2026-01-16,2026-01-31,0.06,6,2.3799999999999994,238,0.0182894837978483,0.05455956015195533,2183
PAK,Pakistan,admin2,PK52022,Khyber Pakhtunkhwa,PK5332022,Tank,50,2026-01-16,2026-01-31,1.96,196,6.359999999999999,636,0.2748297064848426,0.19235559326074148,768
PAK,Pakistan,admin2,PK52022,Khyber Pakhtunkhwa,PK5342022,Tor Ghar,50,2026-01-16,2026-01-31,2.05,205,29.869999999999997,2987,15.11528385794669,5.401041045103938,12183
PAK,Pakistan,admin2,PK52022,Khyber Pakhtunkhwa,PK5352022,Upper Dir,50,2026-01-16,2026-01-31,0.02,2,4.739999999999998,474,0.0201430870110265,0.11508978145567368,1113
PAK,Pakistan,admin2,PK62022,Punjab,PK6012022,Attock,50,2026-01-16,2026-01-31,6.96,696,60.96,6096,0.2041589130739592,0.733819770440945,10564
PAK,Pakistan,admin2,PK62022,Punjab,PK6022022,Bahawalnagar,50,2026-01-16,2026-01-31,95.4,9540,148.57,14857,1.4871454987039447,1.5008294853631727,57978
PAK,Pakistan,admin2,PK62022,Punjab,PK6032022,Bahawalpur,50,2026-01-16,2026-01-31,40.75,4075,70.08,7008,0.5866782679865254,0.2552379558550513,24619
PAK,Pakistan,admin2,PK62022,Punjab,PK6042022,Bhakkar,50,2026-01-16,2026-01-31,14.37,1437,55.28,5528,0.337227022324736,0.5536389605984263,7108
PAK,Pakistan,admin2,PK62022,Punjab,PK6052022,Chakwal,50,2026-01-16,2026-01-31,10.81,1081,41.27,4127,0.3309669435996691,0.5326659034986748,9338
PAK,Pakistan,admin2,PK62022,Punjab,PK6062022,Chiniot,50,2026-01-16,2026-01-31,29.93,2993,73.36,7336,1.3069253971916888,2.3924330117030226,33578
PAK,Pakistan,admin2,PK62022,Punjab,PK6072022,Dera Ghazi Khan,50,2026-01-16,2026-01-31,80.71,8071,182.66,18266,1.6966488574889484,1.3344155576828425,38065
PAK,Pakistan,admin2,PK62022,Punjab,PK6082022,Faisalabad,50,2026-01-16,2026-01-31,25.79,2579,48.849999999999994,4885,0.518765491398776,0.700089915897376,22844
PAK,Pakistan,admin2,PK62022,Punjab,PK6092022,Gujranwala,50,2026-01-16,2026-01-31,50.59,5059,109.11,10911,1.4184782787971295,2.544863648356912,68324
PAK,Pakistan,admin2,PK62022,Punjab,PK6102022,Gujrat,50,2026-01-16,2026-01-31,12.98,1298,49.63,4963,0.4988157064118951,1.3141589716945001,28138
PAK,Pakistan,admin2,PK62022,Punjab,PK6112022,Hafizabad,50,2026-01-16,2026-01-31,57.63,5763,93.49,9349,2.4388778199657013,3.4701950161985193,32611
PAK,Pakistan,admin2,PK62022,Punjab,PK6122022,Jhang,50,2026-01-16,2026-01-31,97.33,9733,203.56,20356,1.8597239231456928,2.7362531321173407,66091
PAK,Pakistan,admin2,PK62022,Punjab,PK6132022,Jhelum,50,2026-01-16,2026-01-31,2.7,270,53.00999999999999,5301,0.1646438667074818,1.2446264080857397,10838
PAK,Pakistan,admin2,PK62022,Punjab,PK6142022,Kasur,50,2026-01-16,2026-01-31,11.89,1189,23.4,2340,0.3241342508807343,0.5012579541728265,11414
PAK,Pakistan,admin2,PK62022,Punjab,PK6152022,Khanewal,50,2026-01-16,2026-01-31,50.76,5076,104.27,10427,1.2431453076455683,2.0585922209534964,45444
PAK,Pakistan,admin2,PK62022,Punjab,PK6162022,Khushab,50,2026-01-16,2026-01-31,11.47,1147,28.75,2875,0.3577120590674658,0.36759404977435767,6759
PAK,Pakistan,admin2,PK62022,Punjab,PK6172022,Lahore,50,2026-01-16,2026-01-31,10.3,1030,21.64,2164,1.015366066431265,1.0637392472110374,67075
PAK,Pakistan,admin2,PK62022,Punjab,PK6182022,Leiah,50,2026-01-16,2026-01-31,72.94,7294,138.82999999999998,13883,1.6256624572109586,1.8502617133315864,25797
PAK,Pakistan,admin2,PK62022,Punjab,PK6192022,Lodhran,50,2026-01-16,2026-01-31,2.14,214,3.39,339,0.0777278722834627,0.11008936946636774,6530
PAK,Pakistan,admin2,PK62022,Punjab,PK6202022,Mandi Bahauddin,50,2026-01-16,2026-01-31,23.53,2353,83.88,8388,0.9381030532661756,2.574851274693667,35516
PAK,Pakistan,admin2,PK62022,Punjab,PK6212022,Mianwali,50,2026-01-16,2026-01-31,122.64,12264,292.76,29276,3.417451331517313,4.123127428423984,43434
PAK,Pakistan,admin2,PK62022,Punjab,PK6222022,Multan,50,2026-01-16,2026-01-31,37.67,3767,117.16999999999999,11717,1.283924416490949,2.773714451605258,65647
PAK,Pakistan,admin2,PK62022,Punjab,PK6232022,Muzaffargarh,50,2026-01-16,2026-01-31,117.3,11730,357.53999999999996,35754,2.070131800779012,4.011783531398627,139734
PAK,Pakistan,admin2,PK72022,Sindh,PK7292022,West Karachi,50,2026-01-16,2026-01-31,0.03,3,0.15,15,0.1492642152214378,0.056424609272488345,320
PAK,Pakistan,admin2,PK72022,Sindh,PK7282022,Umer Kot,50,2026-01-16,2026-01-31,13.23,1323,34.519999999999996,3452,0.6895193910965267,0.5657090691403982,7693
PAK,Pakistan,admin2,PK72022,Sindh,PK7272022,Thatta,50,2026-01-16,2026-01-31,123.87,12387,1001.89,100189,6.225593790483203,11.8736580482296,78073
PAK,Pakistan,admin2,PK72022,Sindh,PK7262022,Tharparkar,50,2026-01-16,2026-01-31,20.24,2024,541.9200000000001,54192,0.5877188219788163,2.4887866590159953,15883
PAK,Pakistan,admin2,PK72022,Sindh,PK7252022,Tando Muhammad Khan,50,2026-01-16,2026-01-31,42.89,4289,110.74000000000001,11074,3.0964915573858143,5.95937024958925,26708
PAK,Pakistan,admin2,PK72022,Sindh,PK7242022,Tando Allahyar,50,2026-01-16,2026-01-31,17.43,1743,35.660000000000004,3566,1.623939446585816,2.076131156200463,9378
PAK,Pakistan,admin2,PK72022,Sindh,PK7232022,Sukkur,50,2026-01-16,2026-01-31,46.8,4680,159.07,15907,2.8238948068659666,2.7140008053244884,53896
PAK,Pakistan,admin2,PK72022,Sindh,PK7222022,Sujawal,50,2026-01-16,2026-01-31,242.9,24290,1621.0199999999998,162102,9.354568950171023,16.93776342116646,98982
PAK,Pakistan,admin2,PK72022,Sindh,PK7212022,South Karachi,50,2026-01-16,2026-01-31,0,0,21.130000000000003,2113,0,3.8752074109624335,35390
PAK,Pakistan,admin2,PK72022,Sindh,PK7202022,Shikarpur,50,2026-01-16,2026-01-31,75.88,7588,161.65,16165,3.525746739416764,5.5750032439111985,42740
PAK,Pakistan,admin2,PK72022,Sindh,PK7192022,Shaheed Benazir Abad,50,2026-01-16,2026-01-31,122.55,12255,331.86,33186,4.044476041867451,6.462863817660999,76818
PAK,Pakistan,admin2,PK72022,Sindh,PK7182022,Sanghar,50,2026-01-16,2026-01-31,76.15,7615,473.51,47351,1.934802980845557,4.173652607699453,71367
PAK,Pakistan,admin2,PK72022,Sindh,PK7172022,Naushahro Feroze,50,2026-01-16,2026-01-31,99.49,9949,234.38,23438,3.950236390272162,6.856730517454509,65731
PAK,Pakistan,admin2,PK72022,Sindh,PK7162022,Mirpur Khas,50,2026-01-16,2026-01-31,8.93,893,44.03999999999999,4404,0.3831508071750715,1.1444249348774693,10054
PAK,Pakistan,admin2,PK72022,Sindh,PK7152022,Matiari,50,2026-01-16,2026-01-31,53.88,5388,120.4,12040,4.789960139794854,7.406262187422725,35198
PAK,Pakistan,admin2,PK72022,Sindh,PK7142022,Malir Karachi,50,2026-01-16,2026-01-31,3.02,302,146.78,14678,1.221146044214653,4.85306162373926,21415
PAK,Pakistan,admin2,PK72022,Sindh,PK7132022,Larkana,50,2026-01-16,2026-01-31,34.18,3418,109.33,10933,2.2220557729141013,5.027694369548206,32796
PAK,Pakistan,admin2,PK72022,Sindh,PK7122022,Korangi Karachi,50,2026-01-16,2026-01-31,0,0,3.0100000000000002,301,0,2.826168282110913,4739
PAK,Pakistan,admin2,PK72022,Sindh,PK7112022,Khairpur,50,2026-01-16,2026-01-31,135.21,13521,443.13,44313,4.214860008747179,2.460706372702766,151031
PAK,Pakistan,admin2,PK72022,Sindh,PK7102022,Kashmore,50,2026-01-16,2026-01-31,133.82,13382,337.39,33739,6.323656910188083,11.321211828366147,83708
PAK,Pakistan,admin2,PK72022,Sindh,PK7092022,Kambar Shahdad Kot,50,2026-01-16,2026-01-31,135.15,13515,198.54999999999998,19855,3.936935554684251,3.1305982431785275,17717
PAK,Pakistan,admin2,PK72022,Sindh,PK7082022,Jamshoro,50,2026-01-16,2026-01-31,50.34,5034,171.62,17162,3.188979590873448,1.3707454086664372,27204
PAK,Pakistan,admin2,PK72022,Sindh,PK7072022,Jacobabad,50,2026-01-16,2026-01-31,89.89,8989,180.44,18044,3.652876647431516,5.886660728942029,40464
PAK,Pakistan,admin2,PK72022,Sindh,PK7062022,Hyderabad,50,2026-01-16,2026-01-31,30.82,3082,96.03999999999999,9604,5.9296840021892425,8.482669880702897,173273
PAK,Pakistan,admin2,PK72022,Sindh,PK7052022,Ghotki,50,2026-01-16,2026-01-31,76.52,7652,239.2,23920,2.4694878541939342,3.309850627932321,40120
PAK,Pakistan,admin2,PK72022,Sindh,PK7032022,Dadu,50,2026-01-16,2026-01-31,102.36,10236,177.49,17749,3.0380905234768365,1.9669471848195959,49111
PAK,Pakistan,admin2,PK72022,Sindh,PK7012022,Badin,50,2026-01-16,2026-01-31,173.34,17334,431.76,43176,3.477922943128665,5.938775861257161,69777
PAK,Pakistan,admin2,PK62022,Punjab,PK6362022,Vehari,50,2026-01-16,2026-01-31,15.73,1573,25.93,2593,0.3475026100706501,0.49734971717975984,10019
PAK,Pakistan,admin2,PK62022,Punjab,PK6352022,Toba Tek Singh,50,2026-01-16,2026-01-31,20.2,2020,23.659999999999997,2366,0.7258068027415645,0.6568752375379237,9708
PAK,Pakistan,admin2,PK62022,Punjab,PK6342022,Sialkot,50,2026-01-16,2026-01-31,32.65,3265,49.260000000000005,4926,1.0670790026805304,1.3515238220477823,34230
PAK,Pakistan,admin2,PK62022,Punjab,PK6332022,Sheikhupura,50,2026-01-16,2026-01-31,50.46,5046,60.830000000000005,6083,1.4114285400255722,1.4214952377918655,31800
PAK,Pakistan,admin2,PK62022,Punjab,PK6322022,Sargodha,50,2026-01-16,2026-01-31,31.69,3169,84.39,8439,0.6710060319256869,1.2193004027346779,34397
PAK,Pakistan,admin2,PK62022,Punjab,PK6312022,Sahiwal,50,2026-01-16,2026-01-31,4.2,420,8.93,893,0.1343742068973339,0.2374203522566715,7071
PAK,Pakistan,admin2,PK62022,Punjab,PK6302022,Rawalpindi,50,2026-01-16,2026-01-31,5.2,520,61.7,6170,0.2285204991763182,0.9823407555300854,12261
PAK,Pakistan,admin2,PK62022,Punjab,PK6292022,Rajanpur,50,2026-01-16,2026-01-31,86.63,8663,195.22,19522,1.5829548368470514,1.349808727002261,30636
PAK,Pakistan,admin2,PK62022,Punjab,PK6282022,Rahim Yar Khan,50,2026-01-16,2026-01-31,62.42,6242,213.31,21331,0.8966857627554845,1.4547894375558499,36503
PAK,Pakistan,admin2,PK62022,Punjab,PK6272022,Pakpattan,50,2026-01-16,2026-01-31,13.65,1365,21.5,2150,0.4615648458528564,0.6414627104826942,7368
PAK,Pakistan,admin2,PK62022,Punjab,PK6262022,Okara,50,2026-01-16,2026-01-31,20.31,2031,30.2,3020,0.4545217150326257,0.5832849616828892,12960
PAK,Pakistan,admin2,PK62022,Punjab,PK6252022,Narowal,50,2026-01-16,2026-01-31,18.57,1857,22.000000000000004,2200,0.7491291957448256,0.7810833910664429,11767
PAK,Pakistan,admin2,PK62022,Punjab,PK6242022,Nankana Sahib,50,2026-01-16,2026-01-31,27.94,2794,41.09,4109,1.2934257384696302,1.5927129099695334,15893
PAK,Pakistan,admin2,PK12022,Azad Kashmir,PK1012022,Bagh,49,2026-01-01,2026-01-15,0.01,1,0.69,69,0.2285150999193476,0.08217772320954855,325
PAK,Pakistan,admin2,PK12022,Azad Kashmir,PK1022022,Bhimber,49,2026-01-01,2026-01-15,0.07,7,2.6399999999999997,264,0.019812402630643,0.1934269322005843,635
PAK,Pakistan,admin2,PK12022,Azad Kashmir,PK1032022,Jhelum Valley,49,2026-01-01,2026-01-15,0.13,13,3.31,331,0.9470319191180464,0.4005732033825544,1301
PAK,Pakistan,admin2,PK12022,Azad Kashmir,PK1042022,Haveli,49,2026-01-01,2026-01-15,0,0,0.77,77,0,0.1174857229566384,149
PAK,Pakistan,admin2,PK12022,Azad Kashmir,PK1052022,Kotli,49,2026-01-01,2026-01-15,0.57,57,17.1,1710,0.3195189475725132,0.8900159680355987,5560
PAK,Pakistan,admin2,PK12022,Azad Kashmir,PK1062022,Mirpur,49,2026-01-01,2026-01-15,29.74,2974,88.3,8830,12.176934778566592,8.212312074496813,12538
PAK,Pakistan,admin2,PK12022,Azad Kashmir,PK1072022,Muzaffarabad,49,2026-01-01,2026-01-15,0.17,17,8.02,802,1.035157136136894,0.4867374226892898,4955
PAK,Pakistan,admin2,PK12022,Azad Kashmir,PK1082022,Neelum,49,2026-01-01,2026-01-15,0,0,1.2000000000000002,120,0,0.051623625440837845,129
PAK,Pakistan,admin2,PK12022,Azad Kashmir,PK1092022,Poonch,49,2026-01-01,2026-01-15,0,0,1.5999999999999999,160,0,0.18919457827693803,892
PAK,Pakistan,admin2,PK12022,Azad Kashmir,PK1102022,Sudhnoti,49,2026-01-01,2026-01-15,0,0,1.12,112,0,0.16706473231912872,265
PAK,Pakistan,admin2,PK22022,Balochistan,PK2012022,Awaran,49,2026-01-01,2026-01-15,1.45,145,100.4,10040,0.5201389794472304,0.35905310283476116,411
PAK,Pakistan,admin2,PK22022,Balochistan,PK2032022,Chagai,49,2026-01-01,2026-01-15,0.05,5,1536.7700000000002,153677,0.019364430533105,3.0123648265851735,4605
PAK,Pakistan,admin2,PK22022,Balochistan,PK2042022,Dera Bugti,49,2026-01-01,2026-01-15,10.04,1004,39.29,3929,1.6736946544734457,0.33277778861688645,2085
PAK,Pakistan,admin2,PK22022,Balochistan,PK2052022,Gwadar,49,2026-01-01,2026-01-15,0.25,25,222.73,22273,0.960138079151524,1.7309493189032938,2216
PAK,Pakistan,admin2,PK22022,Balochistan,PK2062022,Harnai,49,2026-01-01,2026-01-15,0.05,5,43.91,4391,0.0674797402003539,1.236791234636662,654
PAK,Pakistan,admin2,PK22022,Balochistan,PK2072022_1,Jaffarabad,49,2026-01-01,2026-01-15,4.96,496,10.55,1055,0.6925751540963287,1.2964105582972008,1884
PAK,Pakistan,admin2,PK22022,Balochistan,PK2082022,Jhal Magsi,49,2026-01-01,2026-01-15,26.68,2668,37.39,3739,1.5590552859190363,0.8488880981106627,1490
PAK,Pakistan,admin2,PK22022,Balochistan,PK2092022,Kachhi,49,2026-01-01,2026-01-15,2.65,265,20.05,2005,0.1799308091150991,0.3248799313607542,428
PAK,Pakistan,admin2,PK22022,Balochistan,PK2102022,Kalat,49,2026-01-01,2026-01-15,0,0,40.42,4042,0,0.362118400972187,421
PAK,Pakistan,admin2,PK22022,Balochistan,PK2112022,Kech,49,2026-01-01,2026-01-15,0.69,69,248.01,24801,0.2861201249204205,0.9090924184339692,2683
PAK,Pakistan,admin2,PK22022,Balochistan,PK2122022,Kharan,49,2026-01-01,2026-01-15,0.05,5,86.75,8675,0.0106375301240252,0.9229518598323294,717
PAK,Pakistan,admin2,PK22022,Balochistan,PK2132022,Khuzdar,49,2026-01-01,2026-01-15,0.18,18,182.82,18282,0.0130902915838209,0.5222258779610671,1585
PAK,Pakistan,admin2,PK22022,Balochistan,PK2142022,Killa Abdullah,49,2026-01-01,2026-01-15,0.02,2,5.9,590,0.0096494962395345,0.16925862237116548,89
PAK,Pakistan,admin2,PK22022,Balochistan,PK2152022,Killa Saifullah,49,2026-01-01,2026-01-15,1.45,145,156.91,15691,0.1844432092250437,1.081392073206012,1916
PAK,Pakistan,admin2,PK22022,Balochistan,PK2162022,Kohlu,49,2026-01-01,2026-01-15,0,0,38.47,3847,0,0.446173103857434,354
PAK,Pakistan,admin2,PK22022,Balochistan,PK2172022,Lasbela,49,2026-01-01,2026-01-15,0.95,95,202.39000000000001,20239,0.0993185537759028,1.2908229064215677,1831
PAK,Pakistan,admin2,PK22022,Balochistan,PK2182022,Lehri,49,2026-01-01,2026-01-15,6.12,612,13.29,1329,0.3757009274246967,0.35665100960718776,406
PAK,Pakistan,admin2,PK22022,Balochistan,PK2192022,Loralai,49,2026-01-01,2026-01-15,0.01,1,16.92,1692,0.0035628443122264,0.3833409133477083,387
PAK,Pakistan,admin2,PK22022,Balochistan,PK2202022,Mastung,49,2026-01-01,2026-01-15,0,0,10.11,1011,0,0.20672384242165667,86
PAK,Pakistan,admin2,PK22022,Balochistan,PK2212022,Musakhel,49,2026-01-01,2026-01-15,0,0,16.25,1625,0,0.24291708874396248,377
PAK,Pakistan,admin2,PK22022,Balochistan,PK2222022,Nasirabad,49,2026-01-01,2026-01-15,15.28,1528,16.700000000000003,1670,0.5540560181007561,0.4534484265690987,1470
PAK,Pakistan,admin2,PK22022,Balochistan,PK2232022,Nushki,49,2026-01-01,2026-01-15,0.91,91,109.87000000000002,10987,0.4198502977218982,1.6260493325358818,1975
PAK,Pakistan,admin2,PK22022,Balochistan,PK2242022,Panjgur,49,2026-01-01,2026-01-15,0,0,28.61,2861,0,0.14619737727049267,258
PAK,Pakistan,admin2,PK22022,Balochistan,PK2252022,Pishin,49,2026-01-01,2026-01-15,0,0,16.29,1629,0,0.2477937840795493,576
PAK,Pakistan,admin2,PK22022,Balochistan,PK2262022,Quetta,49,2026-01-01,2026-01-15,0.04,4,25.75,2575,0.0220772912981707,0.5905976636086844,1724
PAK,Pakistan,admin2,PK22022,Balochistan,PK2272022,Sherani,49,2026-01-01,2026-01-15,0,0,33.8,3380,0,0.9456106976381995,808
PAK,Pakistan,admin2,PK22022,Balochistan,PK2282022,Sibi,49,2026-01-01,2026-01-15,0,0,52.16,5216,0,1.0321644378377508,349
PAK,Pakistan,admin2,PK22022,Balochistan,PK2292022,Sohbatpur,49,2026-01-01,2026-01-15,45.73,4573,105.42999999999998,10543,6.555989317602302,11.731486537240292,12042
PAK,Pakistan,admin2,PK22022,Balochistan,PK2302022,Washuk,49,2026-01-01,2026-01-15,0.03,3,447.69000000000005,44769,0.0121540871335244,1.010992981799321,1123
PAK,Pakistan,admin2,PK32022,Gilgit Baltistan,PK3132022,Gupis-Yasin,49,2026-01-01,2026-01-15,0.71,71,27.42,2742,2.026255707762557,0.4027149163074253,1521
PAK,Pakistan,admin2,PK32022,Gilgit Baltistan,PK3122022,Tangir,49,2026-01-01,2026-01-15,0.02,2,0.44000000000000006,44,0.1531766126343674,0.04653936091336597,21
PAK,Pakistan,admin2,PK32022,Gilgit Baltistan,PK3112022,Darel,49,2026-01-01,2026-01-15,0.23,23,21.250000000000004,2125,1.199607289685218,1.2833826933863213,515
PAK,Pakistan,admin2,PK32022,Gilgit Baltistan,PK3102022,Shigar,49,2026-01-01,2026-01-15,0.1,10,35.83,3583,0.5168943366624031,0.35728386507214366,421
PAK,Pakistan,admin2,PK32022,Gilgit Baltistan,PK3092022,Kharmang,49,2026-01-01,2026-01-15,0.21,21,11.729999999999999,1173,10.9375,0.19567593824703797,605
PAK,Pakistan,admin2,PK32022,Gilgit Baltistan,PK3082022,Nagar,49,2026-01-01,2026-01-15,0.13,13,29.83,2983,2.939194580887698,1.5322213356984113,2565
PAK,Pakistan,admin2,PK32022,Gilgit Baltistan,PK3072022,Skardu,49,2026-01-01,2026-01-15,0.31,31,22.630000000000003,2263,1.3586676291636588,1.0897481788761594,1568
PAK,Pakistan,admin2,PK32022,Gilgit Baltistan,PK3062022,Hunza,49,2026-01-01,2026-01-15,0,0,77.39,7739,0,0.5432043323937019,952
PAK,Pakistan,admin2,PK32022,Gilgit Baltistan,PK3052022,Gilgit,49,2026-01-01,2026-01-15,0.08,8,52.36,5236,0.4853029337038129,1.3514681372544552,3137
PAK,Pakistan,admin2,PK32022,Gilgit Baltistan,PK3042022,Ghizer,49,2026-01-01,2026-01-15,0.75,75,21.189999999999998,2119,4.078973186483189,0.5809911089312761,1348
PAK,Pakistan,admin2,PK32022,Gilgit Baltistan,PK3032022,Ghanche,49,2026-01-01,2026-01-15,0.2,20,54.98,5498,2.1715526601520088,0.5362831903902752,3243
PAK,Pakistan,admin2,PK32022,Gilgit Baltistan,PK3022022,Diamir,49,2026-01-01,2026-01-15,0.13,13,74.33,7433,0.6360078277886496,1.7143791349210398,1302
PAK,Pakistan,admin2,PK32022,Gilgit Baltistan,PK3012022,Astore,49,2026-01-01,2026-01-15,0.01,1,16.790000000000003,1679,0.0519750519750519,0.38624229910556,892
PAK,Pakistan,admin2,PK22022,Balochistan,PK2362022,Usta Muhammad,49,2026-01-01,2026-01-15,4.56,456,6.7,670,0.4744230372450231,0.5996484238652696,369
PAK,Pakistan,admin2,PK22022,Balochistan,PK2352022,Chaman,49,2026-01-01,2026-01-15,0,0,16.21,1621,0,0.8612428228462565,779
PAK,Pakistan,admin2,PK22022,Balochistan,PK2342022,Duki,49,2026-01-01,2026-01-15,0,0,6.35,635,0,0.1385309050963845,111
PAK,Pakistan,admin2,PK22022,Balochistan,PK2332022,Shaheed Sikandarabad,49,2026-01-01,2026-01-15,0.02,2,3.25,325,0.0070609569645749,0.0770580374731634,56
PAK,Pakistan,admin2,PK22022,Balochistan,PK2322022,Ziarat,49,2026-01-01,2026-01-15,0.03,3,25.88,2588,0.0282853216188965,0.6806007871079931,677
PAK,Pakistan,admin2,PK22022,Balochistan,PK2312022,Zhob,49,2026-01-01,2026-01-15,0.08,8,54.88,5488,0.038166439351844,0.3914752269100421,656
PAK,Pakistan,admin2,PK32022,Gilgit Baltistan,PK3142022,Rondu,49,2026-01-01,2026-01-15,0.16,16,15.02,1502,2.8844522368644303,0.8308801135729231,585
PAK,Pakistan,admin2,PK42022,Islamabad,PK4012022,Islamabad,49,2026-01-01,2026-01-15,0.45,45,8.690000000000001,869,0.1701037506876416,0.8001283700616553,7003
PAK,Pakistan,admin2,PK52022,Khyber Pakhtunkhwa,PK5012022,Abbottabad,49,2026-01-01,2026-01-15,0,0,2.6599999999999997,266,0,0.14196744908040126,914
PAK,Pakistan,admin2,PK52022,Khyber Pakhtunkhwa,PK5022022,Bajaur,49,2026-01-01,2026-01-15,0.62,62,9.34,934,0.120021954680135,0.5603315077133505,2242
PAK,Pakistan,admin2,PK52022,Khyber Pakhtunkhwa,PK5032022,Bannu,49,2026-01-01,2026-01-15,3,300,27.479999999999997,2748,0.470884764157212,1.133664154978947,11555
PAK,Pakistan,admin2,PK52022,Khyber Pakhtunkhwa,PK5042022,Batagram,49,2026-01-01,2026-01-15,0.13,13,7.74,774,0.2792039780881729,0.46428179931603286,3860
PAK,Pakistan,admin2,PK52022,Khyber Pakhtunkhwa,PK5052022,Buner,49,2026-01-01,2026-01-15,0.29,29,4.849999999999999,485,0.0652588694481094,0.22487543210221095,1129
PAK,Pakistan,admin2,PK52022,Khyber Pakhtunkhwa,PK5062022,Charsadda,49,2026-01-01,2026-01-15,1.56,156,6.26,626,0.2811337421339269,0.5273780154629498,5098
PAK,Pakistan,admin2,PK52022,Khyber Pakhtunkhwa,PK5072022,Chitral Lower,49,2026-01-01,2026-01-15,0.16,16,23.66,2366,0.5632542844599799,0.355814065403783,2541
PAK,Pakistan,admin2,PK52022,Khyber Pakhtunkhwa,PK5082022,Chitral Upper,49,2026-01-01,2026-01-15,0.17,17,12.990000000000002,1299,0.7720254314259765,0.189344555336706,1023
PAK,Pakistan,admin2,PK52022,Khyber Pakhtunkhwa,PK5092022,D. I. Khan,49,2026-01-01,2026-01-15,66.64,6664,158.57999999999998,15858,1.6063927952169557,1.4880111351403693,20782
PAK,Pakistan,admin2,PK52022,Khyber Pakhtunkhwa,PK5102022,Hangu,49,2026-01-01,2026-01-15,0.12,12,4.63,463,0.0409293969240621,0.297322218865617,1071
PAK,Pakistan,admin2,PK52022,Khyber Pakhtunkhwa,PK5112022,Haripur,49,2026-01-01,2026-01-15,4.16,416,92.31,9231,0.8290007727337522,3.9066924691380835,10278
PAK,Pakistan,admin2,PK52022,Khyber Pakhtunkhwa,PK5122022,Karak,49,2026-01-01,2026-01-15,0.14,14,9.75,975,0.035600091902086,0.31528845612452816,1097
PAK,Pakistan,admin2,PK52022,Khyber Pakhtunkhwa,PK5132022,Khyber,49,2026-01-01,2026-01-15,0.71,71,70.67,7067,0.4282537230044038,2.1281757760988818,12423
PAK,Pakistan,admin2,PK52022,Khyber Pakhtunkhwa,PK5142022,Kohat,49,2026-01-01,2026-01-15,1.2,120,53.239999999999995,5324,0.1804654948204634,1.2880059937314619,7960
PAK,Pakistan,admin2,PK52022,Khyber Pakhtunkhwa,PK5152022,Kohistan Lower,49,2026-01-01,2026-01-15,0.02,2,2.59,259,0.5602856358143367,0.2862104296042601,1299
PAK,Pakistan,admin2,PK52022,Khyber Pakhtunkhwa,PK5162022,Kohistan Upper,49,2026-01-01,2026-01-15,0.26,26,40.25,4025,1.7980636237897647,0.8184000523967396,3621
PAK,Pakistan,admin2,PK52022,Khyber Pakhtunkhwa,PK5172022,Kolai Palas Kohistan,49,2026-01-01,2026-01-15,0.16,16,10.05,1005,1.6302197999784236,0.7913631898327046,4180
PAK,Pakistan,admin2,PK52022,Khyber Pakhtunkhwa,PK5182022,Kurram,49,2026-01-01,2026-01-15,0.19,19,20.76,2076,0.0703676517363308,0.512072864047092,2903
PAK,Pakistan,admin2,PK52022,Khyber Pakhtunkhwa,PK5192022,Lakki Marwat,49,2026-01-01,2026-01-15,3.18,318,8.74,874,0.2439135903996285,0.21983835434849375,1441
PAK,Pakistan,admin2,PK52022,Khyber Pakhtunkhwa,PK5202022,Lower Dir,49,2026-01-01,2026-01-15,0.39,39,4.159999999999999,416,0.1000224685967667,0.21309932477566507,1665
PAK,Pakistan,admin2,PK52022,Khyber Pakhtunkhwa,PK5212022,Malakand,49,2026-01-01,2026-01-15,0.11,11,4.67,467,0.0660797932939257,0.4458598940741573,730
PAK,Pakistan,admin2,PK52022,Khyber Pakhtunkhwa,PK5222022,Mansehra,49,2026-01-01,2026-01-15,1.03,103,11.12,1112,0.3003683672368957,0.26072768788744155,4298
PAK,Pakistan,admin2,PK52022,Khyber Pakhtunkhwa,PK5232022,Mardan,49,2026-01-01,2026-01-15,0.82,82,1.39,139,0.0975715873777363,0.09352727407826615,1035
PAK,Pakistan,admin2,PK52022,Khyber Pakhtunkhwa,PK5242022,Mohmand,49,2026-01-01,2026-01-15,0.69,69,45.459999999999994,4546,0.1542813265405707,1.6529874515233542,6694
PAK,Pakistan,admin2,PK52022,Khyber Pakhtunkhwa,PK5252022,North Waziristan,49,2026-01-01,2026-01-15,0.2,20,19.209999999999997,1921,0.1307001607611976,0.3260870737394471,1080
PAK,Pakistan,admin2,PK52022,Khyber Pakhtunkhwa,PK5262022,Nowshera,49,2026-01-01,2026-01-15,5.56,556,18.71,1871,1.118033346381524,0.8973306001555369,12176
PAK,Pakistan,admin2,PK52022,Khyber Pakhtunkhwa,PK5272022,Orakzai,49,2026-01-01,2026-01-15,0.41,41,15.95,1595,0.2810764191805151,0.9767806352545604,1962
PAK,Pakistan,admin2,PK52022,Khyber Pakhtunkhwa,PK5282022,Peshawar,49,2026-01-01,2026-01-15,1.05,105,9.44,944,0.159093848971303,0.5076258489611076,5136
PAK,Pakistan,admin2,PK52022,Khyber Pakhtunkhwa,PK5292022,Shangla,49,2026-01-01,2026-01-15,1.3,130,12.290000000000001,1229,3.426310550865983,0.7319901792164298,5924
PAK,Pakistan,admin2,PK52022,Khyber Pakhtunkhwa,PK5302022,South Waziristan,49,2026-01-01,2026-01-15,0.04,4,45.480000000000004,4548,0.0204240104667046,0.6170414336507123,1588
PAK,Pakistan,admin2,PK52022,Khyber Pakhtunkhwa,PK5312022,Swabi,49,2026-01-01,2026-01-15,0.05,5,13.65,1365,0.0054061076550654,0.7612565252199588,5600
PAK,Pakistan,admin2,PK52022,Khyber Pakhtunkhwa,PK5322022,Swat,49,2026-01-01,2026-01-15,0.09,9,2.06,206,0.0274342256967725,0.04798726142381138,2398
PAK,Pakistan,admin2,PK52022,Khyber Pakhtunkhwa,PK5332022,Tank,49,2026-01-01,2026-01-15,0.84,84,5.21,521,0.1177841599220754,0.15573036762916406,503
PAK,Pakistan,admin2,PK52022,Khyber Pakhtunkhwa,PK5342022,Tor Ghar,49,2026-01-01,2026-01-15,3.18,318,41.7,4170,23.447123252814865,7.540120909971016,16403
PAK,Pakistan,admin2,PK52022,Khyber Pakhtunkhwa,PK5352022,Upper Dir,49,2026-01-01,2026-01-15,0.06,6,7.869999999999999,787,0.0604292610330797,0.18968802098100607,1746
PAK,Pakistan,admin2,PK62022,Punjab,PK6012022,Attock,49,2026-01-01,2026-01-15,3.3,330,54.3,5430,0.0967994846471358,0.6536485159931644,7686
PAK,Pakistan,admin2,PK62022,Punjab,PK6022022,Bahawalnagar,49,2026-01-01,2026-01-15,92.89,9289,148.72,14872,1.448018295331336,1.5023447604712334,56337
PAK,Pakistan,admin2,PK62022,Punjab,PK6032022,Bahawalpur,49,2026-01-01,2026-01-15,37.82,3782,75.06,7506,0.5444950207423409,0.2733755845673538,23098
PAK,Pakistan,admin2,PK62022,Punjab,PK6042022,Bhakkar,49,2026-01-01,2026-01-15,7.81,781,36.18,3618,0.1832806572272921,0.3623490881774794,3544
PAK,Pakistan,admin2,PK62022,Punjab,PK6052022,Chakwal,49,2026-01-01,2026-01-15,2.11,211,26.65,2665,0.0646013183159391,0.3439676842316376,6414
PAK,Pakistan,admin2,PK62022,Punjab,PK6062022,Chiniot,49,2026-01-01,2026-01-15,17.54,1754,40.06,4006,0.7659028221430745,1.3064458349076211,18879
PAK,Pakistan,admin2,PK62022,Punjab,PK6072022,Dera Ghazi Khan,49,2026-01-01,2026-01-15,63.08,6308,162.8,16280,1.3260390277586778,1.189329096631812,31528
PAK,Pakistan,admin2,PK62022,Punjab,PK6082022,Faisalabad,49,2026-01-01,2026-01-15,11.37,1137,22.240000000000002,2224,0.228707391903997,0.31873080306156887,11154
PAK,Pakistan,admin2,PK62022,Punjab,PK6092022,Gujranwala,49,2026-01-01,2026-01-15,7.69,769,47.67,4767,0.2156176707639835,1.111847219477353,28790
PAK,Pakistan,admin2,PK62022,Punjab,PK6102022,Gujrat,49,2026-01-01,2026-01-15,4.22,422,21.299999999999997,2130,0.1621727489259012,0.564005361617829,12539
PAK,Pakistan,admin2,PK62022,Punjab,PK6112022,Hafizabad,49,2026-01-01,2026-01-15,8.22,822,22.950000000000003,2295,0.3478670081575233,0.8518662490293724,9266
PAK,Pakistan,admin2,PK62022,Punjab,PK6122022,Jhang,49,2026-01-01,2026-01-15,32.26,3226,104.22,10422,0.6164049497655405,1.4009288076657342,32554
PAK,Pakistan,admin2,PK62022,Punjab,PK6132022,Jhelum,49,2026-01-01,2026-01-15,1.46,146,49.47,4947,0.0890296464418235,1.1615104396906535,9192
PAK,Pakistan,admin2,PK62022,Punjab,PK6142022,Kasur,49,2026-01-01,2026-01-15,3.16,316,7.91,791,0.0861450153728444,0.1784733995664119,3794
PAK,Pakistan,admin2,PK62022,Punjab,PK6152022,Khanewal,49,2026-01-01,2026-01-15,17.71,1771,58.84,5884,0.4337293813712178,1.161672257417318,25349
PAK,Pakistan,admin2,PK62022,Punjab,PK6162022,Khushab,49,2026-01-01,2026-01-15,1.32,132,11.350000000000001,1135,0.0411665142082872,0.14511973791092003,2468
PAK,Pakistan,admin2,PK62022,Punjab,PK6172022,Lahore,49,2026-01-01,2026-01-15,7.6,760,15.969999999999999,1597,0.7492021461046227,0.7850238344713618,72215
PAK,Pakistan,admin2,PK62022,Punjab,PK6182022,Leiah,49,2026-01-01,2026-01-15,57.87,5787,105.38999999999999,10539,1.289787310101428,1.404588935878527,18635
PAK,Pakistan,admin2,PK62022,Punjab,PK6192022,Lodhran,49,2026-01-01,2026-01-15,1.88,188,3.4600000000000004,346,0.0682842990153784,0.11236260128425729,6516
PAK,Pakistan,admin2,PK62022,Punjab,PK6202022,Mandi Bahauddin,49,2026-01-01,2026-01-15,7.06,706,38.15,3815,0.2814707843629069,1.1710845985880236,18616
PAK,Pakistan,admin2,PK62022,Punjab,PK6212022,Mianwali,49,2026-01-01,2026-01-15,52.43,5243,173.29,17329,1.4609994562251527,2.4405545568779616,23212
PAK,Pakistan,admin2,PK62022,Punjab,PK6222022,Multan,49,2026-01-01,2026-01-15,27.56,2756,79.66000000000001,7966,0.9393405075256316,1.8857565350761705,53535
PAK,Pakistan,admin2,PK62022,Punjab,PK6232022,Muzaffargarh,49,2026-01-01,2026-01-15,114.94,11494,338.53,33853,2.028482090209204,3.7984815094377606,129289
PAK,Pakistan,admin2,PK62022,Punjab,PK6242022,Nankana Sahib,49,2026-01-01,2026-01-15,13.55,1355,18.54,1854,0.627269819479724,0.7186395071996872,8517
PAK,Pakistan,admin2,PK62022,Punjab,PK6252022,Narowal,49,2026-01-01,2026-01-15,0.1,10,0.49000000000000005,49,0.0040340829065418,0.018194608218973875,318
PAK,Pakistan,admin2,PK62022,Punjab,PK6262022,Okara,49,2026-01-01,2026-01-15,16.25,1625,21.6,2160,0.3636621304421549,0.417183946104318,10135
PAK,Pakistan,admin2,PK62022,Punjab,PK6272022,Pakpattan,49,2026-01-01,2026-01-15,4.82,482,7.7700000000000005,777,0.1629848027114115,0.23182164002095496,3086
PAK,Pakistan,admin2,PK62022,Punjab,PK6282022,Rahim Yar Khan,49,2026-01-01,2026-01-15,89.94,8994,259.82,25982,1.29202046623243,1.7719909599444985,54342
PAK,Pakistan,admin2,PK62022,Punjab,PK6292022,Rajanpur,49,2026-01-01,2026-01-15,100.32,10032,218.34999999999997,21835,1.833106651650655,1.5097363771178345,39892
PAK,Pakistan,admin2,PK62022,Punjab,PK6302022,Rawalpindi,49,2026-01-01,2026-01-15,4.51,451,63.55999999999999,6356,0.1981975867856145,1.0119542693920942,11083
PAK,Pakistan,admin2,PK62022,Punjab,PK6312022,Sahiwal,49,2026-01-01,2026-01-15,1.53,153,3.23,323,0.0489506039411716,0.08587544656092366,2636
PAK,Pakistan,admin2,PK62022,Punjab,PK6322022,Sargodha,49,2026-01-01,2026-01-15,11.55,1155,47.16,4716,0.2445604187043762,0.681386503056848,21251
PAK,Pakistan,admin2,PK62022,Punjab,PK6332022,Sheikhupura,49,2026-01-01,2026-01-15,9.94,994,12.42,1242,0.2780340802190683,0.29023460222546393,6300
PAK,Pakistan,admin2,PK62022,Punjab,PK6342022,Sialkot,49,2026-01-01,2026-01-15,3.08,308,8.86,886,0.1006616639588371,0.26142883604610817,4596
PAK,Pakistan,admin2,PK62022,Punjab,PK6352022,Toba Tek Singh,49,2026-01-01,2026-01-15,1.6,160,2.78,278,0.0574896477419061,0.08149868177692937,981
PAK,Pakistan,admin2,PK62022,Punjab,PK6362022,Vehari,49,2026-01-01,2026-01-15,7.35,735,15.59,1559,0.1623740739999541,0.29902360550838625,5300
PAK,Pakistan,admin2,PK72022,Sindh,PK7012022,Badin,49,2026-01-01,2026-01-15,196.03,19603,501.98999999999995,50199,3.9331789231655248,6.904776020456923,77220
PAK,Pakistan,admin2,PK72022,Sindh,PK7032022,Dadu,49,2026-01-01,2026-01-15,112.24,11224,189.06,18906,3.331333336801877,2.0951661206940826,53727
PAK,Pakistan,admin2,PK72022,Sindh,PK7052022,Ghotki,49,2026-01-01,2026-01-15,108.06,10806,294.2,29420,3.487360919030273,4.070894877665922,50045
PAK,Pakistan,admin2,PK72022,Sindh,PK7062022,Hyderabad,49,2026-01-01,2026-01-15,32.35,3235,99.08000000000001,9908,6.224051832278456,8.75133047386015,258442
PAK,Pakistan,admin2,PK72022,Sindh,PK7072022,Jacobabad,49,2026-01-01,2026-01-15,63.41,6341,142.76999999999998,14277,2.5768039627726376,4.657717536416834,29334
PAK,Pakistan,admin2,PK72022,Sindh,PK7082022,Jamshoro,49,2026-01-01,2026-01-15,46.12,4612,167.07,16707,2.9216475711379304,1.3344041220481393,27134
PAK,Pakistan,admin2,PK72022,Sindh,PK7092022,Kambar Shahdad Kot,49,2026-01-01,2026-01-15,126.5,12650,187.02999999999997,18703,3.6849600271369423,2.9489588991270717,17546
PAK,Pakistan,admin2,PK72022,Sindh,PK7102022,Kashmore,49,2026-01-01,2026-01-15,140.4,14040,347.83000000000004,34783,6.634594456661239,11.671528824981767,77891
PAK,Pakistan,admin2,PK72022,Sindh,PK7112022,Khairpur,49,2026-01-01,2026-01-15,129.54,12954,415.89,41589,4.038110831544335,2.309442315671142,129411
PAK,Pakistan,admin2,PK72022,Sindh,PK7122022,Korangi Karachi,49,2026-01-01,2026-01-15,0,0,3.2800000000000002,328,0,3.079100184142266,5055
PAK,Pakistan,admin2,PK72022,Sindh,PK7132022,Larkana,49,2026-01-01,2026-01-15,48.65,4865,116.29000000000002,11629,3.162756388305179,5.347759793604324,43343
PAK,Pakistan,admin2,PK72022,Sindh,PK7142022,Malir Karachi,49,2026-01-01,2026-01-15,3.52,352,158.35,15835,1.4233225416011843,5.235606404953753,26473
PAK,Pakistan,admin2,PK72022,Sindh,PK7152022,Matiari,49,2026-01-01,2026-01-15,62.62,6262,125.35000000000001,12535,5.566950704416365,7.7107555248624475,35557
PAK,Pakistan,admin2,PK72022,Sindh,PK7162022,Mirpur Khas,49,2026-01-01,2026-01-15,13.77,1377,55.53,5553,0.5908159703024339,1.4430044648897795,11876
PAK,Pakistan,admin2,PK72022,Sindh,PK7172022,Naushahro Feroze,49,2026-01-01,2026-01-15,86.7,8670,206.65000000000003,20665,3.4424112477293844,6.045496038194276,62604
PAK,Pakistan,admin2,PK72022,Sindh,PK7182022,Sanghar,49,2026-01-01,2026-01-15,81.59,8159,497.13000000000005,49713,2.0730213421823898,4.381846045206287,74926
PAK,Pakistan,admin2,PK72022,Sindh,PK7192022,Shaheed Benazir Abad,49,2026-01-01,2026-01-15,109.75,10975,305.33000000000004,30533,3.622041987718913,5.9462008360345715,66262
PAK,Pakistan,admin2,PK72022,Sindh,PK7202022,Shikarpur,49,2026-01-01,2026-01-15,90.7,9070,184.19,18419,4.2143546292185095,6.352365279901043,55226
PAK,Pakistan,admin2,PK72022,Sindh,PK7212022,South Karachi,49,2026-01-01,2026-01-15,0.06,6,22.3,2230,0.3614987312103356,3.9677688642238085,40528
PAK,Pakistan,admin2,PK72022,Sindh,PK7222022,Sujawal,49,2026-01-01,2026-01-15,320.41,32041,2231,223100,12.339635394501018,23.311341126341663,126938
PAK,Pakistan,admin2,PK72022,Sindh,PK7232022,Sukkur,49,2026-01-01,2026-01-15,55.91,5591,177.92000000000002,17792,3.3735888600828248,3.0356133983990263,59175
PAK,Pakistan,admin2,PK72022,Sindh,PK7242022,Tando Allahyar,49,2026-01-01,2026-01-15,16.45,1645,33.76,3376,1.5326336142476578,1.965512838848223,8936
PAK,Pakistan,admin2,PK72022,Sindh,PK7252022,Tando Muhammad Khan,49,2026-01-01,2026-01-15,59.34,5934,135.41,13541,4.28411772010432,7.286963387185123,35231
PAK,Pakistan,admin2,PK72022,Sindh,PK7262022,Tharparkar,49,2026-01-01,2026-01-15,23.39,2339,588.0600000000001,58806,0.6791869192729503,2.700686231733367,17355
PAK,Pakistan,admin2,PK72022,Sindh,PK7272022,Thatta,49,2026-01-01,2026-01-15,146.03,14603,1116.08,111608,7.339335280731913,13.226953332669348,89712
PAK,Pakistan,admin2,PK72022,Sindh,PK7282022,Umer Kot,49,2026-01-01,2026-01-15,17.32,1732,43.91,4391,0.9026814704302224,0.7195911131504891,9536
PAK,Pakistan,admin2,PK72022,Sindh,PK7292022,West Karachi,49,2026-01-01,2026-01-15,0.03,3,0.31,31,0.1492642152214378,0.11571373490561529,453
PAK,Pakistan,admin2,PK22022,Balochistan,PK2272022,Sherani,48,2025-12-16,2025-12-31,0,0,28.08,2808,0,0.7855842718840427,693
PAK,Pakistan,admin2,PK22022,Balochistan,PK2262022,Quetta,48,2025-12-16,2025-12-31,0,0,22.2,2220,0,0.5312519094358229,1019
PAK,Pakistan,admin2,PK22022,Balochistan,PK2252022,Pishin,48,2025-12-16,2025-12-31,0.05,5,12.13,1213,0.00989459501345,0.17134362785503462,431
PAK,Pakistan,admin2,PK22022,Balochistan,PK2242022,Panjgur,48,2025-12-16,2025-12-31,0,0,29.419999999999998,2942,0,0.15033648512051356,283
PAK,Pakistan,admin2,PK22022,Balochistan,PK2232022,Nushki,48,2025-12-16,2025-12-31,0.91,91,115.80000000000001,11580,0.4198502977218982,1.7148473696698456,2034
PAK,Pakistan,admin2,PK22022,Balochistan,PK2222022,Nasirabad,48,2025-12-16,2025-12-31,11.26,1126,11.940000000000001,1194,0.4082899714538295,0.32513807822988516,989
PAK,Pakistan,admin2,PK22022,Balochistan,PK2212022,Musakhel,48,2025-12-16,2025-12-31,0,0,7.550000000000001,755,0,0.11286301661642571,176
PAK,Pakistan,admin2,PK22022,Balochistan,PK2202022,Mastung,48,2025-12-16,2025-12-31,0.04,4,11.17,1117,0.0073472114955335,0.2055195256320585,107
PAK,Pakistan,admin2,PK22022,Balochistan,PK2192022,Loralai,48,2025-12-16,2025-12-31,0.01,1,20.22,2022,0.0035628443122264,0.4582005501712406,456
PAK,Pakistan,admin2,PK22022,Balochistan,PK2182022,Lehri,48,2025-12-16,2025-12-31,8.44,844,17.78,1778,0.5181235012196798,0.47365608612916565,614
PAK,Pakistan,admin2,PK22022,Balochistan,PK2172022,Lasbela,48,2025-12-16,2025-12-31,0.88,88,191.61,19161,0.0920003445503099,1.2220691590465764,1695
PAK,Pakistan,admin2,PK22022,Balochistan,PK2162022,Kohlu,48,2025-12-16,2025-12-31,0,0,36.49,3649,0,0.42320916453750373,368
PAK,Pakistan,admin2,PK22022,Balochistan,PK2152022,Killa Saifullah,48,2025-12-16,2025-12-31,1.41,141,138.63000000000002,13863,0.1793551206946977,0.9552893228329836,1808
PAK,Pakistan,admin2,PK22022,Balochistan,PK2142022,Killa Abdullah,48,2025-12-16,2025-12-31,0.2,20,7.1000000000000005,710,0.0964949623953454,0.2050455219179219,264
PAK,Pakistan,admin2,PK22022,Balochistan,PK2132022,Khuzdar,48,2025-12-16,2025-12-31,0.33,33,216.83,21683,0.0239988679036716,0.6193755448982505,1847
PAK,Pakistan,admin2,PK22022,Balochistan,PK2122022,Kharan,48,2025-12-16,2025-12-31,0.05,5,97.68,9768,0.0106375301240252,1.0392384745639414,813
PAK,Pakistan,admin2,PK22022,Balochistan,PK2112022,Kech,48,2025-12-16,2025-12-31,0.45,45,336.7099999999999,33671,0.1866000814698394,1.2342264755892975,2836
PAK,Pakistan,admin2,PK22022,Balochistan,PK2102022,Kalat,48,2025-12-16,2025-12-31,0,0,44.83,4483,0,0.4016271132009684,448
PAK,Pakistan,admin2,PK22022,Balochistan,PK2092022,Kachhi,48,2025-12-16,2025-12-31,2.53,253,20.380000000000003,2038,0.1717829988910191,0.33022708235073167,401
PAK,Pakistan,admin2,PK22022,Balochistan,PK2082022,Jhal Magsi,48,2025-12-16,2025-12-31,23.51,2351,33.61000000000001,3361,1.3738152088439486,0.7630684401577796,1355
PAK,Pakistan,admin2,PK22022,Balochistan,PK2072022_1,Jaffarabad,48,2025-12-16,2025-12-31,12,1200,17,1700,1.6755850502330534,2.089002795360418,2264
PAK,Pakistan,admin2,PK22022,Balochistan,PK2062022,Harnai,48,2025-12-16,2025-12-31,0.1,10,41.28,4128,0.1349594804007079,1.1627133264814717,653
PAK,Pakistan,admin2,PK22022,Balochistan,PK2052022,Gwadar,48,2025-12-16,2025-12-31,0.2,20,217.08000000000004,21708,0.7681104633212192,1.6870402646591252,2114
PAK,Pakistan,admin2,PK22022,Balochistan,PK2042022,Dera Bugti,48,2025-12-16,2025-12-31,8.86,886,44.17999999999999,4418,1.4769855217763674,0.37419502929737947,1975
PAK,Pakistan,admin2,PK22022,Balochistan,PK2032022,Chagai,48,2025-12-16,2025-12-31,0.04,4,1553.34,155334,0.015491544426484,3.0448452141360205,4645
PAK,Pakistan,admin2,PK22022,Balochistan,PK2012022,Awaran,48,2025-12-16,2025-12-31,1.61,161,145.20000000000002,14520,0.5775336254552008,0.5192680331833399,547
PAK,Pakistan,admin2,PK12022,Azad Kashmir,PK1102022,Sudhnoti,48,2025-12-16,2025-12-31,0,0,0.93,93,0,0.1374385271921675,198
PAK,Pakistan,admin2,PK12022,Azad Kashmir,PK1092022,Poonch,48,2025-12-16,2025-12-31,0,0,2.4799999999999995,248,0,0.289595737355899,1383
PAK,Pakistan,admin2,PK12022,Azad Kashmir,PK1082022,Neelum,48,2025-12-16,2025-12-31,0.06,6,2.2,220,0.6597187787010007,0.07454722724976744,137
PAK,Pakistan,admin2,PK12022,Azad Kashmir,PK1072022,Muzaffarabad,48,2025-12-16,2025-12-31,0.12,12,6.090000000000001,609,0.7306991549201605,0.36960485089498457,4281
PAK,Pakistan,admin2,PK12022,Azad Kashmir,PK1062022,Mirpur,48,2025-12-16,2025-12-31,37.55,3755,97.46,9746,15.374710858613838,9.064234821975756,15321
PAK,Pakistan,admin2,PK12022,Azad Kashmir,PK1052022,Kotli,48,2025-12-16,2025-12-31,0.43,43,15.76,1576,0.2410406095722468,0.8202720266807622,4942
PAK,Pakistan,admin2,PK12022,Azad Kashmir,PK1042022,Haveli,48,2025-12-16,2025-12-31,0,0,1.93,193,0,0.2944772016965094,209
PAK,Pakistan,admin2,PK12022,Azad Kashmir,PK1032022,Jhelum Valley,48,2025-12-16,2025-12-31,0,0,2.53,253,0,0.3119723241887373,620
PAK,Pakistan,admin2,PK12022,Azad Kashmir,PK1022022,Bhimber,48,2025-12-16,2025-12-31,0.1,10,2.33,233,0.0283034323294901,0.16832995492955874,522
PAK,Pakistan,admin2,PK12022,Azad Kashmir,PK1012022,Bagh,48,2025-12-16,2025-12-31,0.01,1,0.52,52,0.2285150999193476,0.06200800726326062,641
PAK,Pakistan,admin2,PK62022,Punjab,PK6112022,Hafizabad,48,2025-12-16,2025-12-31,27.59,2759,59.07,5907,1.167597415458159,2.1925812344298485,24969
PAK,Pakistan,admin2,PK62022,Punjab,PK6102022,Gujrat,48,2025-12-16,2025-12-31,6.34,634,30.869999999999997,3087,0.2436434190024203,0.8174105874714734,14374
PAK,Pakistan,admin2,PK62022,Punjab,PK6092022,Gujranwala,48,2025-12-16,2025-12-31,26.46,2646,93.13,9313,0.7419042351644999,2.172148763371636,67745
PAK,Pakistan,admin2,PK62022,Punjab,PK6082022,Faisalabad,48,2025-12-16,2025-12-31,6.59,659,14.32,1432,0.1325577583682797,0.20522594873388778,8123
PAK,Pakistan,admin2,PK62022,Punjab,PK6072022,Dera Ghazi Khan,48,2025-12-16,2025-12-31,84.01,8401,213.3,21330,1.7660199543754993,1.558254891348682,44646
PAK,Pakistan,admin2,PK62022,Punjab,PK6062022,Chiniot,48,2025-12-16,2025-12-31,2.35,235,7.359999999999999,736,0.102615258382909,0.2400259946310555,3712
PAK,Pakistan,admin2,PK62022,Punjab,PK6052022,Chakwal,48,2025-12-16,2025-12-31,1.4,140,20.369999999999997,2037,0.0428634339537036,0.26291263518943536,5221
PAK,Pakistan,admin2,PK62022,Punjab,PK6042022,Bhakkar,48,2025-12-16,2025-12-31,15.56,1556,51.56999999999999,5157,0.3651532684323516,0.5164826555365564,5024
PAK,Pakistan,admin2,PK62022,Punjab,PK6032022,Bahawalpur,48,2025-12-16,2025-12-31,45.83,4583,83.95,8395,0.6598150925600603,0.3057538012846967,27119
PAK,Pakistan,admin2,PK62022,Punjab,PK6022022,Bahawalnagar,48,2025-12-16,2025-12-31,112.61,11261,172.51000000000002,17251,1.755424052505778,1.742667392609551,65841
PAK,Pakistan,admin2,PK62022,Punjab,PK6012022,Attock,48,2025-12-16,2025-12-31,6.07,607,58.760000000000005,5876,0.1780523853963984,0.7073367734762129,8213
PAK,Pakistan,admin2,PK52022,Khyber Pakhtunkhwa,PK5352022,Upper Dir,48,2025-12-16,2025-12-31,0.08,8,7.979999999999999,798,0.0805723480441062,0.1923393147939556,1813
PAK,Pakistan,admin2,PK52022,Khyber Pakhtunkhwa,PK5342022,Tor Ghar,48,2025-12-16,2025-12-31,1.74,174,31.009999999999998,3101,12.82955800625719,5.607173846959261,12162
PAK,Pakistan,admin2,PK52022,Khyber Pakhtunkhwa,PK5332022,Tank,48,2025-12-16,2025-12-31,1.09,109,5.73,573,0.1528389694226931,0.17127351372650867,589
PAK,Pakistan,admin2,PK52022,Khyber Pakhtunkhwa,PK5322022,Swat,48,2025-12-16,2025-12-31,0.14,14,4.5600000000000005,456,0.0426754621949795,0.08470032986145713,2531
PAK,Pakistan,admin2,PK52022,Khyber Pakhtunkhwa,PK5312022,Swabi,48,2025-12-16,2025-12-31,0.14,14,13.09,1309,0.0151371014341831,0.7300254882878573,5374
PAK,Pakistan,admin2,PK52022,Khyber Pakhtunkhwa,PK5302022,South Waziristan,48,2025-12-16,2025-12-31,0.1,10,30.69,3069,0.0510600261667616,0.4163808618896297,1105
PAK,Pakistan,admin2,PK52022,Khyber Pakhtunkhwa,PK5292022,Shangla,48,2025-12-16,2025-12-31,0.87,87,7.91,791,2.2929924455795425,0.4711181706755054,3379
PAK,Pakistan,admin2,PK52022,Khyber Pakhtunkhwa,PK5282022,Peshawar,48,2025-12-16,2025-12-31,0.32,32,4.550000000000001,455,0.0484857444483971,0.24467135728527956,1676
PAK,Pakistan,admin2,PK52022,Khyber Pakhtunkhwa,PK5272022,Orakzai,48,2025-12-16,2025-12-31,0.13,13,9.36,936,0.0891217914474803,0.5669837845203163,1379
PAK,Pakistan,admin2,PK52022,Khyber Pakhtunkhwa,PK5262022,Nowshera,48,2025-12-16,2025-12-31,1.54,154,12.840000000000002,1284,0.3096711067315731,0.6158057138427094,6371
PAK,Pakistan,admin2,PK52022,Khyber Pakhtunkhwa,PK5252022,North Waziristan,48,2025-12-16,2025-12-31,0.59,59,9.489999999999998,949,0.3855654742455331,0.16109142789106473,576
PAK,Pakistan,admin2,PK52022,Khyber Pakhtunkhwa,PK5242022,Mohmand,48,2025-12-16,2025-12-31,0.13,13,31.559999999999995,3156,0.0290674963047452,1.1475645395969434,4633
PAK,Pakistan,admin2,PK52022,Khyber Pakhtunkhwa,PK5232022,Mardan,48,2025-12-16,2025-12-31,0.16,16,0.28,28,0.019038358512729,0.018840026433032005,208
PAK,Pakistan,admin2,PK52022,Khyber Pakhtunkhwa,PK5222022,Mansehra,48,2025-12-16,2025-12-31,0.5,50,8.629999999999999,863,0.1458098870082018,0.20230871043317492,2449
PAK,Pakistan,admin2,PK52022,Khyber Pakhtunkhwa,PK5212022,Malakand,48,2025-12-16,2025-12-31,0.1,10,3.2699999999999996,327,0.0600725393581142,0.29670174829330204,631
PAK,Pakistan,admin2,PK52022,Khyber Pakhtunkhwa,PK5202022,Lower Dir,48,2025-12-16,2025-12-31,0.22,22,3.24,324,0.0564229310033043,0.17131370113982702,1259
PAK,Pakistan,admin2,PK52022,Khyber Pakhtunkhwa,PK5192022,Lakki Marwat,48,2025-12-16,2025-12-31,2.55,255,5.84,584,0.1955910866412115,0.14689427796283794,1003
PAK,Pakistan,admin2,PK52022,Khyber Pakhtunkhwa,PK5182022,Kurram,48,2025-12-16,2025-12-31,0.08,8,11,1100,0.029628484941613,0.2710611990862269,1518
PAK,Pakistan,admin2,PK52022,Khyber Pakhtunkhwa,PK5172022,Kolai Palas Kohistan,48,2025-12-16,2025-12-31,0.02,2,4.809999999999999,481,0.2037774749973029,0.3788567800908041,2061
PAK,Pakistan,admin2,PK52022,Khyber Pakhtunkhwa,PK5162022,Kohistan Upper,48,2025-12-16,2025-12-31,0.38,38,25.67,2567,2.627939142461964,0.41080084045025267,2325
PAK,Pakistan,admin2,PK52022,Khyber Pakhtunkhwa,PK5152022,Kohistan Lower,48,2025-12-16,2025-12-31,0,0,1.8300000000000003,183,0,0.20337946812684404,652
PAK,Pakistan,admin2,PK52022,Khyber Pakhtunkhwa,PK5142022,Kohat,48,2025-12-16,2025-12-31,1.22,122,44.04,4404,0.1834732530674711,1.0654354613811718,6663
PAK,Pakistan,admin2,PK52022,Khyber Pakhtunkhwa,PK5132022,Khyber,48,2025-12-16,2025-12-31,0.03,3,42.6,4260,0.0180952277325804,1.2828680920024385,7150
PAK,Pakistan,admin2,PK52022,Khyber Pakhtunkhwa,PK5122022,Karak,48,2025-12-16,2025-12-31,0.09,9,11.149999999999999,1115,0.0228857733656267,0.3605606446962552,1497
PAK,Pakistan,admin2,PK52022,Khyber Pakhtunkhwa,PK5112022,Haripur,48,2025-12-16,2025-12-31,3.14,314,77.02,7702,0.6257361601884571,3.2595975947677958,8008
PAK,Pakistan,admin2,PK52022,Khyber Pakhtunkhwa,PK5102022,Hangu,48,2025-12-16,2025-12-31,0.05,5,3.8199999999999994,382,0.0170539153850259,0.2319410907250636,807
PAK,Pakistan,admin2,PK52022,Khyber Pakhtunkhwa,PK5092022,D. I. Khan,48,2025-12-16,2025-12-31,58.37,5837,171.04,17104,1.407040027863351,1.6049276362366554,20479
PAK,Pakistan,admin2,PK52022,Khyber Pakhtunkhwa,PK5082022,Chitral Upper,48,2025-12-16,2025-12-31,0.16,16,12.29,1229,0.7266121707538601,0.11453138693381786,750
PAK,Pakistan,admin2,PK52022,Khyber Pakhtunkhwa,PK5072022,Chitral Lower,48,2025-12-16,2025-12-31,0.34,34,31.68,3168,1.1969153544774571,0.45477114769575083,2392
PAK,Pakistan,admin2,PK52022,Khyber Pakhtunkhwa,PK5062022,Charsadda,48,2025-12-16,2025-12-31,0.17,17,1.12,112,0.0306363693351074,0.10989233398619747,762
PAK,Pakistan,admin2,PK52022,Khyber Pakhtunkhwa,PK5052022,Buner,48,2025-12-16,2025-12-31,0.45,45,5.640000000000001,564,0.1012637629367215,0.2615046261972104,2037
PAK,Pakistan,admin2,PK52022,Khyber Pakhtunkhwa,PK5042022,Batagram,48,2025-12-16,2025-12-31,0.14,14,5.629999999999999,563,0.3006812071718784,0.33771402198310896,2877
PAK,Pakistan,admin2,PK52022,Khyber Pakhtunkhwa,PK5032022,Bannu,48,2025-12-16,2025-12-31,6.88,688,24.900000000000002,2490,1.0798957258005395,1.0272284373717535,6015
PAK,Pakistan,admin2,PK52022,Khyber Pakhtunkhwa,PK5022022,Bajaur,48,2025-12-16,2025-12-31,0.16,16,5.710000000000001,571,0.0309734076593896,0.34598523349613186,1366
PAK,Pakistan,admin2,PK52022,Khyber Pakhtunkhwa,PK5012022,Abbottabad,48,2025-12-16,2025-12-31,0,0,2.89,289,0,0.1610072141150816,927
PAK,Pakistan,admin2,PK42022,Islamabad,PK4012022,Islamabad,48,2025-12-16,2025-12-31,0.21,21,5.609999999999999,561,0.0793817503208994,0.5361519234663414,5809
PAK,Pakistan,admin2,PK32022,Gilgit Baltistan,PK3142022,Rondu,48,2025-12-16,2025-12-31,0.07,7,10.55,1055,1.2619478536281885,0.5836075364976256,486
PAK,Pakistan,admin2,PK32022,Gilgit Baltistan,PK3132022,Gupis-Yasin,48,2025-12-16,2025-12-31,1.09,109,27.809999999999995,2781,3.1107305936073057,0.3503753416629572,1462
PAK,Pakistan,admin2,PK32022,Gilgit Baltistan,PK3122022,Tangir,48,2025-12-16,2025-12-31,0,0,0.39999999999999997,40,0,0.04335150483911151,40
PAK,Pakistan,admin2,PK32022,Gilgit Baltistan,PK3112022,Darel,48,2025-12-16,2025-12-31,0.06,6,6.470000000000001,647,0.3129410320917961,0.39075228358632935,151
PAK,Pakistan,admin2,PK32022,Gilgit Baltistan,PK3102022,Shigar,48,2025-12-16,2025-12-31,0.16,16,44.89,4489,0.8270309386598449,0.42689563916759726,474
PAK,Pakistan,admin2,PK32022,Gilgit Baltistan,PK3092022,Kharmang,48,2025-12-16,2025-12-31,0.37,37,15.57,1557,19.270833333333336,0.25973353439952107,780
PAK,Pakistan,admin2,PK32022,Gilgit Baltistan,PK3082022,Nagar,48,2025-12-16,2025-12-31,0.01,1,15.879999999999999,1588,0.2260918908375152,0.42276362567823195,1984
PAK,Pakistan,admin2,PK32022,Gilgit Baltistan,PK3072022,Skardu,48,2025-12-16,2025-12-31,0.44,44,21.96,2196,1.9284314736516448,1.0574843132178726,1439
PAK,Pakistan,admin2,PK32022,Gilgit Baltistan,PK3062022,Hunza,48,2025-12-16,2025-12-31,0,0,73.92,7392,0,0.5189755930152964,354
PAK,Pakistan,admin2,PK32022,Gilgit Baltistan,PK3052022,Gilgit,48,2025-12-16,2025-12-31,0.42,42,19.82,1982,2.547840401945018,0.5115756012296278,1248
PAK,Pakistan,admin2,PK32022,Gilgit Baltistan,PK3042022,Ghizer,48,2025-12-16,2025-12-31,0.61,61,23.380000000000003,2338,3.317564858339661,0.43447948251736507,1383
PAK,Pakistan,admin2,PK32022,Gilgit Baltistan,PK3032022,Ghanche,48,2025-12-16,2025-12-31,0.35,35,45.1,4510,3.800217155266016,0.4399121841870015,2603
PAK,Pakistan,admin2,PK32022,Gilgit Baltistan,PK3022022,Diamir,48,2025-12-16,2025-12-31,0.1,10,50.080000000000005,5008,0.4892367906066536,1.0256277060574308,964
PAK,Pakistan,admin2,PK32022,Gilgit Baltistan,PK3012022,Astore,48,2025-12-16,2025-12-31,0,0,6.3199999999999985,632,0,0.1460335631449994,340
PAK,Pakistan,admin2,PK22022,Balochistan,PK2362022,Usta Muhammad,48,2025-12-16,2025-12-31,5.5,550,7.57,757,0.5722207686069357,0.6775132192029987,374
PAK,Pakistan,admin2,PK22022,Balochistan,PK2352022,Chaman,48,2025-12-16,2025-12-31,0,0,8.75,875,0,0.4674775085440229,445
PAK,Pakistan,admin2,PK22022,Balochistan,PK2342022,Duki,48,2025-12-16,2025-12-31,0,0,5.17,517,0,0.1128103037432509,83
PAK,Pakistan,admin2,PK22022,Balochistan,PK2332022,Shaheed Sikandarabad,48,2025-12-16,2025-12-31,0.02,2,4.96,496,0.0070609569645749,0.1176617112679102,56
PAK,Pakistan,admin2,PK22022,Balochistan,PK2322022,Ziarat,48,2025-12-16,2025-12-31,0,0,24.72,2472,0,0.6735441699540979,618
PAK,Pakistan,admin2,PK22022,Balochistan,PK2312022,Zhob,48,2025-12-16,2025-12-31,0,0,40.04,4004,0,0.28995249185984245,537
PAK,Pakistan,admin2,PK22022,Balochistan,PK2302022,Washuk,48,2025-12-16,2025-12-31,0.04,4,418.77000000000004,41877,0.0162054495113659,0.9456845830554663,1097
PAK,Pakistan,admin2,PK22022,Balochistan,PK2292022,Sohbatpur,48,2025-12-16,2025-12-31,36.28,3628,83.49000000000001,8349,5.20120910655175,9.290162297203757,9371
PAK,Pakistan,admin2,PK22022,Balochistan,PK2282022,Sibi,48,2025-12-16,2025-12-31,0,0,53.97,5397,0,1.0679814936752956,388
PAK,Pakistan,admin2,PK62022,Punjab,PK6122022,Jhang,48,2025-12-16,2025-12-31,43.21,4321,142.59,14259,0.8256310563970554,1.9166945082954,39416
PAK,Pakistan,admin2,PK62022,Punjab,PK6132022,Jhelum,48,2025-12-16,2025-12-31,6.44,644,80.43,8043,0.3927061117022899,1.8884108751304043,21274
PAK,Pakistan,admin2,PK62022,Punjab,PK6142022,Kasur,48,2025-12-16,2025-12-31,4.32,432,12.889999999999999,1289,0.1177678691173063,0.2761203003969116,5814
PAK,Pakistan,admin2,PK62022,Punjab,PK6152022,Khanewal,48,2025-12-16,2025-12-31,19.37,1937,66.27000000000001,6627,0.474383857547176,1.3083620071217816,25460
PAK,Pakistan,admin2,PK62022,Punjab,PK6162022,Khushab,48,2025-12-16,2025-12-31,9.41,941,55.21,5521,0.2934673474999872,0.7059084343666883,16017
PAK,Pakistan,admin2,PK62022,Punjab,PK6172022,Lahore,48,2025-12-16,2025-12-31,12.32,1232,22,2200,1.2144961105274936,1.0814354638929216,77866
PAK,Pakistan,admin2,PK62022,Punjab,PK6182022,Leiah,48,2025-12-16,2025-12-31,67.56,6756,138.3,13830,1.5057548068161826,1.8431981196698004,21398
PAK,Pakistan,admin2,PK62022,Punjab,PK6192022,Lodhran,48,2025-12-16,2025-12-31,2.26,226,3.0399999999999996,304,0.0820864445610401,0.09872321037691979,1285
PAK,Pakistan,admin2,PK62022,Punjab,PK6202022,Mandi Bahauddin,48,2025-12-16,2025-12-31,25.53,2553,96.62,9662,1.0178398193746478,2.9658995048070573,49308
PAK,Pakistan,admin2,PK62022,Punjab,PK6212022,Mianwali,48,2025-12-16,2025-12-31,65.19,6519,194.54000000000002,19454,1.816565984194501,2.7398319781582248,26582
PAK,Pakistan,admin2,PK62022,Punjab,PK6222022,Multan,48,2025-12-16,2025-12-31,41.61,4161,92.34,9234,1.4182132989166014,2.1859246604184475,43660
PAK,Pakistan,admin2,PK62022,Punjab,PK6232022,Muzaffargarh,48,2025-12-16,2025-12-31,154.41,15441,401.65,40165,2.725055851306797,4.506720521861213,145001
PAK,Pakistan,admin2,PK62022,Punjab,PK6242022,Nankana Sahib,48,2025-12-16,2025-12-31,15.08,1508,22.14,2214,0.6980980721589843,0.8581811590831215,9389
PAK,Pakistan,admin2,PK62022,Punjab,PK6252022,Narowal,48,2025-12-16,2025-12-31,0.16,16,0.6,60,0.0064545326504669,0.022279112104866033,347
PAK,Pakistan,admin2,PK62022,Punjab,PK6262022,Okara,48,2025-12-16,2025-12-31,29.34,2934,38.82,3882,0.6566059635183278,0.7497722586930383,16664
PAK,Pakistan,admin2,PK62022,Punjab,PK6272022,Pakpattan,48,2025-12-16,2025-12-31,15.07,1507,19.220000000000002,1922,0.509581115531322,0.5734378276966225,7316
PAK,Pakistan,admin2,PK62022,Punjab,PK6282022,Rahim Yar Khan,48,2025-12-16,2025-12-31,124.63,12463,292.08,29208,1.790354799939379,1.992006464400697,75928
PAK,Pakistan,admin2,PK62022,Punjab,PK6292022,Rajanpur,48,2025-12-16,2025-12-31,119.02,11902,247.22000000000003,24722,2.1748041634715003,1.7093520822123702,47135
PAK,Pakistan,admin2,PK62022,Punjab,PK6302022,Rawalpindi,48,2025-12-16,2025-12-31,6.6,660,67.44,6744,0.2900452489545577,1.0737286961580055,13672
PAK,Pakistan,admin2,PK62022,Punjab,PK6312022,Sahiwal,48,2025-12-16,2025-12-31,0.25,25,1,100,0.0079984646962698,0.02670922937735339,1850
PAK,Pakistan,admin2,PK62022,Punjab,PK6322022,Sargodha,48,2025-12-16,2025-12-31,20.08,2008,77.22,7722,0.4251751694877814,1.1157053809594955,28208
PAK,Pakistan,admin2,PK62022,Punjab,PK6332022,Sheikhupura,48,2025-12-16,2025-12-31,13.52,1352,20.97,2097,0.3781711030746281,0.4900337849169064,9354
PAK,Pakistan,admin2,PK62022,Punjab,PK6342022,Sialkot,48,2025-12-16,2025-12-31,3.68,368,12.49,1249,0.1202710790157535,0.3685379415593559,7347
PAK,Pakistan,admin2,PK62022,Punjab,PK6352022,Toba Tek Singh,48,2025-12-16,2025-12-31,1.82,182,3.22,322,0.0653944743064181,0.09439775371284614,1004
PAK,Pakistan,admin2,PK62022,Punjab,PK6362022,Vehari,48,2025-12-16,2025-12-31,14.38,1438,23.580000000000002,2358,0.3176788005604544,0.4522756008908113,10926
PAK,Pakistan,admin2,PK72022,Sindh,PK7012022,Badin,48,2025-12-16,2025-12-31,249.36,24936,586.46,58646,5.003201021683188,8.066644644230301,93573
PAK,Pakistan,admin2,PK72022,Sindh,PK7032022,Dadu,48,2025-12-16,2025-12-31,159.37,15937,242.29000000000002,24229,4.730172789434382,2.6850618818521594,75497
PAK,Pakistan,admin2,PK72022,Sindh,PK7052022,Ghotki,48,2025-12-16,2025-12-31,108.67,10867,284.33000000000004,28433,3.5070471133723844,3.934322027759184,52289
PAK,Pakistan,admin2,PK72022,Sindh,PK7062022,Hyderabad,48,2025-12-16,2025-12-31,43.45,4345,117.97999999999999,11798,8.359661579984511,10.420505961321615,279853
PAK,Pakistan,admin2,PK72022,Sindh,PK7072022,Jacobabad,48,2025-12-16,2025-12-31,64.04,6404,142.22000000000003,14222,2.6024053899378603,4.639774378575347,29816
PAK,Pakistan,admin2,PK72022,Sindh,PK7082022,Jamshoro,48,2025-12-16,2025-12-31,68.14,6814,202.89,20289,4.316588584070654,1.6205018993376852,36380
PAK,Pakistan,admin2,PK72022,Sindh,PK7092022,Kambar Shahdad Kot,48,2025-12-16,2025-12-31,119.39,11939,169.98000000000002,16998,3.477844882528692,2.680126363009249,19030
PAK,Pakistan,admin2,PK72022,Sindh,PK7102022,Kashmore,48,2025-12-16,2025-12-31,171.41,17141,398.63,39863,8.099970340571957,13.37613643303476,90254
PAK,Pakistan,admin2,PK72022,Sindh,PK7112022,Khairpur,48,2025-12-16,2025-12-31,157.46,15746,431.46,43146,4.908452458969979,2.395902718313667,124637
PAK,Pakistan,admin2,PK72022,Sindh,PK7122022,Korangi Karachi,48,2025-12-16,2025-12-31,0,0,4.03,403,0,3.783162726247967,7967
PAK,Pakistan,admin2,PK72022,Sindh,PK7132022,Larkana,48,2025-12-16,2025-12-31,73.24,7324,151.94,15194,4.761362340790777,6.987175363661888,63994
PAK,Pakistan,admin2,PK72022,Sindh,PK7142022,Malir Karachi,48,2025-12-16,2025-12-31,3.59,359,161.13,16113,1.451627251235299,5.327540570386811,28386
PAK,Pakistan,admin2,PK72022,Sindh,PK7152022,Matiari,48,2025-12-16,2025-12-31,87.64,8764,164.9,16490,7.791241771559408,10.143626534103053,48201
PAK,Pakistan,admin2,PK72022,Sindh,PK7162022,Mirpur Khas,48,2025-12-16,2025-12-31,32.04,3204,73.65,7365,1.3747090550827874,1.913871399948357,17713
PAK,Pakistan,admin2,PK72022,Sindh,PK7172022,Naushahro Feroze,48,2025-12-16,2025-12-31,97.96,9796,215.17000000000002,21517,3.889487956488703,6.294746588619707,61708
PAK,Pakistan,admin2,PK72022,Sindh,PK7182022,Sanghar,48,2025-12-16,2025-12-31,92.85,9285,490.59,49059,2.3591130239200258,4.324200614160787,73017
PAK,Pakistan,admin2,PK72022,Sindh,PK7192022,Shaheed Benazir Abad,48,2025-12-16,2025-12-31,141.91,14191,342.68,34268,4.683407548767116,6.673579741565935,79881
PAK,Pakistan,admin2,PK72022,Sindh,PK7202022,Shikarpur,48,2025-12-16,2025-12-31,121.89,12189,232.39000000000004,23239,5.663590802154841,8.014692260145521,68402
PAK,Pakistan,admin2,PK72022,Sindh,PK7212022,South Karachi,48,2025-12-16,2025-12-31,0.13,13,23.24,2324,0.7832472509557271,4.135020107827861,48180
PAK,Pakistan,admin2,PK72022,Sindh,PK7222022,Sujawal,48,2025-12-16,2025-12-31,388.75,38875,1920.6299999999997,192063,14.971546642153088,20.06833756498682,130483
PAK,Pakistan,admin2,PK72022,Sindh,PK7232022,Sukkur,48,2025-12-16,2025-12-31,118.22,11822,272.8,27280,7.133351368967833,4.654425219667572,102310
PAK,Pakistan,admin2,PK72022,Sindh,PK7242022,Tando Allahyar,48,2025-12-16,2025-12-31,16.36,1636,34.66,3466,1.5242483847472148,2.0179109891729685,10522
PAK,Pakistan,admin2,PK72022,Sindh,PK7252022,Tando Muhammad Khan,48,2025-12-16,2025-12-31,79.71,7971,165.92000000000002,16592,5.754752670534467,8.928830700847469,43599
PAK,Pakistan,admin2,PK72022,Sindh,PK7262022,Tharparkar,48,2025-12-16,2025-12-31,29.47,2947,647.65,64765,0.8557348657962313,2.9743554024795333,19602
PAK,Pakistan,admin2,PK72022,Sindh,PK7272022,Thatta,48,2025-12-16,2025-12-31,186.53,18653,1188.22,118822,9.374828527801986,14.081903169077822,101082
PAK,Pakistan,admin2,PK72022,Sindh,PK7282022,Umer Kot,48,2025-12-16,2025-12-31,29.04,2904,50.05,5005,1.5135028811370477,0.8202125987971302,12350
PAK,Pakistan,admin2,PK72022,Sindh,PK7292022,West Karachi,48,2025-12-16,2025-12-31,0,0,0.16999999999999998,17,0,0.11491601984985357,139
PAK,Pakistan,admin2,PK52022,Khyber Pakhtunkhwa,PK5142022,Kohat,47,2025-12-01,2025-12-15,0.78,78,54.16,5416,0.1173025716333012,1.310263046966491,7993
PAK,Pakistan,admin2,PK52022,Khyber Pakhtunkhwa,PK5132022,Khyber,47,2025-12-01,2025-12-15,0.1,10,50.230000000000004,5023,0.0603174257752681,1.512640006133392,8742
PAK,Pakistan,admin2,PK52022,Khyber Pakhtunkhwa,PK5122022,Karak,47,2025-12-01,2025-12-15,0.12,12,12.9,1290,0.0305143644875023,0.41715088041091414,1349
PAK,Pakistan,admin2,PK52022,Khyber Pakhtunkhwa,PK5112022,Haripur,47,2025-12-01,2025-12-15,10.38,1038,114.75,11475,2.0685163511962377,4.85638566605563,15485
PAK,Pakistan,admin2,PK52022,Khyber Pakhtunkhwa,PK5102022,Hangu,47,2025-12-01,2025-12-15,0.22,22,6.47,647,0.075037227694114,0.39250936493538285,1450
PAK,Pakistan,admin2,PK52022,Khyber Pakhtunkhwa,PK5092022,D. I. Khan,47,2025-12-01,2025-12-15,65.07,6507,208.62,20862,1.5685471066141554,1.9575538088850042,23676
PAK,Pakistan,admin2,PK52022,Khyber Pakhtunkhwa,PK5082022,Chitral Upper,47,2025-12-01,2025-12-15,0.1,10,86.91,8691,0.4541326067211626,0.8099204913277551,2695
PAK,Pakistan,admin2,PK52022,Khyber Pakhtunkhwa,PK5072022,Chitral Lower,47,2025-12-01,2025-12-15,0.24,24,185.16,18516,0.8448814266899699,2.46321010368658,7508
PAK,Pakistan,admin2,PK52022,Khyber Pakhtunkhwa,PK5062022,Charsadda,47,2025-12-01,2025-12-15,0.3,30,1.26,126,0.0540641811796013,0.12362887573447215,845
PAK,Pakistan,admin2,PK52022,Khyber Pakhtunkhwa,PK5052022,Buner,47,2025-12-01,2025-12-15,0.17,17,3.3200000000000003,332,0.0382551993316503,0.15659788740460204,992
PAK,Pakistan,admin2,PK52022,Khyber Pakhtunkhwa,PK5042022,Batagram,47,2025-12-01,2025-12-15,0.14,14,7.6,760,0.3006812071718784,0.41928604154579474,2642
PAK,Pakistan,admin2,PK52022,Khyber Pakhtunkhwa,PK5032022,Bannu,47,2025-12-01,2025-12-15,1.46,146,18.36,1836,0.2291639185565098,0.7574262694837501,777
PAK,Pakistan,admin2,PK52022,Khyber Pakhtunkhwa,PK5022022,Bajaur,47,2025-12-01,2025-12-15,0.08,8,6.34,634,0.0154867038296948,0.38035350737715634,1986
PAK,Pakistan,admin2,PK52022,Khyber Pakhtunkhwa,PK5012022,Abbottabad,47,2025-12-01,2025-12-15,0,0,2.4400000000000004,244,0,0.13593688665771586,1055
PAK,Pakistan,admin2,PK42022,Islamabad,PK4012022,Islamabad,47,2025-12-01,2025-12-15,0.23,23,6.32,632,0.0869419170181279,0.5942565086316531,6638
PAK,Pakistan,admin2,PK32022,Gilgit Baltistan,PK3142022,Rondu,47,2025-12-01,2025-12-15,0.15,15,51.989999999999995,5199,2.704173972060404,2.6792128874314085,1660
PAK,Pakistan,admin2,PK32022,Gilgit Baltistan,PK3132022,Gupis-Yasin,47,2025-12-01,2025-12-15,1.07,107,79.94,7994,3.0536529680365296,0.832990243364716,1899
PAK,Pakistan,admin2,PK32022,Gilgit Baltistan,PK3122022,Tangir,47,2025-12-01,2025-12-15,1.38,138,11.69,1169,10.569186271771352,0.9119796951550428,720
PAK,Pakistan,admin2,PK32022,Gilgit Baltistan,PK3112022,Darel,47,2025-12-01,2025-12-15,0.26,26,31.49,3149,1.3560778057311162,1.5524214019423057,792
PAK,Pakistan,admin2,PK32022,Gilgit Baltistan,PK3102022,Shigar,47,2025-12-01,2025-12-15,0.29,29,120.96999999999998,12097,1.498993576320969,1.1504024386300808,1564
PAK,Pakistan,admin2,PK32022,Gilgit Baltistan,PK3092022,Kharmang,47,2025-12-01,2025-12-15,0.41,41,99.96000000000001,9996,21.354166666666664,1.3707046824940683,3950
PAK,Pakistan,admin2,PK32022,Gilgit Baltistan,PK3082022,Nagar,47,2025-12-01,2025-12-15,0.27,27,66.74,6674,6.104481052612912,1.7767786132093997,5334
PAK,Pakistan,admin2,PK32022,Gilgit Baltistan,PK3072022,Skardu,47,2025-12-01,2025-12-15,1.02,102,91.21,9121,4.470454779828813,3.7134861998106268,6262
PAK,Pakistan,admin2,PK32022,Gilgit Baltistan,PK3062022,Hunza,47,2025-12-01,2025-12-15,0,0,220.79000000000002,22079,0,1.5497362004032245,959
PAK,Pakistan,admin2,PK32022,Gilgit Baltistan,PK3052022,Gilgit,47,2025-12-01,2025-12-15,2.27,227,144.88,14488,13.770470743845692,2.9157900015593756,7829
PAK,Pakistan,admin2,PK32022,Gilgit Baltistan,PK3042022,Ghizer,47,2025-12-01,2025-12-15,1.56,156,77.82,7782,8.484264227885035,1.4461588250428303,2419
PAK,Pakistan,admin2,PK32022,Gilgit Baltistan,PK3032022,Ghanche,47,2025-12-01,2025-12-15,0.85,85,134.07999999999998,13408,9.229098805646036,1.2593622348219407,7104
PAK,Pakistan,admin2,PK32022,Gilgit Baltistan,PK3022022,Diamir,47,2025-12-01,2025-12-15,0.68,68,161.53000000000003,16153,3.326810176125244,3.3038912695027225,2852
PAK,Pakistan,admin2,PK32022,Gilgit Baltistan,PK3012022,Astore,47,2025-12-01,2025-12-15,0.49,49,65.31,6531,2.546777546777547,1.0385922354194534,2209
PAK,Pakistan,admin2,PK22022,Balochistan,PK2362022,Usta Muhammad,47,2025-12-01,2025-12-15,16.66,1666,18.51,1851,1.7333087281802817,1.6566406456337526,1196
PAK,Pakistan,admin2,PK22022,Balochistan,PK2352022,Chaman,47,2025-12-01,2025-12-15,0.01,1,7.91,791,0.0345683028996705,0.4161677127925532,271
PAK,Pakistan,admin2,PK22022,Balochistan,PK2342022,Duki,47,2025-12-01,2025-12-15,0,0,5.04,504,0,0.1099736810185657,85
PAK,Pakistan,admin2,PK22022,Balochistan,PK2332022,Shaheed Sikandarabad,47,2025-12-01,2025-12-15,0.08,8,6.050000000000001,605,0.0282438278582996,0.14351882120380186,81
PAK,Pakistan,admin2,PK22022,Balochistan,PK2322022,Ziarat,47,2025-12-01,2025-12-15,0,0,36.39,3639,0,0.9844552098738902,821
PAK,Pakistan,admin2,PK22022,Balochistan,PK2312022,Zhob,47,2025-12-01,2025-12-15,0.01,1,69.47999999999999,6948,0.0047708049189805,0.4956213331944192,806
PAK,Pakistan,admin2,PK22022,Balochistan,PK2302022,Washuk,47,2025-12-01,2025-12-15,0.02,2,458.22,45822,0.0081027247556829,1.0347722846614509,1263
PAK,Pakistan,admin2,PK22022,Balochistan,PK2292022,Sohbatpur,47,2025-12-01,2025-12-15,23.97,2397,73.03,7303,3.436410757553623,8.126249282127086,8990
PAK,Pakistan,admin2,PK22022,Balochistan,PK2282022,Sibi,47,2025-12-01,2025-12-15,0.15,15,38.24,3824,0.0222054976283948,0.6674851103424534,277
PAK,Pakistan,admin2,PK22022,Balochistan,PK2272022,Sherani,47,2025-12-01,2025-12-15,0,0,30.88,3088,0,0.863918885889574,757
PAK,Pakistan,admin2,PK22022,Balochistan,PK2262022,Quetta,47,2025-12-01,2025-12-15,0.03,3,27.94,2794,0.016557968473628,0.6595059356645,750
PAK,Pakistan,admin2,PK22022,Balochistan,PK2252022,Pishin,47,2025-12-01,2025-12-15,0.04,4,9.600000000000001,960,0.00791567601076,0.13550431842797456,202
PAK,Pakistan,admin2,PK22022,Balochistan,PK2242022,Panjgur,47,2025-12-01,2025-12-15,0,0,26.259999999999998,2626,0,0.13423282052178254,287
PAK,Pakistan,admin2,PK22022,Balochistan,PK2232022,Nushki,47,2025-12-01,2025-12-15,0.08,8,93.82000000000001,9382,0.0369099162832438,1.3895291240375685,1583
PAK,Pakistan,admin2,PK22022,Balochistan,PK2222022,Nasirabad,47,2025-12-01,2025-12-15,22.37,2237,23.47,2347,0.8111409113163557,0.6366958425708852,2130
PAK,Pakistan,admin2,PK22022,Balochistan,PK2212022,Musakhel,47,2025-12-01,2025-12-15,0,0,11.550000000000002,1155,0,0.17265799230724707,270
PAK,Pakistan,admin2,PK22022,Balochistan,PK2202022,Mastung,47,2025-12-01,2025-12-15,0.06,6,13.28,1328,0.0110208172433003,0.24434192483381723,181
PAK,Pakistan,admin2,PK22022,Balochistan,PK2192022,Loralai,47,2025-12-01,2025-12-15,0.01,1,13.25,1325,0.0035628443122264,0.3002550588411938,258
PAK,Pakistan,admin2,PK22022,Balochistan,PK2182022,Lehri,47,2025-12-01,2025-12-15,2.27,227,7.7700000000000005,777,0.1393531217735394,0.20847409337311965,323
PAK,Pakistan,admin2,PK22022,Balochistan,PK2172022,Lasbela,47,2025-12-01,2025-12-15,2.8,280,226.57999999999998,22658,0.2927283690237135,1.4451042746034823,2141
PAK,Pakistan,admin2,PK22022,Balochistan,PK2162022,Kohlu,47,2025-12-01,2025-12-15,0,0,26.380000000000003,2638,0,0.30600393977172535,282
PAK,Pakistan,admin2,PK22022,Balochistan,PK2152022,Killa Saifullah,47,2025-12-01,2025-12-15,0.93,93,162.81000000000003,16281,0.1182980583305453,1.121911957371695,1913
PAK,Pakistan,admin2,PK22022,Balochistan,PK2142022,Killa Abdullah,47,2025-12-01,2025-12-15,0.02,2,2.74,274,0.0096494962395345,0.07925062999827225,45
PAK,Pakistan,admin2,PK22022,Balochistan,PK2132022,Khuzdar,47,2025-12-01,2025-12-15,0.19,19,207.07,20707,0.0138175300051442,0.5914960756448863,1766
PAK,Pakistan,admin2,PK22022,Balochistan,PK2122022,Kharan,47,2025-12-01,2025-12-15,0,0,96.11999999999999,9612,0,1.0768884069873883,791
PAK,Pakistan,admin2,PK22022,Balochistan,PK2112022,Kech,47,2025-12-01,2025-12-15,0,0,238.56,23856,0,0.8822342006538263,1732
PAK,Pakistan,admin2,PK22022,Balochistan,PK2102022,Kalat,47,2025-12-01,2025-12-15,0,0,40.589999999999996,4059,0,0.3636414125547023,404
PAK,Pakistan,admin2,PK22022,Balochistan,PK2092022,Kachhi,47,2025-12-01,2025-12-15,2.36,236,15.120000000000001,1512,0.1602402677402392,0.24499673626805996,349
PAK,Pakistan,admin2,PK22022,Balochistan,PK2082022,Jhal Magsi,47,2025-12-01,2025-12-15,14.57,1457,17.55,1755,0.8514031302788742,0.39844841192410085,683
PAK,Pakistan,admin2,PK22022,Balochistan,PK2072022_1,Jaffarabad,47,2025-12-01,2025-12-15,6.55,655,11.82,1182,0.9145901732522084,1.4524713553623616,1759
PAK,Pakistan,admin2,PK22022,Balochistan,PK2062022,Harnai,47,2025-12-01,2025-12-15,0.6,60,28.040000000000003,2804,0.8097568824042476,0.7893518072846719,416
PAK,Pakistan,admin2,PK22022,Balochistan,PK2052022,Gwadar,47,2025-12-01,2025-12-15,0.08,8,263.33,26333,0.3072441853284877,2.0464727883392637,2656
PAK,Pakistan,admin2,PK22022,Balochistan,PK2042022,Dera Bugti,47,2025-12-01,2025-12-15,4.86,486,24.990000000000002,2499,0.8101749024642377,0.21165988642239728,1768
PAK,Pakistan,admin2,PK22022,Balochistan,PK2032022,Chagai,47,2025-12-01,2025-12-15,0.03,3,1244.05,124405,0.011618658319863,2.4385773163930087,3748
PAK,Pakistan,admin2,PK22022,Balochistan,PK2012022,Awaran,47,2025-12-01,2025-12-15,1.72,172,146.44,14644,0.6169924445856803,0.523959551195956,545
PAK,Pakistan,admin2,PK12022,Azad Kashmir,PK1102022,Sudhnoti,47,2025-12-01,2025-12-15,0,0,1.4000000000000001,140,0,0.20862696458519292,407
PAK,Pakistan,admin2,PK12022,Azad Kashmir,PK1092022,Poonch,47,2025-12-01,2025-12-15,0,0,1.05,105,0,0.12415894199424057,567
PAK,Pakistan,admin2,PK12022,Azad Kashmir,PK1082022,Neelum,47,2025-12-01,2025-12-15,0.07,7,8.159999999999998,816,0.7696719084845008,0.2131115705746135,404
PAK,Pakistan,admin2,PK12022,Azad Kashmir,PK1072022,Muzaffarabad,47,2025-12-01,2025-12-15,0.03,3,1.3599999999999999,136,0.1826747887300401,0.08298723214632475,647
PAK,Pakistan,admin2,PK12022,Azad Kashmir,PK1062022,Mirpur,47,2025-12-01,2025-12-15,55.87,5587,133.53,13353,22.87576819362863,12.41891315184099,23638
PAK,Pakistan,admin2,PK12022,Azad Kashmir,PK1052022,Kotli,47,2025-12-01,2025-12-15,0.52,52,21.27,2127,0.2914909697152752,1.107054949714455,6724
PAK,Pakistan,admin2,PK12022,Azad Kashmir,PK1042022,Haveli,47,2025-12-01,2025-12-15,0,0,1.3599999999999999,136,0,0.2075072509364005,205
PAK,Pakistan,admin2,PK12022,Azad Kashmir,PK1032022,Jhelum Valley,47,2025-12-01,2025-12-15,0.02,2,1.73,173,0.1456972183258532,0.21173574208277973,233
PAK,Pakistan,admin2,PK12022,Azad Kashmir,PK1022022,Bhimber,47,2025-12-01,2025-12-15,0.13,13,6.4799999999999995,648,0.0367944620283371,0.468145110705382,1451
PAK,Pakistan,admin2,PK12022,Azad Kashmir,PK1012022,Bagh,47,2025-12-01,2025-12-15,0,0,0.12,12,0,0.01461553547357619,62
PAK,Pakistan,admin2,PK52022,Khyber Pakhtunkhwa,PK5152022,Kohistan Lower,47,2025-12-01,2025-12-15,0.02,2,2.7700000000000005,277,0.5602856358143367,0.279472719826452,1015
PAK,Pakistan,admin2,PK52022,Khyber Pakhtunkhwa,PK5162022,Kohistan Upper,47,2025-12-01,2025-12-15,0.51,51,72.84,7284,3.5269709543568464,1.0803745577660517,5261
PAK,Pakistan,admin2,PK52022,Khyber Pakhtunkhwa,PK5172022,Kolai Palas Kohistan,47,2025-12-01,2025-12-15,0.07,7,10.58,1058,0.7132211624905603,0.7400582396401238,3846
PAK,Pakistan,admin2,PK52022,Khyber Pakhtunkhwa,PK5182022,Kurram,47,2025-12-01,2025-12-15,0.28,28,20.26,2026,0.1036996972956455,0.49924544486245076,2463
PAK,Pakistan,admin2,PK52022,Khyber Pakhtunkhwa,PK5192022,Lakki Marwat,47,2025-12-01,2025-12-15,0.09,9,3.39,339,0.0069032148226309,0.08813183180358201,277
PAK,Pakistan,admin2,PK52022,Khyber Pakhtunkhwa,PK5202022,Lower Dir,47,2025-12-01,2025-12-15,0.13,13,2.7499999999999996,275,0.0333408228655889,0.14032177177982988,1184
PAK,Pakistan,admin2,PK52022,Khyber Pakhtunkhwa,PK5212022,Malakand,47,2025-12-01,2025-12-15,0,0,2.75,275,0,0.312163422726699,401
PAK,Pakistan,admin2,PK52022,Khyber Pakhtunkhwa,PK5222022,Mansehra,47,2025-12-01,2025-12-15,0.93,93,13.7,1370,0.2712063898352553,0.2828923539407584,3194
PAK,Pakistan,admin2,PK52022,Khyber Pakhtunkhwa,PK5232022,Mardan,47,2025-12-01,2025-12-15,0,0,0.09,9,0,0.013936442655910599,38
PAK,Pakistan,admin2,PK52022,Khyber Pakhtunkhwa,PK5242022,Mohmand,47,2025-12-01,2025-12-15,0.3,30,37.18,3718,0.0670788376263351,1.3519153860017226,5363
PAK,Pakistan,admin2,PK52022,Khyber Pakhtunkhwa,PK5252022,North Waziristan,47,2025-12-01,2025-12-15,0.22,22,14.120000000000001,1412,0.1437701768373174,0.23968503285793832,491
PAK,Pakistan,admin2,PK52022,Khyber Pakhtunkhwa,PK5262022,Nowshera,47,2025-12-01,2025-12-15,0.47,47,10.28,1028,0.0945100130934022,0.4930282506466551,2786
PAK,Pakistan,admin2,PK52022,Khyber Pakhtunkhwa,PK5272022,Orakzai,47,2025-12-01,2025-12-15,0.04,4,12.589999999999998,1259,0.0274220896761478,0.7626416503323484,2374
PAK,Pakistan,admin2,PK52022,Khyber Pakhtunkhwa,PK5282022,Peshawar,47,2025-12-01,2025-12-15,0.26,26,8.25,825,0.0393946673643226,0.44363487859418815,1993
PAK,Pakistan,admin2,PK52022,Khyber Pakhtunkhwa,PK5292022,Shangla,47,2025-12-01,2025-12-15,1.14,114,10.06,1006,3.0046107907594,0.5991717821739043,4423
PAK,Pakistan,admin2,PK52022,Khyber Pakhtunkhwa,PK5302022,South Waziristan,47,2025-12-01,2025-12-15,0.04,4,38.959999999999994,3896,0.0204240104667046,0.5285825473841632,1171
PAK,Pakistan,admin2,PK52022,Khyber Pakhtunkhwa,PK5312022,Swabi,47,2025-12-01,2025-12-15,0.27,27,18.02,1802,0.0291929813373531,1.004970152707959,9660
PAK,Pakistan,admin2,PK52022,Khyber Pakhtunkhwa,PK5322022,Swat,47,2025-12-01,2025-12-15,0.1,10,12.78,1278,0.0304824729964139,0.19471423942203622,2524
PAK,Pakistan,admin2,PK52022,Khyber Pakhtunkhwa,PK5332022,Tank,47,2025-12-01,2025-12-15,0,0,1.34,134,0,0.05311958893739554,16
PAK,Pakistan,admin2,PK52022,Khyber Pakhtunkhwa,PK5342022,Tor Ghar,47,2025-12-01,2025-12-15,2.68,268,44.22,4422,19.760468653315677,7.995782893019622,18441
PAK,Pakistan,admin2,PK52022,Khyber Pakhtunkhwa,PK5352022,Upper Dir,47,2025-12-01,2025-12-15,0.28,28,21.980000000000004,2198,0.2820032181543719,0.48127557734457665,3115
PAK,Pakistan,admin2,PK62022,Punjab,PK6012022,Attock,47,2025-12-01,2025-12-15,2.93,293,65.83,6583,0.0859462090957903,0.7924434955401478,9024
PAK,Pakistan,admin2,PK62022,Punjab,PK6022022,Bahawalnagar,47,2025-12-01,2025-12-15,97.12,9712,145.87,14587,1.513957765556888,1.4735545334180926,54695
PAK,Pakistan,admin2,PK62022,Punjab,PK6032022,Bahawalpur,47,2025-12-01,2025-12-15,68.74,6874,106.08999999999999,10609,0.9896506537765338,0.38638976507794504,34041
PAK,Pakistan,admin2,PK62022,Punjab,PK6042022,Bhakkar,47,2025-12-01,2025-12-15,25.85,2585,79.08,7908,0.6066331612452629,0.7920001628821194,9891
PAK,Pakistan,admin2,PK62022,Punjab,PK6052022,Chakwal,47,2025-12-01,2025-12-15,1.53,153,27.54,2754,0.0468436099636904,0.3554547851309305,6661
PAK,Pakistan,admin2,PK62022,Punjab,PK6062022,Chiniot,47,2025-12-01,2025-12-15,2.74,274,9.629999999999999,963,0.1196450246677322,0.3140557511273186,4824
PAK,Pakistan,admin2,PK62022,Punjab,PK6072022,Dera Ghazi Khan,47,2025-12-01,2025-12-15,97.81,9781,241.68,24168,2.0561172686283493,1.765583882518282,44270
PAK,Pakistan,admin2,PK62022,Punjab,PK6082022,Faisalabad,47,2025-12-01,2025-12-15,6.61,661,15.370000000000003,1537,0.1329600580901865,0.22027394078490628,8386
PAK,Pakistan,admin2,PK62022,Punjab,PK6092022,Gujranwala,47,2025-12-01,2025-12-15,34.51,3451,112.5,11250,0.9676158411007896,2.6239314493644272,61248
PAK,Pakistan,admin2,PK62022,Punjab,PK6102022,Gujrat,47,2025-12-01,2025-12-15,13.51,1351,59.9,5990,0.5191833739310249,1.586099585019153,29744
PAK,Pakistan,admin2,PK62022,Punjab,PK6112022,Hafizabad,47,2025-12-01,2025-12-15,21.53,2153,49.93000000000001,4993,0.9111407160135616,1.8533194690212011,20088
PAK,Pakistan,admin2,PK62022,Punjab,PK6122022,Jhang,47,2025-12-01,2025-12-15,56.71,5671,156.31,15631,1.0835810508742654,2.101118722152002,39478
PAK,Pakistan,admin2,PK62022,Punjab,PK6132022,Jhelum,47,2025-12-01,2025-12-15,11.82,1182,107.45,10745,0.7207742609194203,2.5228117435380075,30674
PAK,Pakistan,admin2,PK62022,Punjab,PK6142022,Kasur,47,2025-12-01,2025-12-15,4.95,495,14.72,1472,0.1349423500302468,0.3153212429668379,6405
PAK,Pakistan,admin2,PK62022,Punjab,PK6152022,Khanewal,47,2025-12-01,2025-12-15,16.42,1642,58.11000000000001,5811,0.4021364450658044,1.1472599401516035,22543
PAK,Pakistan,admin2,PK62022,Punjab,PK6162022,Khushab,47,2025-12-01,2025-12-15,10.26,1026,60.760000000000005,6076,0.3199760877098692,0.7768700683231297,15888
PAK,Pakistan,admin2,PK62022,Punjab,PK6172022,Lahore,47,2025-12-01,2025-12-15,9.88,988,15.479999999999999,1548,0.9739627899360094,0.7609373173210191,32252
PAK,Pakistan,admin2,PK62022,Punjab,PK6182022,Leiah,47,2025-12-01,2025-12-15,76.59,7659,157,15700,1.7070124430735851,2.0924230281139455,24021
PAK,Pakistan,admin2,PK62022,Punjab,PK6192022,Lodhran,47,2025-12-01,2025-12-15,3.17,317,4.0600000000000005,406,0.115138950999335,0.13184744543759686,1982
PAK,Pakistan,admin2,PK62022,Punjab,PK6202022,Mandi Bahauddin,47,2025-12-01,2025-12-15,31.43,3143,114.92999999999999,11493,1.253063279394641,3.5279882808839202,58971
PAK,Pakistan,admin2,PK62022,Punjab,PK6212022,Mianwali,47,2025-12-01,2025-12-15,144.94,14494,340.09000000000003,34009,4.038856784002929,4.789706268386094,47509
PAK,Pakistan,admin2,PK62022,Punjab,PK6222022,Multan,47,2025-12-01,2025-12-15,40.74,4074,88.96,8896,1.388560677670328,2.1059113904139606,39668
PAK,Pakistan,admin2,PK62022,Punjab,PK6232022,Muzaffargarh,47,2025-12-01,2025-12-15,174.34,17434,421.24,42124,3.076784127432336,4.726530443492638,139219
PAK,Pakistan,admin2,PK62022,Punjab,PK6242022,Nankana Sahib,47,2025-12-01,2025-12-15,12.56,1256,19.82,1982,0.5814397736284379,0.7682543167582416,7183
PAK,Pakistan,admin2,PK62022,Punjab,PK6252022,Narowal,47,2025-12-01,2025-12-15,0.27,27,0.28,28,0.010892023847663,0.011150093754485774,184
PAK,Pakistan,admin2,PK62022,Punjab,PK6262022,Okara,47,2025-12-01,2025-12-15,26.1,2610,35.25,3525,0.5840973295101689,0.6808210231563524,14492
PAK,Pakistan,admin2,PK62022,Punjab,PK6272022,Pakpattan,47,2025-12-01,2025-12-15,8.01,801,12.209999999999999,1221,0.270852338115852,0.364291148604358,4393
PAK,Pakistan,admin2,PK62022,Punjab,PK6282022,Rahim Yar Khan,47,2025-12-01,2025-12-15,95.13,9513,253.48999999999998,25349,1.3665766839302989,1.728819907768189,60113
PAK,Pakistan,admin2,PK62022,Punjab,PK6292022,Rajanpur,47,2025-12-01,2025-12-15,112.98,11298,239.07999999999998,23908,2.0644376944127885,1.653069718531403,33198
PAK,Pakistan,admin2,PK62022,Punjab,PK6302022,Rawalpindi,47,2025-12-01,2025-12-15,5.28,528,67.89,6789,0.2320361991636462,1.0808932559633302,11977
PAK,Pakistan,admin2,PK62022,Punjab,PK6312022,Sahiwal,47,2025-12-01,2025-12-15,3.63,363,5.180000000000001,518,0.1161377073898386,0.1383538081746917,4244
PAK,Pakistan,admin2,PK62022,Punjab,PK6322022,Sargodha,47,2025-12-01,2025-12-15,24.56,2456,90.72999999999999,9073,0.5200349682579637,1.3109032532304457,31432
PAK,Pakistan,admin2,PK62022,Punjab,PK6332022,Sheikhupura,47,2025-12-01,2025-12-15,4.16,416,9.620000000000001,962,0.1163603394075779,0.23845627078849557,2842
PAK,Pakistan,admin2,PK62022,Punjab,PK6342022,Sialkot,47,2025-12-01,2025-12-15,8.78,878,29.54,2954,0.2869511069995423,0.810475308633607,19931
PAK,Pakistan,admin2,PK62022,Punjab,PK6352022,Toba Tek Singh,47,2025-12-01,2025-12-15,5.89,589,8.219999999999999,822,0.2116337657498918,0.2282127832866328,4423
PAK,Pakistan,admin2,PK62022,Punjab,PK6362022,Vehari,47,2025-12-01,2025-12-15,23.36,2336,34.24,3424,0.5160623630801262,0.6567394645674884,13533
PAK,Pakistan,admin2,PK72022,Sindh,PK7012022,Badin,47,2025-12-01,2025-12-15,254.34,25434,591.3,59130,5.103120580104676,8.133217914492679,94699
PAK,Pakistan,admin2,PK72022,Sindh,PK7032022,Dadu,47,2025-12-01,2025-12-15,134.86,13486,213.01999999999998,21302,4.002705040993416,2.3606912463252585,60576
PAK,Pakistan,admin2,PK72022,Sindh,PK7052022,Ghotki,47,2025-12-01,2025-12-15,88.76,8876,254.73999999999998,25474,2.864502639025792,3.5248802214025066,34372
PAK,Pakistan,admin2,PK72022,Sindh,PK7062022,Hyderabad,47,2025-12-01,2025-12-15,43.24,4324,114.32,11432,8.319258152325206,10.097238866742558,218325
PAK,Pakistan,admin2,PK72022,Sindh,PK7072022,Jacobabad,47,2025-12-01,2025-12-15,76.3,7630,167.14999999999998,16715,3.100617290010286,5.45308878764498,36173
PAK,Pakistan,admin2,PK72022,Sindh,PK7082022,Jamshoro,47,2025-12-01,2025-12-15,113.01,11301,264.06,26406,7.159050130405409,2.1090725592148902,49195
PAK,Pakistan,admin2,PK72022,Sindh,PK7092022,Kambar Shahdad Kot,47,2025-12-01,2025-12-15,104.95,10495,155.63,15563,3.05720596717804,2.4538655481534843,17097
PAK,Pakistan,admin2,PK72022,Sindh,PK7102022,Kashmore,47,2025-12-01,2025-12-15,180.23,18023,435.17,43517,8.516758966695548,14.602245921189416,97085
PAK,Pakistan,admin2,PK72022,Sindh,PK7112022,Khairpur,47,2025-12-01,2025-12-15,119.13,11913,344.62,34462,3.713603082923241,1.913679123870709,100816
PAK,Pakistan,admin2,PK72022,Sindh,PK7122022,Korangi Karachi,47,2025-12-01,2025-12-15,0,0,3.48,348,0,3.266850195370453,5053
PAK,Pakistan,admin2,PK72022,Sindh,PK7132022,Larkana,47,2025-12-01,2025-12-15,59.34,5934,156.38,15638,3.8577176584178687,7.19135503073217,50100
PAK,Pakistan,admin2,PK72022,Sindh,PK7142022,Malir Karachi,47,2025-12-01,2025-12-15,3.66,366,169.54000000000002,16954,1.4799319608694133,5.605587053336655,27658
PAK,Pakistan,admin2,PK72022,Sindh,PK7152022,Matiari,47,2025-12-01,2025-12-15,119.04,11904,202.05,20205,10.582718170771702,12.42886441003955,59744
PAK,Pakistan,admin2,PK72022,Sindh,PK7162022,Mirpur Khas,47,2025-12-01,2025-12-15,27.65,2765,62.879999999999995,6288,1.1863516034032169,1.6340018143754607,15072
PAK,Pakistan,admin2,PK72022,Sindh,PK7172022,Naushahro Feroze,47,2025-12-01,2025-12-15,136.39,13639,271.28999999999996,27129,5.415345675637956,7.936523688370311,83403
PAK,Pakistan,admin2,PK72022,Sindh,PK7182022,Sanghar,47,2025-12-01,2025-12-15,79.96,7996,438.94,43894,2.0316066493553606,3.8689427374788234,67956
PAK,Pakistan,admin2,PK72022,Sindh,PK7192022,Shaheed Benazir Abad,47,2025-12-01,2025-12-15,182.15,18215,379.52,37952,6.011434606496584,7.3910265656563086,85740
PAK,Pakistan,admin2,PK72022,Sindh,PK7202022,Shikarpur,47,2025-12-01,2025-12-15,119.5,11950,246.97,24697,5.55254000211259,8.51720581103446,65812
PAK,Pakistan,admin2,PK72022,Sindh,PK7212022,South Karachi,47,2025-12-01,2025-12-15,0,0,21.52,2152,0,3.945502654708699,41956
PAK,Pakistan,admin2,PK72022,Sindh,PK7222022,Sujawal,47,2025-12-01,2025-12-15,403.38,40338,2393.34,239334,15.534977452120163,25.007604290147277,148458
PAK,Pakistan,admin2,PK72022,Sindh,PK7232022,Sukkur,47,2025-12-01,2025-12-15,80.02,8002,213.51,21351,4.828377402679799,3.6428384481349823,68158
PAK,Pakistan,admin2,PK72022,Sindh,PK7242022,Tando Allahyar,47,2025-12-01,2025-12-15,16.81,1681,34.61,3461,1.5661745322494305,2.0149647873456518,10739
PAK,Pakistan,admin2,PK72022,Sindh,PK7252022,Tando Muhammad Khan,47,2025-12-01,2025-12-15,74.64,7464,161.7,16170,5.388718345611499,8.701735320196693,40232
PAK,Pakistan,admin2,PK72022,Sindh,PK7262022,Tharparkar,47,2025-12-01,2025-12-15,29.47,2947,677.76,67776,0.855734865796231,3.112636636430987,19955
PAK,Pakistan,admin2,PK72022,Sindh,PK7272022,Thatta,47,2025-12-01,2025-12-15,182.33,18233,1255.76,125576,9.16374033921694,14.882337213311647,101721
PAK,Pakistan,admin2,PK72022,Sindh,PK7282022,Umer Kot,47,2025-12-01,2025-12-15,28.46,2846,43.470000000000006,4347,1.483274517808553,0.7123804529412836,10697
PAK,Pakistan,admin2,PK72022,Sindh,PK7292022,West Karachi,47,2025-12-01,2025-12-15,0,0,0.16,16,0,0.1439286960307076,36
PAK,Pakistan,admin2,PK62022,Punjab,PK6332022,Sheikhupura,46,2025-11-16,2025-11-30,4.14,414,8.52,852,0.1158009146988876,0.21118996123887546,2269
PAK,Pakistan,admin2,PK62022,Punjab,PK6342022,Sialkot,46,2025-11-16,2025-11-30,8.33,833,26.33,2633,0.272244045706855,0.7224040242492502,15102
PAK,Pakistan,admin2,PK62022,Punjab,PK6352022,Toba Tek Singh,46,2025-11-16,2025-11-30,1.85,185,3.1399999999999997,314,0.0664724052015789,0.09205246790631585,1031
PAK,Pakistan,admin2,PK62022,Punjab,PK6362022,Vehari,46,2025-11-16,2025-11-30,23.44,2344,36.06,3606,0.5178296999399897,0.6916479290976529,12443
PAK,Pakistan,admin2,PK72022,Sindh,PK7012022,Badin,46,2025-11-16,2025-11-30,295.28,29528,658.79,65879,5.924547632670082,9.06152990003151,104127
PAK,Pakistan,admin2,PK72022,Sindh,PK7032022,Dadu,46,2025-11-16,2025-11-30,127.99,12799,210.68,21068,3.798800372213758,2.3347593267101945,56989
PAK,Pakistan,admin2,PK72022,Sindh,PK7052022,Ghotki,46,2025-11-16,2025-11-30,85.52,8552,248.86,24886,2.759939901864417,3.443517672521895,38522
PAK,Pakistan,admin2,PK72022,Sindh,PK7062022,Hyderabad,46,2025-11-16,2025-11-30,41.91,4191,111.94,11194,8.063369777149616,9.88702693092339,194149
PAK,Pakistan,admin2,PK72022,Sindh,PK7072022,Jacobabad,46,2025-11-16,2025-11-30,89.94,8994,188.32,18832,3.654908506730342,6.143737244925531,37553
PAK,Pakistan,admin2,PK72022,Sindh,PK7082022,Jamshoro,46,2025-11-16,2025-11-30,89.29,8929,236.50000000000003,23650,5.656416123740369,1.8889481945554856,42133
PAK,Pakistan,admin2,PK72022,Sindh,PK7092022,Kambar Shahdad Kot,46,2025-11-16,2025-11-30,101.53,10153,157.31,15731,2.9575809609107804,2.4803546191609884,18870
PAK,Pakistan,admin2,PK72022,Sindh,PK7102022,Kashmore,46,2025-11-16,2025-11-30,211.71,21171,489.81000000000006,48981,10.00434467535435,16.435705757882637,114939
PAK,Pakistan,admin2,PK72022,Sindh,PK7112022,Khairpur,46,2025-11-16,2025-11-30,97,9700,284.08,28408,3.023751356027486,1.5775134340946846,70289
PAK,Pakistan,admin2,PK72022,Sindh,PK7122022,Korangi Karachi,46,2025-11-16,2025-11-30,0,0,3,300,0,2.8162501684228043,5126
PAK,Pakistan,admin2,PK72022,Sindh,PK7132022,Larkana,46,2025-11-16,2025-11-30,58.79,5879,154.38,15438,3.821961933575776,7.09938220772754,51310
PAK,Pakistan,admin2,PK72022,Sindh,PK7142022,Malir Karachi,46,2025-11-16,2025-11-30,4.09,409,174.99,17499,1.6538037486218309,5.785802298839374,25779
PAK,Pakistan,admin2,PK72022,Sindh,PK7152022,Matiari,46,2025-11-16,2025-11-30,120.4,12040,201.82,20182,10.703622881056056,12.41471623476457,56589
PAK,Pakistan,admin2,PK72022,Sindh,PK7162022,Mirpur Khas,46,2025-11-16,2025-11-30,3.89,389,23.909999999999997,2391,0.1669044389598016,0.6213260715921954,3399
PAK,Pakistan,admin2,PK72022,Sindh,PK7172022,Naushahro Feroze,46,2025-11-16,2025-11-30,98.55,9855,220.75,22075,3.9129138231110825,6.457988146292699,57065
PAK,Pakistan,admin2,PK72022,Sindh,PK7282022,Umer Kot,46,2025-11-16,2025-11-30,4.04,404,11.87,1187,0.2105561859433082,0.19452394700743117,3808
PAK,Pakistan,admin2,PK72022,Sindh,PK7272022,Thatta,46,2025-11-16,2025-11-30,182.14,18214,1257.1999999999998,125720,9.154191111638092,14.899403026514143,102528
PAK,Pakistan,admin2,PK72022,Sindh,PK7262022,Tharparkar,46,2025-11-16,2025-11-30,29.58,2958,741.08,74108,0.8589289898287247,3.403435963359118,21725
PAK,Pakistan,admin2,PK72022,Sindh,PK7252022,Tando Muhammad Khan,46,2025-11-16,2025-11-30,79,7900,165.69,16569,5.703493425821389,8.916453464461288,41058
PAK,Pakistan,admin2,PK72022,Sindh,PK7242022,Tando Allahyar,46,2025-11-16,2025-11-30,9.94,994,22.86,2286,0.926102013715606,1.3309130182485303,5846
PAK,Pakistan,admin2,PK72022,Sindh,PK7232022,Sukkur,46,2025-11-16,2025-11-30,44.96,4496,166.26000000000002,16626,2.7128698828353386,2.836674255945493,54802
PAK,Pakistan,admin2,PK72022,Sindh,PK7222022,Sujawal,46,2025-11-16,2025-11-30,455.22,45522,2243.8,224380,17.53144041785448,23.44508615835295,155497
PAK,Pakistan,admin2,PK72022,Sindh,PK7212022,South Karachi,46,2025-11-16,2025-11-30,0,0,23.54,2354,0,4.317197465880533,40890
PAK,Pakistan,admin2,PK72022,Sindh,PK7202022,Shikarpur,46,2025-11-16,2025-11-30,140.48,14048,282.40999999999997,28241,6.527370874450013,9.73941811999126,69824
PAK,Pakistan,admin2,PK72022,Sindh,PK7192022,Shaheed Benazir Abad,46,2025-11-16,2025-11-30,150.57,15057,328.15,32815,4.969210588526987,6.390612793845166,75924
PAK,Pakistan,admin2,PK72022,Sindh,PK7182022,Sanghar,46,2025-11-16,2025-11-30,63.13,6313,405.36,40536,1.603993593969534,3.5729590104898534,64355
PAK,Pakistan,admin2,PK22022,Balochistan,PK2062022,Harnai,46,2025-11-16,2025-11-30,0,0,21.32,2132,0,0.6150250810567556,270
PAK,Pakistan,admin2,PK22022,Balochistan,PK2052022,Gwadar,46,2025-11-16,2025-11-30,0.07,7,227.34000000000003,22734,0.2688386621624267,1.7667759985609253,2159
PAK,Pakistan,admin2,PK22022,Balochistan,PK2042022,Dera Bugti,46,2025-11-16,2025-11-30,4.76,476,17.62,1762,0.7935046369814344,0.14923758298369902,1719
PAK,Pakistan,admin2,PK22022,Balochistan,PK2032022,Chagai,46,2025-11-16,2025-11-30,0.06,6,1180.81,118081,0.023237316639726,2.3146147509907387,3471
PAK,Pakistan,admin2,PK22022,Balochistan,PK2012022,Awaran,46,2025-11-16,2025-11-30,1.72,172,102.51,10251,0.6169924445856803,0.3667788417993544,413
PAK,Pakistan,admin2,PK12022,Azad Kashmir,PK1102022,Sudhnoti,46,2025-11-16,2025-11-30,0,0,0.51,51,0,0.09938322791680594,125
PAK,Pakistan,admin2,PK12022,Azad Kashmir,PK1082022,Neelum,46,2025-11-16,2025-11-30,0.09,9,19.08,1908,0.9895781680515012,0.4983049959024057,968
PAK,Pakistan,admin2,PK12022,Azad Kashmir,PK1072022,Muzaffarabad,46,2025-11-16,2025-11-30,0.06,6,3.0799999999999996,308,0.3653495774600802,0.18692659125723346,1435
PAK,Pakistan,admin2,PK12022,Azad Kashmir,PK1062022,Mirpur,46,2025-11-16,2025-11-30,67.83,6783,158.13,15813,27.772746672164487,14.706827954022433,28959
PAK,Pakistan,admin2,PK12022,Azad Kashmir,PK1052022,Kotli,46,2025-11-16,2025-11-30,0.72,72,19.59,1959,0.4036028811442272,1.0196147844337646,6025
PAK,Pakistan,admin2,PK12022,Azad Kashmir,PK1042022,Haveli,46,2025-11-16,2025-11-30,0,0,2,200,0,0.3051577219652947,255
PAK,Pakistan,admin2,PK12022,Azad Kashmir,PK1032022,Jhelum Valley,46,2025-11-16,2025-11-30,0,0,1.6,160,0,0.19729475047509087,452
PAK,Pakistan,admin2,PK12022,Azad Kashmir,PK1022022,Bhimber,46,2025-11-16,2025-11-30,0.01,1,2.0999999999999996,210,0.002830343232949,0.15213697907893478,446
PAK,Pakistan,admin2,PK12022,Azad Kashmir,PK1012022,Bagh,46,2025-11-16,2025-11-30,0,0,0.25,25,0,0.0433989661855679,126
PAK,Pakistan,admin2,PK22022,Balochistan,PK2152022,Killa Saifullah,46,2025-11-16,2025-11-30,0.04,4,96.07,9607,0.005088088530346,0.6623195047989126,1147
PAK,Pakistan,admin2,PK22022,Balochistan,PK2142022,Killa Abdullah,46,2025-11-16,2025-11-30,0.02,2,1.02,102,0.0096494962395345,0.0295020593424224,10
PAK,Pakistan,admin2,PK22022,Balochistan,PK2132022,Khuzdar,46,2025-11-16,2025-11-30,0.25,25,143.92,14392,0.0181809605330845,0.4111079113672285,1239
PAK,Pakistan,admin2,PK22022,Balochistan,PK2122022,Kharan,46,2025-11-16,2025-11-30,0,0,59.230000000000004,5923,0,0.6633615294576112,494
PAK,Pakistan,admin2,PK22022,Balochistan,PK2112022,Kech,46,2025-11-16,2025-11-30,0.03,3,184.45999999999998,18446,0.0124400054313226,0.6761468791755572,1651
PAK,Pakistan,admin2,PK22022,Balochistan,PK2102022,Kalat,46,2025-11-16,2025-11-30,0,0,38.82,3882,0,0.3477841743132186,397
PAK,Pakistan,admin2,PK22022,Balochistan,PK2092022,Kachhi,46,2025-11-16,2025-11-30,0.57,57,10.43,1043,0.0387020985643798,0.16900237825898576,194
PAK,Pakistan,admin2,PK22022,Balochistan,PK2082022,Jhal Magsi,46,2025-11-16,2025-11-30,6.42,642,8.07,807,0.3751549825937112,0.18321815864544097,374
PAK,Pakistan,admin2,PK22022,Balochistan,PK2072022_1,Jaffarabad,46,2025-11-16,2025-11-30,2.22,222,8.42,842,0.3099832342931148,1.0346707962902775,1463
PAK,Pakistan,admin2,PK22022,Balochistan,PK2162022,Kohlu,46,2025-11-16,2025-11-30,0,0,15.18,1518,0,0.17969292188424824,153
PAK,Pakistan,admin2,PK22022,Balochistan,PK2172022,Lasbela,46,2025-11-16,2025-11-30,1.21,121,231.85999999999999,23186,0.1265004737566762,1.4787795794402123,1882
PAK,Pakistan,admin2,PK22022,Balochistan,PK2182022,Lehri,46,2025-11-16,2025-11-30,0,0,4.84,484,0,0.23076447585257884,45
PAK,Pakistan,admin2,PK22022,Balochistan,PK2192022,Loralai,46,2025-11-16,2025-11-30,0.01,1,9.129999999999999,913,0.0035628443122264,0.2068927311109508,194
PAK,Pakistan,admin2,PK22022,Balochistan,PK2202022,Mastung,46,2025-11-16,2025-11-30,0,0,5.08,508,0,0.10387310776478884,85
PAK,Pakistan,admin2,PK22022,Balochistan,PK2212022,Musakhel,46,2025-11-16,2025-11-30,0,0,12.090000000000002,1209,0,0.18073031402550743,284
PAK,Pakistan,admin2,PK22022,Balochistan,PK2222022,Nasirabad,46,2025-11-16,2025-11-30,12.62,1262,13.089999999999998,1309,0.4576038578816455,0.3583899011986481,1119
PAK,Pakistan,admin2,PK22022,Balochistan,PK2232022,Nushki,46,2025-11-16,2025-11-30,0.08,8,80.39,8039,0.0369099162832438,1.1906229618565352,1452
PAK,Pakistan,admin2,PK22022,Balochistan,PK2242022,Panjgur,46,2025-11-16,2025-11-30,0,0,22,2200,0,0.11245704689562895,231
PAK,Pakistan,admin2,PK22022,Balochistan,PK2252022,Pishin,46,2025-11-16,2025-11-30,0.03,3,6.34,634,0.00593675700807,0.08955635619133717,199
PAK,Pakistan,admin2,PK22022,Balochistan,PK2262022,Quetta,46,2025-11-16,2025-11-30,0.03,3,21.94,2194,0.016557968473628,0.5178797504824312,723
PAK,Pakistan,admin2,PK22022,Balochistan,PK2272022,Sherani,46,2025-11-16,2025-11-30,0.01,1,31.659999999999997,3166,0.052552722746261,0.881050365081024,774
PAK,Pakistan,admin2,PK22022,Balochistan,PK2282022,Sibi,46,2025-11-16,2025-11-30,0,0,31.04,3104,0,0.6142328249709313,238
PAK,Pakistan,admin2,PK22022,Balochistan,PK2292022,Sohbatpur,46,2025-11-16,2025-11-30,24.81,2481,74.21,7421,3.556835665202561,8.25755113277627,9171
PAK,Pakistan,admin2,PK62022,Punjab,PK6262022,Okara,46,2025-11-16,2025-11-30,31.62,3162,43.28,4328,0.7076305578203655,0.8359130179349484,17415
PAK,Pakistan,admin2,PK62022,Punjab,PK6252022,Narowal,46,2025-11-16,2025-11-30,0.3,30,0.4,40,0.0121022487196256,0.014794774932238122,361
PAK,Pakistan,admin2,PK62022,Punjab,PK6242022,Nankana Sahib,46,2025-11-16,2025-11-30,11.44,1144,19.61,1961,0.529591640948195,0.7601143870650414,6085
PAK,Pakistan,admin2,PK62022,Punjab,PK6232022,Muzaffargarh,46,2025-11-16,2025-11-30,186.63,18663,463.7,46370,3.293680289679344,5.202953581444155,161569
PAK,Pakistan,admin2,PK62022,Punjab,PK6222022,Multan,46,2025-11-16,2025-11-30,56.34,5634,114.33,11433,1.92026285174144,2.706484366749416,57109
PAK,Pakistan,admin2,PK62022,Punjab,PK6212022,Mianwali,46,2025-11-16,2025-11-30,139.15,13915,344.28,34428,3.877514292079534,4.848716734040883,47958
PAK,Pakistan,admin2,PK62022,Punjab,PK6202022,Mandi Bahauddin,46,2025-11-16,2025-11-30,31.71,3171,106.30000000000001,10630,1.264226426649827,3.2630745171666296,56542
PAK,Pakistan,admin2,PK62022,Punjab,PK6192022,Lodhran,46,2025-11-16,2025-11-30,7.92,792,9.02,902,0.2876657703201051,0.29292215710520275,3723
PAK,Pakistan,admin2,PK62022,Punjab,PK6182022,Leiah,46,2025-11-16,2025-11-30,94.17,9417,174.77,17477,2.098829635255772,2.3292533288119386,27466
PAK,Pakistan,admin2,PK62022,Punjab,PK6172022,Lahore,46,2025-11-16,2025-11-30,12.56,1256,19.529999999999998,1953,1.2381551256676395,0.9600197549922159,39830
PAK,Pakistan,admin2,PK62022,Punjab,PK6162022,Khushab,46,2025-11-16,2025-11-30,5.76,576,36.1,3610,0.1796356983634353,0.4615702677166717,7536
PAK,Pakistan,admin2,PK62022,Punjab,PK6152022,Khanewal,46,2025-11-16,2025-11-30,30.61,3061,84.38,8438,0.7496587444253516,1.6659059327136856,31093
PAK,Pakistan,admin2,PK62022,Punjab,PK6142022,Kasur,46,2025-11-16,2025-11-30,5.52,552,14.86,1486,0.1504811660943358,0.31832022217983763,6388
PAK,Pakistan,admin2,PK62022,Punjab,PK6132022,Jhelum,46,2025-11-16,2025-11-30,8.07,807,86.94999999999999,8695,0.4921022238256956,2.0414935421184706,23430
PAK,Pakistan,admin2,PK62022,Punjab,PK6122022,Jhang,46,2025-11-16,2025-11-30,62.73,6273,173.2,17320,1.1986076410041029,2.3281540699681837,43500
PAK,Pakistan,admin2,PK62022,Punjab,PK6112022,Hafizabad,46,2025-11-16,2025-11-30,21.75,2175,49.28999999999999,4929,0.9204510252343224,1.8295637217715797,20023
PAK,Pakistan,admin2,PK62022,Punjab,PK6102022,Gujrat,46,2025-11-16,2025-11-30,13.8,1380,54.019999999999996,5402,0.530327946724511,1.4304023302626816,25695
PAK,Pakistan,admin2,PK62022,Punjab,PK6092022,Gujranwala,46,2025-11-16,2025-11-30,37.25,3725,117.74000000000001,11774,1.044441903245564,2.7461483453170463,63658
PAK,Pakistan,admin2,PK62022,Punjab,PK6082022,Faisalabad,46,2025-11-16,2025-11-30,8.16,816,15.94,1594,0.1641382865379609,0.24928255753809309,7790
PAK,Pakistan,admin2,PK62022,Punjab,PK6072022,Dera Ghazi Khan,46,2025-11-16,2025-11-30,161.54,16154,314.39,31439,3.395820300319226,2.29676397229776,71156
PAK,Pakistan,admin2,PK62022,Punjab,PK6062022,Chiniot,46,2025-11-16,2025-11-30,0.8,80,3.2199999999999998,322,0.034932853917586,0.10501137265108644,1607
PAK,Pakistan,admin2,PK62022,Punjab,PK6052022,Chakwal,46,2025-11-16,2025-11-30,1.86,186,28.479999999999997,2848,0.0569471336813491,0.36758722877737454,6886
PAK,Pakistan,admin2,PK62022,Punjab,PK6042022,Bhakkar,46,2025-11-16,2025-11-30,11.35,1135,62.14,6214,0.2663553725390226,0.6223430718449026,4989
PAK,Pakistan,admin2,PK62022,Punjab,PK6032022,Bahawalpur,46,2025-11-16,2025-11-30,68.67,6867,97.84,9784,0.9886428628867412,0.3563424885967211,37712
PAK,Pakistan,admin2,PK62022,Punjab,PK6022022,Bahawalnagar,46,2025-11-16,2025-11-30,67.25,6725,110.55000000000001,11055,1.0483284568956004,1.1167577546402288,39284
PAK,Pakistan,admin2,PK62022,Punjab,PK6012022,Attock,46,2025-11-16,2025-11-30,3.12,312,86.84,8684,0.091519512757292,1.0453561165533405,11464
PAK,Pakistan,admin2,PK52022,Khyber Pakhtunkhwa,PK5352022,Upper Dir,46,2025-11-16,2025-11-30,0.38,38,26.11,2611,0.3827186532095047,0.5717063386927613,2744
PAK,Pakistan,admin2,PK52022,Khyber Pakhtunkhwa,PK5342022,Tor Ghar,46,2025-11-16,2025-11-30,5.03,503,56.88,5688,37.08774527096188,10.284941903097153,25644
PAK,Pakistan,admin2,PK52022,Khyber Pakhtunkhwa,PK5332022,Tank,46,2025-11-16,2025-11-30,0,0,0.9299999999999999,93,0,0.03686658038192369,11
PAK,Pakistan,admin2,PK52022,Khyber Pakhtunkhwa,PK5322022,Swat,46,2025-11-16,2025-11-30,0.59,59,24.689999999999998,2469,0.1798465906788421,0.37617328414163365,4275
PAK,Pakistan,admin2,PK52022,Khyber Pakhtunkhwa,PK5312022,Swabi,46,2025-11-16,2025-11-30,1.01,101,20.519999999999996,2052,0.1092033746323211,1.1443944247262676,12738
PAK,Pakistan,admin2,PK52022,Khyber Pakhtunkhwa,PK5302022,South Waziristan,46,2025-11-16,2025-11-30,0.04,4,33.19,3319,0.0204240104667046,0.4502991465010363,968
PAK,Pakistan,admin2,PK52022,Khyber Pakhtunkhwa,PK5292022,Shangla,46,2025-11-16,2025-11-30,1.82,182,21.95,2195,4.796834771212376,1.3073380336697016,9996
PAK,Pakistan,admin2,PK52022,Khyber Pakhtunkhwa,PK5282022,Peshawar,46,2025-11-16,2025-11-30,0.19,19,3.71,371,0.0287884107662357,0.2411375483189507,927
PAK,Pakistan,admin2,PK52022,Khyber Pakhtunkhwa,PK5272022,Orakzai,46,2025-11-16,2025-11-30,0.06,6,9.9,990,0.0411331345142217,0.6062776356752444,1489
PAK,Pakistan,admin2,PK52022,Khyber Pakhtunkhwa,PK5262022,Nowshera,46,2025-11-16,2025-11-30,0.43,43,8.45,845,0.0864666077237509,0.4052615484401006,2742
PAK,Pakistan,admin2,PK52022,Khyber Pakhtunkhwa,PK5252022,North Waziristan,46,2025-11-16,2025-11-30,0.02,2,7.51,751,0.0130700160761197,0.12748120373676458,291
PAK,Pakistan,admin2,PK52022,Khyber Pakhtunkhwa,PK5242022,Mohmand,46,2025-11-16,2025-11-30,0.13,13,23.48,2348,0.0290674963047452,0.853764746189361,3860
PAK,Pakistan,admin2,PK52022,Khyber Pakhtunkhwa,PK5232022,Mardan,46,2025-11-16,2025-11-30,0.17,17,0.37,37,0.0202282559197746,0.021861041212546062,404
PAK,Pakistan,admin2,PK52022,Khyber Pakhtunkhwa,PK5222022,Mansehra,46,2025-11-16,2025-11-30,2.66,266,21.98,2198,0.7757085988836336,0.4538667109210125,6517
PAK,Pakistan,admin2,PK52022,Khyber Pakhtunkhwa,PK5212022,Malakand,46,2025-11-16,2025-11-30,0.01,1,4.2299999999999995,423,0.0060072539358114,0.4038516813562493,593
PAK,Pakistan,admin2,PK52022,Khyber Pakhtunkhwa,PK5202022,Lower Dir,46,2025-11-16,2025-11-30,0.08,8,2.4600000000000004,246,0.020517429455747,0.12552420311941148,1217
PAK,Pakistan,admin2,PK52022,Khyber Pakhtunkhwa,PK5192022,Lakki Marwat,46,2025-11-16,2025-11-30,0,0,1.78,178,0,0.06979176207808405,114
PAK,Pakistan,admin2,PK52022,Khyber Pakhtunkhwa,PK5182022,Kurram,46,2025-11-16,2025-11-30,0.18,18,14.7,1470,0.0666640911186292,0.3622363296879577,1720
PAK,Pakistan,admin2,PK52022,Khyber Pakhtunkhwa,PK5172022,Kolai Palas Kohistan,46,2025-11-16,2025-11-30,0.04,4,13.440000000000001,1344,0.4075549499946059,0.8929694833567571,4020
PAK,Pakistan,admin2,PK52022,Khyber Pakhtunkhwa,PK5162022,Kohistan Upper,46,2025-11-16,2025-11-30,0.43,43,133.33,13333,2.97372060857538,1.9775719355703971,8412
PAK,Pakistan,admin2,PK52022,Khyber Pakhtunkhwa,PK5152022,Kohistan Lower,46,2025-11-16,2025-11-30,0.08,8,10.32,1032,2.241142543257346,1.0221632222518677,2807
PAK,Pakistan,admin2,PK52022,Khyber Pakhtunkhwa,PK5142022,Kohat,46,2025-11-16,2025-11-30,0.5,50,55.72,5572,0.075193956175193,1.3480032676693667,7121
PAK,Pakistan,admin2,PK52022,Khyber Pakhtunkhwa,PK5132022,Khyber,46,2025-11-16,2025-11-30,0.07,7,33.64,3364,0.0422221980426877,1.0130441928394844,5968
PAK,Pakistan,admin2,PK52022,Khyber Pakhtunkhwa,PK5122022,Karak,46,2025-11-16,2025-11-30,0.1,10,8.85,885,0.0254286370729185,0.27905666469545326,968
PAK,Pakistan,admin2,PK52022,Khyber Pakhtunkhwa,PK5112022,Haripur,46,2025-11-16,2025-11-30,25.9,2590,146.16,14616,5.161326926395236,6.185702213077915,26149
PAK,Pakistan,admin2,PK52022,Khyber Pakhtunkhwa,PK5102022,Hangu,46,2025-11-16,2025-11-30,0.21,21,3.099999999999999,310,0.0716264446171088,0.1882244453527997,658
PAK,Pakistan,admin2,PK52022,Khyber Pakhtunkhwa,PK5092022,D. I. Khan,46,2025-11-16,2025-11-30,56.45,5645,197.82,19782,1.3607574023108815,1.8562136634724926,21437
PAK,Pakistan,admin2,PK52022,Khyber Pakhtunkhwa,PK5082022,Chitral Upper,46,2025-11-16,2025-11-30,0.27,27,185.72,18572,1.226158038147139,1.7303315796583962,5172
PAK,Pakistan,admin2,PK52022,Khyber Pakhtunkhwa,PK5072022,Chitral Lower,46,2025-11-16,2025-11-30,0.5,50,346.19,34619,1.7601696389374373,4.605415347781688,12615
PAK,Pakistan,admin2,PK52022,Khyber Pakhtunkhwa,PK5062022,Charsadda,46,2025-11-16,2025-11-30,0.14,14,0.93,93,0.0252299512171472,0.08060135852799555,824
PAK,Pakistan,admin2,PK52022,Khyber Pakhtunkhwa,PK5052022,Buner,46,2025-11-16,2025-11-30,0.05,5,5.109999999999999,511,0.0112515292151912,0.2410286760956371,1353
PAK,Pakistan,admin2,PK52022,Khyber Pakhtunkhwa,PK5042022,Batagram,46,2025-11-16,2025-11-30,0.17,17,9.24,924,0.3651128944229952,0.5097635557740978,3700
PAK,Pakistan,admin2,PK52022,Khyber Pakhtunkhwa,PK5032022,Bannu,46,2025-11-16,2025-11-30,1.71,171,13.5,1350,0.2684043155696108,0.5569310805027576,646
PAK,Pakistan,admin2,PK52022,Khyber Pakhtunkhwa,PK5022022,Bajaur,46,2025-11-16,2025-11-30,0.23,23,6.199999999999999,620,0.0445242735103726,0.371954534028134,1544
PAK,Pakistan,admin2,PK52022,Khyber Pakhtunkhwa,PK5012022,Abbottabad,46,2025-11-16,2025-11-30,0,0,3.32,332,0,0.17719245524320754,1045
PAK,Pakistan,admin2,PK42022,Islamabad,PK4012022,Islamabad,46,2025-11-16,2025-11-30,0.43,43,7.280000000000001,728,0.1625435839904131,0.6703031684751265,7730
PAK,Pakistan,admin2,PK32022,Gilgit Baltistan,PK3142022,Rondu,46,2025-11-16,2025-11-30,0.16,16,101.69,10169,2.8844522368644303,4.386056902715612,2867
PAK,Pakistan,admin2,PK32022,Gilgit Baltistan,PK3132022,Gupis-Yasin,46,2025-11-16,2025-11-30,1.88,188,173.84,17384,5.365296803652968,1.8114463836192432,3570
PAK,Pakistan,admin2,PK32022,Gilgit Baltistan,PK3122022,Tangir,46,2025-11-16,2025-11-30,0.69,69,25.919999999999995,2592,5.284593135885676,1.904537095136031,626
PAK,Pakistan,admin2,PK32022,Gilgit Baltistan,PK3112022,Darel,46,2025-11-16,2025-11-30,0.18,18,59.239999999999995,5924,0.938823096275388,2.907780722435158,1399
PAK,Pakistan,admin2,PK32022,Gilgit Baltistan,PK3102022,Shigar,46,2025-11-16,2025-11-30,0.96,96,262.16999999999996,26217,4.962185631959071,2.4931884544568756,3243
PAK,Pakistan,admin2,PK32022,Gilgit Baltistan,PK3092022,Kharmang,46,2025-11-16,2025-11-30,0.54,54,290.66999999999996,29067,28.125,3.9858216292572113,7497
PAK,Pakistan,admin2,PK32022,Gilgit Baltistan,PK3082022,Nagar,46,2025-11-16,2025-11-30,0.21,21,107.17,10717,4.74792970758782,2.8540705513695426,6716
PAK,Pakistan,admin2,PK32022,Gilgit Baltistan,PK3072022,Skardu,46,2025-11-16,2025-11-30,1.74,174,181.89999999999998,18190,7.626069918531505,6.995923286691082,9592
PAK,Pakistan,admin2,PK32022,Gilgit Baltistan,PK3062022,Hunza,46,2025-11-16,2025-11-30,0.11,11,439.34,43934,8.626257034781807,3.083473740086444,1779
PAK,Pakistan,admin2,PK32022,Gilgit Baltistan,PK3052022,Gilgit,46,2025-11-16,2025-11-30,2.18,218,225.84,22584,13.224504943428904,4.54515470701387,8128
PAK,Pakistan,admin2,PK32022,Gilgit Baltistan,PK3042022,Ghizer,46,2025-11-16,2025-11-30,2.82,282,199.05,19905,15.336939181176792,3.699022283793054,4640
PAK,Pakistan,admin2,PK32022,Gilgit Baltistan,PK3032022,Ghanche,46,2025-11-16,2025-11-30,1.72,172,499.22999999999996,49923,18.67535287730728,4.689076733965977,12941
PAK,Pakistan,admin2,PK32022,Gilgit Baltistan,PK3022022,Diamir,46,2025-11-16,2025-11-30,0.68,68,213.82,21382,3.326810176125244,4.373416896211676,3616
PAK,Pakistan,admin2,PK32022,Gilgit Baltistan,PK3012022,Astore,46,2025-11-16,2025-11-30,0.17,17,100.06,10006,0.8835758835758836,1.59051105838823,3104
PAK,Pakistan,admin2,PK22022,Balochistan,PK2362022,Usta Muhammad,46,2025-11-16,2025-11-30,4.49,449,5.96,596,0.4671402274627531,0.5334185979458219,276
PAK,Pakistan,admin2,PK22022,Balochistan,PK2352022,Chaman,46,2025-11-16,2025-11-30,0,0,1.4,140,0,0.07496733566089075,38
PAK,Pakistan,admin2,PK22022,Balochistan,PK2342022,Duki,46,2025-11-16,2025-11-30,0,0,4.99,499,0,0.10886129392613526,84
PAK,Pakistan,admin2,PK22022,Balochistan,PK2332022,Shaheed Sikandarabad,46,2025-11-16,2025-11-30,0.08,8,2.5700000000000003,257,0.0282438278582996,0.06096584636260675,48
PAK,Pakistan,admin2,PK22022,Balochistan,PK2322022,Ziarat,46,2025-11-16,2025-11-30,0,0,25.200000000000003,2520,0,0.6817332038698003,606
PAK,Pakistan,admin2,PK22022,Balochistan,PK2312022,Zhob,46,2025-11-16,2025-11-30,0,0,38.71,3871,0,0.28032120279456785,506
PAK,Pakistan,admin2,PK22022,Balochistan,PK2302022,Washuk,46,2025-11-16,2025-11-30,0.02,2,308.08000000000004,30808,0.0081027247556829,0.6957196225797646,847
PAK,Pakistan,admin2,PK62022,Punjab,PK6322022,Sargodha,46,2025-11-16,2025-11-30,16.3,1630,61.84,6184,0.3451372142754401,0.8934890023120331,25022
PAK,Pakistan,admin2,PK62022,Punjab,PK6312022,Sahiwal,46,2025-11-16,2025-11-30,0.27,27,1.34,134,0.0086383418719714,0.035626346251280826,2599
PAK,Pakistan,admin2,PK62022,Punjab,PK6302022,Rawalpindi,46,2025-11-16,2025-11-30,6.16,616,75.28999999999999,7529,0.2707088990242539,1.198710461650893,12852
PAK,Pakistan,admin2,PK62022,Punjab,PK6292022,Rajanpur,46,2025-11-16,2025-11-30,144.3,14430,272.88,27288,2.636735345227168,1.8867728994179742,49024
PAK,Pakistan,admin2,PK62022,Punjab,PK6282022,Rahim Yar Khan,46,2025-11-16,2025-11-30,116.44,11644,267.03,26703,1.6727025026473668,1.821163674982601,53220
PAK,Pakistan,admin2,PK62022,Punjab,PK6272022,Pakpattan,46,2025-11-16,2025-11-30,11.41,1141,18.349999999999998,1835,0.3858208711487979,0.5474809645282529,6162
PAK,Pakistan,admin2,PK52022,Khyber Pakhtunkhwa,PK5202022,Lower Dir,45,2025-11-01,2025-11-15,0,0,1.4400000000000002,144,0,0.095427752822993,476
PAK,Pakistan,admin2,PK52022,Khyber Pakhtunkhwa,PK5182022,Kurram,45,2025-11-01,2025-11-15,0.08,8,3.96,396,0.029628484941613,0.09758203167104158,396
PAK,Pakistan,admin2,PK52022,Khyber Pakhtunkhwa,PK5172022,Kolai Palas Kohistan,45,2025-11-01,2025-11-15,0.02,2,7.16,716,0.2037774749973029,0.5637970586270812,2628
PAK,Pakistan,admin2,PK52022,Khyber Pakhtunkhwa,PK5162022,Kohistan Upper,45,2025-11-01,2025-11-15,0.21,21,62.769999999999996,6277,1.4522821576763485,1.0045176764730175,4837
PAK,Pakistan,admin2,PK52022,Khyber Pakhtunkhwa,PK5152022,Kohistan Lower,45,2025-11-01,2025-11-15,0,0,3.5899999999999994,359,0,0.36351390180085613,1103
PAK,Pakistan,admin2,PK52022,Khyber Pakhtunkhwa,PK5142022,Kohat,45,2025-11-01,2025-11-15,0.43,43,44.61,4461,0.064666802310666,1.0792251574072222,5081
PAK,Pakistan,admin2,PK52022,Khyber Pakhtunkhwa,PK5132022,Khyber,45,2025-11-01,2025-11-15,0.12,12,13.829999999999998,1383,0.0723809109303217,0.4216502635569708,1788
PAK,Pakistan,admin2,PK52022,Khyber Pakhtunkhwa,PK5122022,Karak,45,2025-11-01,2025-11-15,0,0,4.21,421,0,0.15597509489411146,464
PAK,Pakistan,admin2,PK52022,Khyber Pakhtunkhwa,PK5112022,Haripur,45,2025-11-01,2025-11-15,32.86,3286,148.82,14882,6.548308988469014,6.298277253354237,31265
PAK,Pakistan,admin2,PK52022,Khyber Pakhtunkhwa,PK5092022,D. I. Khan,45,2025-11-01,2025-11-15,44.51,4451,161.74,16174,1.0729373246564633,1.5176625110203268,16301
PAK,Pakistan,admin2,PK52022,Khyber Pakhtunkhwa,PK5082022,Chitral Upper,45,2025-11-01,2025-11-15,0.11,11,71.81,7181,0.4995458673932788,0.6690453948700701,2002
PAK,Pakistan,admin2,PK52022,Khyber Pakhtunkhwa,PK5072022,Chitral Lower,45,2025-11-01,2025-11-15,0.16,16,144.92000000000002,14492,0.5632542844599799,1.9278915976790842,6952
PAK,Pakistan,admin2,PK52022,Khyber Pakhtunkhwa,PK5062022,Charsadda,45,2025-11-01,2025-11-15,0.77,77,2.25,225,0.13876473169431,0.18955280108492564,1716
PAK,Pakistan,admin2,PK52022,Khyber Pakhtunkhwa,PK5052022,Buner,45,2025-11-01,2025-11-15,0.08,8,3.33,333,0.018002446744306,0.1570607098507812,808
PAK,Pakistan,admin2,PK52022,Khyber Pakhtunkhwa,PK5042022,Batagram,45,2025-11-01,2025-11-15,0.15,15,6.1499999999999995,615,0.3221584362555841,0.36890608085188653,3456
PAK,Pakistan,admin2,PK52022,Khyber Pakhtunkhwa,PK5032022,Bannu,45,2025-11-01,2025-11-15,3.51,351,9.629999999999999,963,0.550935174063938,0.3972775040919671,490
PAK,Pakistan,admin2,PK52022,Khyber Pakhtunkhwa,PK5022022,Bajaur,45,2025-11-01,2025-11-15,0.2,20,4.37,437,0.0387167595742371,0.26216795382305585,1319
PAK,Pakistan,admin2,PK52022,Khyber Pakhtunkhwa,PK5012022,Abbottabad,45,2025-11-01,2025-11-15,0,0,2.71,271,0,0.15097908313213523,714
PAK,Pakistan,admin2,PK42022,Islamabad,PK4012022,Islamabad,45,2025-11-01,2025-11-15,0.34,34,7.07,707,0.1285228338528848,0.6509675001537287,7770
PAK,Pakistan,admin2,PK32022,Gilgit Baltistan,PK3142022,Rondu,45,2025-11-01,2025-11-15,0.11,11,58.38,5838,1.983060912844296,2.5180253907025008,1918
PAK,Pakistan,admin2,PK32022,Gilgit Baltistan,PK3132022,Gupis-Yasin,45,2025-11-01,2025-11-15,0.37,37,55.57000000000001,5557,1.0559360730593608,0.5790887543856005,1556
PAK,Pakistan,admin2,PK32022,Gilgit Baltistan,PK3122022,Tangir,45,2025-11-01,2025-11-15,0.18,18,1.66,166,1.3785895137093067,0.1295026769852322,59
PAK,Pakistan,admin2,PK32022,Gilgit Baltistan,PK3112022,Darel,45,2025-11-01,2025-11-15,0,0,27.76,2776,0,1.3815955191555755,679
PAK,Pakistan,admin2,PK32022,Gilgit Baltistan,PK3102022,Shigar,45,2025-11-01,2025-11-15,0.26,26,108.5,10850,1.343925275322248,1.0318150334079836,1481
PAK,Pakistan,admin2,PK32022,Gilgit Baltistan,PK3092022,Kharmang,45,2025-11-01,2025-11-15,0.38,38,116.67999999999999,11668,19.791666666666664,1.600046230943146,3825
PAK,Pakistan,admin2,PK32022,Gilgit Baltistan,PK3082022,Nagar,45,2025-11-01,2025-11-15,0,0,33.35,3335,0,0.8891994117654561,2065
PAK,Pakistan,admin2,PK32022,Gilgit Baltistan,PK3072022,Skardu,45,2025-11-01,2025-11-15,1.08,108,104.62,10462,4.733422708054038,4.023713547298631,6490
PAK,Pakistan,admin2,PK32022,Gilgit Baltistan,PK3062022,Hunza,45,2025-11-01,2025-11-15,0.06,6,179.22,17922,4.705231109880986,1.2578416800161432,802
PAK,Pakistan,admin2,PK32022,Gilgit Baltistan,PK3052022,Gilgit,45,2025-11-01,2025-11-15,0.41,41,112.3,11230,2.4871775352320413,2.2600995111479705,4417
PAK,Pakistan,admin2,PK32022,Gilgit Baltistan,PK3042022,Ghizer,45,2025-11-01,2025-11-15,1.43,143,69.31,6931,7.777242208894615,1.288014240088904,2274
PAK,Pakistan,admin2,PK32022,Gilgit Baltistan,PK3032022,Ghanche,45,2025-11-01,2025-11-15,0.91,91,261.62,26162,9.88056460369164,2.4572967472711555,7671
PAK,Pakistan,admin2,PK32022,Gilgit Baltistan,PK3022022,Diamir,45,2025-11-01,2025-11-15,0.27,27,113.23000000000002,11323,1.3209393346379648,2.318926221183765,1965
PAK,Pakistan,admin2,PK32022,Gilgit Baltistan,PK3012022,Astore,45,2025-11-01,2025-11-15,0.11,11,34.769999999999996,3477,0.5717255717255718,0.610702570556144,1537
PAK,Pakistan,admin2,PK22022,Balochistan,PK2362022,Usta Muhammad,45,2025-11-01,2025-11-15,3.91,391,5.19,519,0.406796946409658,0.46547911956230953,248
PAK,Pakistan,admin2,PK22022,Balochistan,PK2342022,Duki,45,2025-11-01,2025-11-15,0,0,0.5800000000000001,58,0,0.012653216528488555,14
PAK,Pakistan,admin2,PK22022,Balochistan,PK2332022,Shaheed Sikandarabad,45,2025-11-01,2025-11-15,0.08,8,2.37,237,0.0282438278582996,0.05622142252115872,48
PAK,Pakistan,admin2,PK22022,Balochistan,PK2322022,Ziarat,45,2025-11-01,2025-11-15,0,0,7.85,785,0,0.21236530358642583,190
PAK,Pakistan,admin2,PK22022,Balochistan,PK2312022,Zhob,45,2025-11-01,2025-11-15,0,0,14.700000000000001,1470,0,0.10645108966882329,318
PAK,Pakistan,admin2,PK22022,Balochistan,PK2302022,Washuk,45,2025-11-01,2025-11-15,0.02,2,203.94,20394,0.0081027247556829,0.46054615628705914,538
PAK,Pakistan,admin2,PK22022,Balochistan,PK2292022,Sohbatpur,45,2025-11-01,2025-11-15,35.67,3567,92.23,9223,5.113757685520973,10.262686174046024,11429
PAK,Pakistan,admin2,PK22022,Balochistan,PK2282022,Sibi,45,2025-11-01,2025-11-15,0,0,15.629999999999999,1563,0,0.30929313963581373,123
PAK,Pakistan,admin2,PK22022,Balochistan,PK2272022,Sherani,45,2025-11-01,2025-11-15,0,0,23.299999999999997,2330,0,0.6518558951174567,590
PAK,Pakistan,admin2,PK22022,Balochistan,PK2262022,Quetta,45,2025-11-01,2025-11-15,0.07,7,10.14,1014,0.0386352597717987,0.23934825295769596,442
PAK,Pakistan,admin2,PK22022,Balochistan,PK2252022,Pishin,45,2025-11-01,2025-11-15,0.03,3,3.94,394,0.00593675700807,0.055792224712933464,172
PAK,Pakistan,admin2,PK22022,Balochistan,PK2242022,Panjgur,45,2025-11-01,2025-11-15,0,0,5.94,594,0,0.0304063365753537,87
PAK,Pakistan,admin2,PK22022,Balochistan,PK2232022,Nushki,45,2025-11-01,2025-11-15,0.04,4,62.699999999999996,6270,0.0184549581416219,0.9286237057893365,1158
PAK,Pakistan,admin2,PK22022,Balochistan,PK2222022,Nasirabad,45,2025-11-01,2025-11-15,9.26,926,9.729999999999999,973,0.335769550236453,0.26639677147920904,816
PAK,Pakistan,admin2,PK22022,Balochistan,PK2212022,Musakhel,45,2025-11-01,2025-11-15,0,0,6.94,694,0,0.10374428282357337,163
PAK,Pakistan,admin2,PK22022,Balochistan,PK2202022,Mastung,45,2025-11-01,2025-11-15,0,0,2.4899999999999998,249,0,0.050914180774473225,24
PAK,Pakistan,admin2,PK22022,Balochistan,PK2192022,Loralai,45,2025-11-01,2025-11-15,0,0,1.06,106,0,0.025950297394440255,35
PAK,Pakistan,admin2,PK22022,Balochistan,PK2182022,Lehri,45,2025-11-01,2025-11-15,0,0,1.53,153,0,0.07294827439141428,14
PAK,Pakistan,admin2,PK22022,Balochistan,PK2172022,Lasbela,45,2025-11-01,2025-11-15,0.96,96,222.79,22279,0.1003640122367017,1.4209320387452988,1800
PAK,Pakistan,admin2,PK22022,Balochistan,PK2162022,Kohlu,45,2025-11-01,2025-11-15,0,0,1.27,127,0,0.01647127216355,9
PAK,Pakistan,admin2,PK22022,Balochistan,PK2152022,Killa Saifullah,45,2025-11-01,2025-11-15,0.03,3,35.26,3526,0.0038160663977595,0.2430871837119772,451
PAK,Pakistan,admin2,PK22022,Balochistan,PK2142022,Killa Abdullah,45,2025-11-01,2025-11-15,0.02,2,1.21,121,0.0096494962395345,0.03499754098463848,13
PAK,Pakistan,admin2,PK22022,Balochistan,PK2132022,Khuzdar,45,2025-11-01,2025-11-15,0.24,24,54.71999999999999,5472,0.0174537221117612,0.15630784401066394,490
PAK,Pakistan,admin2,PK22022,Balochistan,PK2122022,Kharan,45,2025-11-01,2025-11-15,0,0,30.06,3006,0,0.3368166886300051,260
PAK,Pakistan,admin2,PK22022,Balochistan,PK2112022,Kech,45,2025-11-01,2025-11-15,0.07,7,84.12,8412,0.0290266793397528,0.3083458499200253,957
PAK,Pakistan,admin2,PK22022,Balochistan,PK2102022,Kalat,45,2025-11-01,2025-11-15,0.02,2,23.639999999999997,2364,0.0038112797739417,0.20227857509941072,254
PAK,Pakistan,admin2,PK22022,Balochistan,PK2092022,Kachhi,45,2025-11-01,2025-11-15,0.5,50,8,800,0.0339492092669998,0.12962790278733327,184
PAK,Pakistan,admin2,PK22022,Balochistan,PK2082022,Jhal Magsi,45,2025-11-01,2025-11-15,7.09,709,8.299999999999999,830,0.4143066708083197,0.18843998968490216,380
PAK,Pakistan,admin2,PK22022,Balochistan,PK2072022_1,Jaffarabad,45,2025-11-01,2025-11-15,7.96,796,14.509999999999998,1451,1.111471416654592,1.7830253270988035,3026
PAK,Pakistan,admin2,PK22022,Balochistan,PK2062022,Harnai,45,2025-11-01,2025-11-15,0,0,2.48,248,0,0.07154137903474446,35
PAK,Pakistan,admin2,PK22022,Balochistan,PK2052022,Gwadar,45,2025-11-01,2025-11-15,0.09,9,276.57,27657,0.3456497084945487,2.149367634037103,2619
PAK,Pakistan,admin2,PK22022,Balochistan,PK2042022,Dera Bugti,45,2025-11-01,2025-11-15,4.85,485,14.84,1484,0.8085078759159573,0.12569158521442042,1730
PAK,Pakistan,admin2,PK22022,Balochistan,PK2032022,Chagai,45,2025-11-01,2025-11-15,0.02,2,847.49,84749,0.007745772213242,1.6612434306257073,2389
PAK,Pakistan,admin2,PK22022,Balochistan,PK2012022,Awaran,45,2025-11-01,2025-11-15,1.62,162,43.17,4317,0.5811207908306988,0.15446144376624843,239
PAK,Pakistan,admin2,PK12022,Azad Kashmir,PK1102022,Sudhnoti,45,2025-11-01,2025-11-15,0,0,0.31999999999999995,32,0,0.047732780662608124,89
PAK,Pakistan,admin2,PK12022,Azad Kashmir,PK1092022,Poonch,45,2025-11-01,2025-11-15,0,0,0.16,16,0,0.018816961055255058,130
PAK,Pakistan,admin2,PK12022,Azad Kashmir,PK1082022,Neelum,45,2025-11-01,2025-11-15,0.03,3,4.2299999999999995,423,0.3298593893505003,0.11966177999751579,282
PAK,Pakistan,admin2,PK12022,Azad Kashmir,PK1072022,Muzaffarabad,45,2025-11-01,2025-11-15,0.14,14,4.640000000000001,464,0.8524823474068539,0.2816036959199882,3206
PAK,Pakistan,admin2,PK12022,Azad Kashmir,PK1062022,Mirpur,45,2025-11-01,2025-11-15,70.69,7069,159.85000000000002,15985,28.943763264857846,14.866795980841626,30570
PAK,Pakistan,admin2,PK12022,Azad Kashmir,PK1052022,Kotli,45,2025-11-01,2025-11-15,0.54,54,12.21,1221,0.3027021608581704,0.6355026298078748,3630
PAK,Pakistan,admin2,PK12022,Azad Kashmir,PK1032022,Jhelum Valley,45,2025-11-01,2025-11-15,0.01,1,1.2700000000000002,127,0.0728486091629266,0.15399605131014313,473
PAK,Pakistan,admin2,PK12022,Azad Kashmir,PK1022022,Bhimber,45,2025-11-01,2025-11-15,0,0,0.06999999999999999,7,0,0.006920124932872783,42
PAK,Pakistan,admin2,PK52022,Khyber Pakhtunkhwa,PK5212022,Malakand,45,2025-11-01,2025-11-15,0,0,4.220000000000001,422,0,0.47902896142060747,634
PAK,Pakistan,admin2,PK52022,Khyber Pakhtunkhwa,PK5222022,Mansehra,45,2025-11-01,2025-11-15,2.68,268,12.55,1255,0.7815409943639616,0.2591459154712786,5532
PAK,Pakistan,admin2,PK52022,Khyber Pakhtunkhwa,PK5242022,Mohmand,45,2025-11-01,2025-11-15,0.07,7,10.61,1061,0.0156517287794781,0.3895526038990156,1683
PAK,Pakistan,admin2,PK52022,Khyber Pakhtunkhwa,PK5252022,North Waziristan,45,2025-11-01,2025-11-15,0.02,2,2.6500000000000004,265,0.0130700160761197,0.050382896969231074,46
PAK,Pakistan,admin2,PK52022,Khyber Pakhtunkhwa,PK5262022,Nowshera,45,2025-11-01,2025-11-15,1.66,166,8.97,897,0.3338013228405269,0.4302007206517994,4234
PAK,Pakistan,admin2,PK52022,Khyber Pakhtunkhwa,PK5272022,Orakzai,45,2025-11-01,2025-11-15,0.06,6,3.3500000000000005,335,0.0411331345142217,0.20515455348606754,387
PAK,Pakistan,admin2,PK52022,Khyber Pakhtunkhwa,PK5282022,Peshawar,45,2025-11-01,2025-11-15,0.17,17,2.6199999999999997,262,0.0257580517382109,0.1702912066295555,798
PAK,Pakistan,admin2,PK52022,Khyber Pakhtunkhwa,PK5292022,Shangla,45,2025-11-01,2025-11-15,2.55,255,18.58,1858,6.720839926698659,1.106621442623374,8415
PAK,Pakistan,admin2,PK52022,Khyber Pakhtunkhwa,PK5302022,South Waziristan,45,2025-11-01,2025-11-15,0.07,7,24.25,2425,0.0357420183167331,0.32900736073064546,625
PAK,Pakistan,admin2,PK52022,Khyber Pakhtunkhwa,PK5312022,Swabi,45,2025-11-01,2025-11-15,0.08,8,16.16,1616,0.0086497722481046,0.9012384943263374,8148
PAK,Pakistan,admin2,PK52022,Khyber Pakhtunkhwa,PK5322022,Swat,45,2025-11-01,2025-11-15,0.1,10,7.01,701,0.0304824729964139,0.11683899200608328,2640
PAK,Pakistan,admin2,PK52022,Khyber Pakhtunkhwa,PK5332022,Tank,45,2025-11-01,2025-11-15,0,0,0.56,56,0,0.031313408006601505,4
PAK,Pakistan,admin2,PK52022,Khyber Pakhtunkhwa,PK5342022,Tor Ghar,45,2025-11-01,2025-11-15,6.24,624,55.43,5543,46.009449401749926,10.022755444596962,24655
PAK,Pakistan,admin2,PK52022,Khyber Pakhtunkhwa,PK5352022,Upper Dir,45,2025-11-01,2025-11-15,0.04,4,9.16,916,0.0402861740220531,0.1999238307152025,1352
PAK,Pakistan,admin2,PK62022,Punjab,PK6012022,Attock,45,2025-11-01,2025-11-15,2.66,266,72.24000000000001,7224,0.0780262512610246,0.8696053185146629,9297
PAK,Pakistan,admin2,PK62022,Punjab,PK6022022,Bahawalnagar,45,2025-11-01,2025-11-15,69.69,6969,112.38,11238,1.0863644633614036,1.135244110958561,39340
PAK,Pakistan,admin2,PK62022,Punjab,PK6032022,Bahawalpur,45,2025-11-01,2025-11-15,72.77,7277,100.89,10089,1.047670615003177,0.3674508756594764,42587
PAK,Pakistan,admin2,PK62022,Punjab,PK6042022,Bhakkar,45,2025-11-01,2025-11-15,8.43,843,49.57,4957,0.1978304661236969,0.4964523024034731,3821
PAK,Pakistan,admin2,PK62022,Punjab,PK6052022,Chakwal,45,2025-11-01,2025-11-15,1.64,164,23.98,2398,0.05021145120291,0.3095063815337587,5723
PAK,Pakistan,admin2,PK62022,Punjab,PK6062022,Chiniot,45,2025-11-01,2025-11-15,1.61,161,4.66,466,0.0703023685091419,0.1578587304778511,1765
PAK,Pakistan,admin2,PK62022,Punjab,PK6072022,Dera Ghazi Khan,45,2025-11-01,2025-11-15,74.19,7419,201.01,20101,1.5595883872767324,1.4684707721987746,33625
PAK,Pakistan,admin2,PK62022,Punjab,PK6082022,Faisalabad,45,2025-11-01,2025-11-15,9.8,980,24.02,2402,0.1971268637343158,0.3442407324432951,10902
PAK,Pakistan,admin2,PK62022,Punjab,PK6092022,Gujranwala,45,2025-11-01,2025-11-15,33.47,3347,116.5,11650,0.9384555839363496,2.717226789786274,62459
PAK,Pakistan,admin2,PK62022,Punjab,PK6102022,Gujrat,45,2025-11-01,2025-11-15,16.05,1605,64.25999999999999,6426,0.6167944597774204,1.701548569838577,30564
PAK,Pakistan,admin2,PK62022,Punjab,PK6112022,Hafizabad,45,2025-11-01,2025-11-15,18.03,1803,45.16,4516,0.763022160228728,1.6762649153013705,18300
PAK,Pakistan,admin2,PK62022,Punjab,PK6122022,Jhang,45,2025-11-01,2025-11-15,34.45,3445,118.08,11808,0.6582501710918435,1.587231134999094,31886
PAK,Pakistan,admin2,PK62022,Punjab,PK6132022,Jhelum,45,2025-11-01,2025-11-15,13.14,1314,110.29,11029,0.8012668179764114,2.589491923637104,30837
PAK,Pakistan,admin2,PK62022,Punjab,PK6142022,Kasur,45,2025-11-01,2025-11-15,7.25,725,18.65,1865,0.1976428359028867,0.39950687373176125,8202
PAK,Pakistan,admin2,PK62022,Punjab,PK6152022,Khanewal,45,2025-11-01,2025-11-15,19.12,1912,67.74000000000001,6774,0.4682611954724836,1.337384070656851,24816
PAK,Pakistan,admin2,PK62022,Punjab,PK6162022,Khushab,45,2025-11-01,2025-11-15,11.28,1128,73.34,7334,0.3517865759617276,0.9377164386243966,21587
PAK,Pakistan,admin2,PK62022,Punjab,PK6172022,Lahore,45,2025-11-01,2025-11-15,11.89,1189,18.8,1880,1.172107041734732,0.9241357600539507,37759
PAK,Pakistan,admin2,PK62022,Punjab,PK6182022,Leiah,45,2025-11-01,2025-11-15,65.17,6517,133.18,13318,1.4524872818266816,1.7749611393899065,19608
PAK,Pakistan,admin2,PK62022,Punjab,PK6192022,Lodhran,45,2025-11-01,2025-11-15,1,100,1.83,183,0.0363214356464779,0.05942877466768524,344
PAK,Pakistan,admin2,PK62022,Punjab,PK6202022,Mandi Bahauddin,45,2025-11-01,2025-11-15,30.84,3084,113.72999999999999,11373,1.2295409333926417,3.491152068084297,58594
PAK,Pakistan,admin2,PK62022,Punjab,PK6212022,Mianwali,45,2025-11-01,2025-11-15,87.05,8705,253.89,25389,2.4257105219225545,3.5756962112398045,33658
PAK,Pakistan,admin2,PK62022,Punjab,PK6222022,Multan,45,2025-11-01,2025-11-15,43.15,4315,76.37,7637,1.4707018468697757,1.807873795929791,33690
PAK,Pakistan,admin2,PK62022,Punjab,PK6232022,Muzaffargarh,45,2025-11-01,2025-11-15,131.82,13182,348.29999999999995,34830,2.326383409878,3.9081059573366375,103452
PAK,Pakistan,admin2,PK62022,Punjab,PK6242022,Nankana Sahib,45,2025-11-01,2025-11-15,16.33,1633,31.36,3136,0.755964291668184,1.2155628341845848,10271
PAK,Pakistan,admin2,PK62022,Punjab,PK6252022,Narowal,45,2025-11-01,2025-11-15,1.91,191,2.75,275,0.0770509835149497,0.09763542388330528,2317
PAK,Pakistan,admin2,PK62022,Punjab,PK6262022,Okara,45,2025-11-01,2025-11-15,30.48,3048,42.18,4218,0.6821182606693467,0.8146675391981545,17515
PAK,Pakistan,admin2,PK62022,Punjab,PK6272022,Pakpattan,45,2025-11-01,2025-11-15,9.01,901,15.280000000000001,1528,0.3046666125373067,0.4558860565663055,5514
PAK,Pakistan,admin2,PK62022,Punjab,PK6282022,Rahim Yar Khan,45,2025-11-01,2025-11-15,81.26,8126,226.46000000000004,22646,1.1673291426067074,1.5444733769110586,35203
PAK,Pakistan,admin2,PK62022,Punjab,PK6292022,Rajanpur,45,2025-11-01,2025-11-15,97.2,9720,223.59000000000003,22359,1.776096157699797,1.5459672844505454,25365
PAK,Pakistan,admin2,PK62022,Punjab,PK6302022,Rawalpindi,45,2025-11-01,2025-11-15,6.05,605,69.42999999999999,6943,0.2658748115416779,1.1054119717415525,11745
PAK,Pakistan,admin2,PK62022,Punjab,PK6312022,Sahiwal,45,2025-11-01,2025-11-15,2.15,215,5.38,538,0.0687867963879209,0.14303712151633727,3488
PAK,Pakistan,admin2,PK62022,Punjab,PK6322022,Sargodha,45,2025-11-01,2025-11-15,24.2,2420,95.17,9517,0.5124123058567883,1.3750541453757472,33284
PAK,Pakistan,admin2,PK62022,Punjab,PK6332022,Sheikhupura,45,2025-11-01,2025-11-15,5.2,520,10.77,1077,0.1454504242594723,0.2669619580449164,2996
PAK,Pakistan,admin2,PK62022,Punjab,PK6342022,Sialkot,45,2025-11-01,2025-11-15,9.35,935,29.27,2927,0.3055800513036128,0.8030674435919322,17501
PAK,Pakistan,admin2,PK62022,Punjab,PK6352022,Toba Tek Singh,45,2025-11-01,2025-11-15,2.48,248,3.84,384,0.0891089539999544,0.11257371871345634,1319
PAK,Pakistan,admin2,PK62022,Punjab,PK6362022,Vehari,45,2025-11-01,2025-11-15,30.43,3043,42.54,4254,0.6722507580705583,0.8159374072050514,13891
PAK,Pakistan,admin2,PK72022,Sindh,PK7012022,Badin,45,2025-11-01,2025-11-15,266.22,26622,638.7,63870,5.341482900194492,8.785195809211018,95373
PAK,Pakistan,admin2,PK72022,Sindh,PK7032022,Dadu,45,2025-11-01,2025-11-15,136.92,13692,232.7,23270,4.0638467611806215,2.578785339498112,59153
PAK,Pakistan,admin2,PK72022,Sindh,PK7052022,Ghotki,45,2025-11-01,2025-11-15,98.96,9896,262.76,26276,3.1936816263856733,3.635854310181843,43525
PAK,Pakistan,admin2,PK72022,Sindh,PK7062022,Hyderabad,45,2025-11-01,2025-11-15,51.03,5103,130.45,13045,9.818032921210808,11.521910515802718,200381
PAK,Pakistan,admin2,PK72022,Sindh,PK7072022,Jacobabad,45,2025-11-01,2025-11-15,122.47,12247,234.64,23464,4.97683616654731,7.654877374412313,49358
PAK,Pakistan,admin2,PK72022,Sindh,PK7082022,Jamshoro,45,2025-11-01,2025-11-15,103.79,10379,267.14,26714,6.574974011457195,2.1336728147718924,45497
PAK,Pakistan,admin2,PK72022,Sindh,PK7092022,Kambar Shahdad Kot,45,2025-11-01,2025-11-15,126.13,12613,190.12,19012,3.674181883184052,2.997679869015875,23193
PAK,Pakistan,admin2,PK72022,Sindh,PK7102022,Kashmore,45,2025-11-01,2025-11-15,263.31,26331,563.55,56355,12.442699903016171,18.910071210989486,129070
PAK,Pakistan,admin2,PK72022,Sindh,PK7112022,Khairpur,45,2025-11-01,2025-11-15,102.39,10239,288.47,28847,3.1917721788005595,1.6018913698017945,74361
PAK,Pakistan,admin2,PK72022,Sindh,PK7122022,Korangi Karachi,45,2025-11-01,2025-11-15,0,0,2.99,299,0,2.806862667861395,4514
PAK,Pakistan,admin2,PK72022,Sindh,PK7132022,Larkana,45,2025-11-01,2025-11-15,75.4,7540,182.89000000000001,18289,4.901784823806999,8.410454799658568,60985
PAK,Pakistan,admin2,PK72022,Sindh,PK7142022,Malir Karachi,45,2025-11-01,2025-11-15,3.92,392,195.97,19597,1.58506373951041,6.479455555281258,31398
PAK,Pakistan,admin2,PK72022,Sindh,PK7152022,Matiari,45,2025-11-01,2025-11-15,138.63,13863,225.70999999999998,22571,12.324279402000007,13.884281049195874,62397
PAK,Pakistan,admin2,PK72022,Sindh,PK7162022,Mirpur Khas,45,2025-11-01,2025-11-15,4.76,476,22.77,2277,0.2042326810921994,0.5917019928964573,3679
PAK,Pakistan,admin2,PK72022,Sindh,PK7172022,Naushahro Feroze,45,2025-11-01,2025-11-15,103.97,10397,235.86,23586,4.128114157167522,6.900027561425125,55319
PAK,Pakistan,admin2,PK72022,Sindh,PK7182022,Sanghar,45,2025-11-01,2025-11-15,44.21,4421,355.71999999999997,35572,1.1232782637318723,3.135417848853982,53548
PAK,Pakistan,admin2,PK72022,Sindh,PK7192022,Shaheed Benazir Abad,45,2025-11-01,2025-11-15,150.26,15026,330.56,33056,4.958979763778077,6.437546747321219,72019
PAK,Pakistan,admin2,PK72022,Sindh,PK7202022,Shikarpur,45,2025-11-01,2025-11-15,175.01,17501,337.83,33783,8.131799378826145,11.650676758884769,83807
PAK,Pakistan,admin2,PK72022,Sindh,PK7212022,South Karachi,45,2025-11-01,2025-11-15,0,0,26.51,2651,0,4.86037524982935,58991
PAK,Pakistan,admin2,PK72022,Sindh,PK7222022,Sujawal,45,2025-11-01,2025-11-15,432.02,43202,3962.68,396268,16.637961621461034,41.40537214456817,194282
PAK,Pakistan,admin2,PK72022,Sindh,PK7232022,Sukkur,45,2025-11-01,2025-11-15,55.65,5565,177.94,17794,3.357900555600236,3.0359546319195294,56412
PAK,Pakistan,admin2,PK72022,Sindh,PK7242022,Tando Allahyar,45,2025-11-01,2025-11-15,9.71,971,22.42,2242,0.9046730938811404,1.3052961447564329,5334
PAK,Pakistan,admin2,PK72022,Sindh,PK7252022,Tando Muhammad Khan,45,2025-11-01,2025-11-15,81.08,8108,172.87,17287,5.853661353994913,9.302838495995069,43029
PAK,Pakistan,admin2,PK72022,Sindh,PK7262022,Tharparkar,45,2025-11-01,2025-11-15,28.31,2831,750.76,75076,0.8220513759990262,3.447891703799174,21005
PAK,Pakistan,admin2,PK72022,Sindh,PK7272022,Thatta,45,2025-11-01,2025-11-15,163.9,16390,1456.4699999999998,145647,8.237465264068758,17.26100344100147,107689
PAK,Pakistan,admin2,PK72022,Sindh,PK7282022,Umer Kot,45,2025-11-01,2025-11-15,5.8,580,14.059999999999999,1406,0.3022836332849474,0.23041336941234053,3943
PAK,Pakistan,admin2,PK52022,Khyber Pakhtunkhwa,PK5132022,Khyber,44,2025-10-16,2025-10-31,0.03,3,1.7400000000000002,174,0.0180952277325804,0.05304927393992244,255
PAK,Pakistan,admin2,PK52022,Khyber Pakhtunkhwa,PK5122022,Karak,44,2025-10-16,2025-10-31,0.06,6,2.8899999999999997,289,0.0152571822437511,0.09570797119412712,247
PAK,Pakistan,admin2,PK52022,Khyber Pakhtunkhwa,PK5062022,Charsadda,44,2025-10-16,2025-10-31,0.48,48,1.94,194,0.0865026898873621,0.17026531548903256,1383
PAK,Pakistan,admin2,PK52022,Khyber Pakhtunkhwa,PK5052022,Buner,44,2025-10-16,2025-10-31,0,0,0.67,67,0,0.04569637870976149,149
PAK,Pakistan,admin2,PK52022,Khyber Pakhtunkhwa,PK5042022,Batagram,44,2025-10-16,2025-10-31,0.03,3,5.4300000000000015,543,0.0644316872511168,0.3104587572138528,2533
PAK,Pakistan,admin2,PK52022,Khyber Pakhtunkhwa,PK5032022,Bannu,44,2025-10-16,2025-10-31,4.62,462,12.38,1238,0.7251625368021064,0.5107264278980844,596
PAK,Pakistan,admin2,PK52022,Khyber Pakhtunkhwa,PK5022022,Bajaur,44,2025-10-16,2025-10-31,0.01,1,1.61,161,0.0019358379787118,0.09755450541659678,347
PAK,Pakistan,admin2,PK42022,Islamabad,PK4012022,Islamabad,44,2025-10-16,2025-10-31,0.38,38,6.629999999999999,663,0.1436431672473418,0.6104546712898472,6701
PAK,Pakistan,admin2,PK32022,Gilgit Baltistan,PK3142022,Rondu,44,2025-10-16,2025-10-31,0.05,5,39.94,3994,0.9013913240201346,1.722677870925966,1086
PAK,Pakistan,admin2,PK32022,Gilgit Baltistan,PK3132022,Gupis-Yasin,44,2025-10-16,2025-10-31,0.38,38,40.660000000000004,4066,1.0844748858447488,0.4236907944032609,948
PAK,Pakistan,admin2,PK32022,Gilgit Baltistan,PK3122022,Tangir,44,2025-10-16,2025-10-31,0,0,4.19,419,0,0.3112525282986506,36
PAK,Pakistan,admin2,PK32022,Gilgit Baltistan,PK3112022,Darel,44,2025-10-16,2025-10-31,0,0,4.9799999999999995,498,0,0.24733793755724998,103
PAK,Pakistan,admin2,PK32022,Gilgit Baltistan,PK3102022,Shigar,44,2025-10-16,2025-10-31,0.01,1,54.28,5428,0.0516894336662403,0.5161928111832749,732
PAK,Pakistan,admin2,PK32022,Gilgit Baltistan,PK3092022,Kharmang,44,2025-10-16,2025-10-31,0,0,28.209999999999997,2821,0,0.38694884802010887,986
PAK,Pakistan,admin2,PK32022,Gilgit Baltistan,PK3082022,Nagar,44,2025-10-16,2025-10-31,0.07,7,22.45,2245,1.5826432358626068,0.5976727579645044,1307
PAK,Pakistan,admin2,PK32022,Gilgit Baltistan,PK3072022,Skardu,44,2025-10-16,2025-10-31,0.38,38,60.32000000000001,6032,1.6654635454264206,2.3202804984644834,3943
PAK,Pakistan,admin2,PK32022,Gilgit Baltistan,PK3062022,Hunza,44,2025-10-16,2025-10-31,0,0,59.67,5967,0,0.41882675428262306,661
PAK,Pakistan,admin2,PK32022,Gilgit Baltistan,PK3052022,Gilgit,44,2025-10-16,2025-10-31,0.09,9,38.47,3847,0.5459658004167895,0.7742299928215706,1498
PAK,Pakistan,admin2,PK32022,Gilgit Baltistan,PK3042022,Ghizer,44,2025-10-16,2025-10-31,0.04,4,21.97,2197,0.2175452366124367,0.40827691321242576,496
PAK,Pakistan,admin2,PK32022,Gilgit Baltistan,PK3032022,Ghanche,44,2025-10-16,2025-10-31,0.46,46,95.38,9538,4.99457111834962,0.8958679143594633,3306
PAK,Pakistan,admin2,PK32022,Gilgit Baltistan,PK3022022,Diamir,44,2025-10-16,2025-10-31,0.07,7,38.35,3835,0.3424657534246575,0.7853998108486918,731
PAK,Pakistan,admin2,PK32022,Gilgit Baltistan,PK3012022,Astore,44,2025-10-16,2025-10-31,0.01,1,25.41,2541,0.0519750519750519,0.4041629529537368,1005
PAK,Pakistan,admin2,PK22022,Balochistan,PK2362022,Usta Muhammad,44,2025-10-16,2025-10-31,3.44,344,4.3,430,0.3578980807287016,0.3862849229841569,196
PAK,Pakistan,admin2,PK22022,Balochistan,PK2332022,Shaheed Sikandarabad,44,2025-10-16,2025-10-31,0.08,8,2.29,229,0.0282438278582996,0.05432365298457946,46
PAK,Pakistan,admin2,PK22022,Balochistan,PK2322022,Ziarat,44,2025-10-16,2025-10-31,0,0,1.2,120,0,0.03246348589856189,23
PAK,Pakistan,admin2,PK22022,Balochistan,PK2312022,Zhob,44,2025-10-16,2025-10-31,0,0,9.32,932,0,0.06759593086603552,255
PAK,Pakistan,admin2,PK22022,Balochistan,PK2302022,Washuk,44,2025-10-16,2025-10-31,0,0,140.04,14004,0,0.3180191322408815,339
PAK,Pakistan,admin2,PK22022,Balochistan,PK2292022,Sohbatpur,44,2025-10-16,2025-10-31,43.1,4310,106.74000000000001,10674,6.178944666272889,11.877253846011849,13201
PAK,Pakistan,admin2,PK22022,Balochistan,PK2282022,Sibi,44,2025-10-16,2025-10-31,0,0,3.4299999999999997,343,0,0.06787431023357898,23
PAK,Pakistan,admin2,PK22022,Balochistan,PK2272022,Sherani,44,2025-10-16,2025-10-31,0.01,1,17.43,1743,0.052552722746261,0.48505078532413903,401
PAK,Pakistan,admin2,PK22022,Balochistan,PK2262022,Quetta,44,2025-10-16,2025-10-31,0.07,7,3.56,356,0.0386352597717987,0.08403153654136065,336
PAK,Pakistan,admin2,PK22022,Balochistan,PK2242022,Panjgur,44,2025-10-16,2025-10-31,0,0,2.34,234,0,0.011978253802411997,27
PAK,Pakistan,admin2,PK22022,Balochistan,PK2232022,Nushki,44,2025-10-16,2025-10-31,0.01,1,53.14,5314,0.0046137395354054,0.7870345091809459,984
PAK,Pakistan,admin2,PK22022,Balochistan,PK2222022,Nasirabad,44,2025-10-16,2025-10-31,0.57,57,0.6799999999999999,68,0.0206683200469522,0.01869989245728496,91
PAK,Pakistan,admin2,PK22022,Balochistan,PK2212022,Musakhel,44,2025-10-16,2025-10-31,0,0,1,100,0,0.014948743922705373,22
PAK,Pakistan,admin2,PK22022,Balochistan,PK2172022,Lasbela,44,2025-10-16,2025-10-31,1.38,138,216.38,21638,0.1442732675902588,1.3800497084416168,1761
PAK,Pakistan,admin2,PK22022,Balochistan,PK2152022,Killa Saifullah,44,2025-10-16,2025-10-31,0.03,3,17.79,1779,0.0038160663977595,0.12264665338162432,225
PAK,Pakistan,admin2,PK22022,Balochistan,PK2142022,Killa Abdullah,44,2025-10-16,2025-10-31,0.02,2,1.05,105,0.0096494962395345,0.030369766970140724,12
PAK,Pakistan,admin2,PK22022,Balochistan,PK2132022,Khuzdar,44,2025-10-16,2025-10-31,0.25,25,22.02,2202,0.0181809605330845,0.06290019599990525,225
PAK,Pakistan,admin2,PK22022,Balochistan,PK2122022,Kharan,44,2025-10-16,2025-10-31,0,0,23.07,2307,0,0.2584666619766858,221
PAK,Pakistan,admin2,PK22022,Balochistan,PK2112022,Kech,44,2025-10-16,2025-10-31,0.07,7,42.66,4266,0.0290266793397528,0.15637225341878583,757
PAK,Pakistan,admin2,PK22022,Balochistan,PK2102022,Kalat,44,2025-10-16,2025-10-31,0,0,6.63,663,0,0.05939745171809987,57
PAK,Pakistan,admin2,PK52022,Khyber Pakhtunkhwa,PK5112022,Haripur,44,2025-10-16,2025-10-31,34.98,3498,157.79,15779,6.970780536112176,6.677900603458978,34234
PAK,Pakistan,admin2,PK52022,Khyber Pakhtunkhwa,PK5092022,D. I. Khan,44,2025-10-16,2025-10-31,39.16,3916,149.63,14963,0.9439727169972388,1.4040301813031497,15038
PAK,Pakistan,admin2,PK52022,Khyber Pakhtunkhwa,PK5082022,Chitral Upper,44,2025-10-16,2025-10-31,0,0,29.71,2971,0,0.2775501205279822,1005
PAK,Pakistan,admin2,PK52022,Khyber Pakhtunkhwa,PK5072022,Chitral Lower,44,2025-10-16,2025-10-31,0.01,1,38.04,3804,0.0352033927787487,0.5067055560560402,1549
PAK,Pakistan,admin2,PK12022,Azad Kashmir,PK1022022,Bhimber,44,2025-10-16,2025-10-31,0,0,0.01,1,0,0.004273988472634,2
PAK,Pakistan,admin2,PK12022,Azad Kashmir,PK1032022,Jhelum Valley,44,2025-10-16,2025-10-31,0,0,0.16,16,0,0.019917117454170533,89
PAK,Pakistan,admin2,PK12022,Azad Kashmir,PK1052022,Kotli,44,2025-10-16,2025-10-31,0.44,44,7.5600000000000005,756,0.2466462051436944,0.3934807437631067,2368
PAK,Pakistan,admin2,PK12022,Azad Kashmir,PK1062022,Mirpur,44,2025-10-16,2025-10-31,77.36,7736,179.4,17940,31.674770493272074,16.685037215908586,34820
PAK,Pakistan,admin2,PK12022,Azad Kashmir,PK1072022,Muzaffarabad,44,2025-10-16,2025-10-31,0,0,2.05,205,0,0.1256679543254742,839
PAK,Pakistan,admin2,PK12022,Azad Kashmir,PK1082022,Neelum,44,2025-10-16,2025-10-31,0,0,7.69,769,0,0.2013149352182613,259
PAK,Pakistan,admin2,PK22022,Balochistan,PK2012022,Awaran,44,2025-10-16,2025-10-31,1.62,162,22.63,2263,0.5811207908306989,0.0809697121248598,147
PAK,Pakistan,admin2,PK22022,Balochistan,PK2032022,Chagai,44,2025-10-16,2025-10-31,0.01,1,574.1399999999999,57414,0.003872886106621,1.1254248466170025,1632
PAK,Pakistan,admin2,PK22022,Balochistan,PK2042022,Dera Bugti,44,2025-10-16,2025-10-31,4.52,452,13.829999999999998,1383,0.7534959998227067,0.11713710401047356,1610
PAK,Pakistan,admin2,PK22022,Balochistan,PK2052022,Gwadar,44,2025-10-16,2025-10-31,0.06,6,246.57999999999998,24658,0.2304331389963657,1.9162999284118625,1887
PAK,Pakistan,admin2,PK22022,Balochistan,PK2062022,Harnai,44,2025-10-16,2025-10-31,0,0,0.72,72,0,0.020770077784280264,9
PAK,Pakistan,admin2,PK22022,Balochistan,PK2072022_1,Jaffarabad,44,2025-10-16,2025-10-31,1.57,157,6.8100000000000005,681,0.2192223774054911,0.8368299433179085,1014
PAK,Pakistan,admin2,PK22022,Balochistan,PK2082022,Jhal Magsi,44,2025-10-16,2025-10-31,2.2,220,2.87,287,0.1285577821972219,0.06528300241759809,130
PAK,Pakistan,admin2,PK22022,Balochistan,PK2092022,Kachhi,44,2025-10-16,2025-10-31,0.33,33,5.109999999999999,511,0.0224064781162198,0.08279982290540903,152
PAK,Pakistan,admin2,PK52022,Khyber Pakhtunkhwa,PK5142022,Kohat,44,2025-10-16,2025-10-31,0.22,22,22.15,2215,0.0330853407170849,0.5358627490824919,2605
PAK,Pakistan,admin2,PK52022,Khyber Pakhtunkhwa,PK5152022,Kohistan Lower,44,2025-10-16,2025-10-31,0,0,3.2899999999999996,329,0,0.3275291500748365,959
PAK,Pakistan,admin2,PK52022,Khyber Pakhtunkhwa,PK5162022,Kohistan Upper,44,2025-10-16,2025-10-31,0.03,3,41.09,4109,0.2074688796680498,0.6094534675810968,2498
PAK,Pakistan,admin2,PK52022,Khyber Pakhtunkhwa,PK5172022,Kolai Palas Kohistan,44,2025-10-16,2025-10-31,0.04,4,4.32,432,0.4075549499946059,0.287092943916878,1471
PAK,Pakistan,admin2,PK62022,Punjab,PK6312022,Sahiwal,44,2025-10-16,2025-10-31,6.88,688,14.22,1422,0.2201177484413469,0.3780646594725495,6928
PAK,Pakistan,admin2,PK62022,Punjab,PK6232022,Muzaffargarh,44,2025-10-16,2025-10-31,189.56,18956,470.93,47093,3.345389464242707,5.2840779169926595,152297
PAK,Pakistan,admin2,PK62022,Punjab,PK6222022,Multan,44,2025-10-16,2025-10-31,116.39,11639,178.19,17819,3.966975387188254,4.218214373402244,85294
PAK,Pakistan,admin2,PK62022,Punjab,PK6212022,Mianwali,44,2025-10-16,2025-10-31,104.2,10420,269.1,26910,2.9036075403139594,3.7899084266597014,36563
PAK,Pakistan,admin2,PK62022,Punjab,PK6202022,Mandi Bahauddin,44,2025-10-16,2025-10-31,36.15,3615,118.00999999999999,11801,1.4412420474106356,3.6225345604029533,61761
PAK,Pakistan,admin2,PK62022,Punjab,PK6192022,Lodhran,44,2025-10-16,2025-10-31,21.51,2151,25.820000000000004,2582,0.78127408075574,0.838497793398707,6243
PAK,Pakistan,admin2,PK62022,Punjab,PK6182022,Leiah,44,2025-10-16,2025-10-31,65.9,6590,131.17,13117,1.4687572789992072,1.7481727936159634,19560
PAK,Pakistan,admin2,PK62022,Punjab,PK6172022,Lahore,44,2025-10-16,2025-10-31,20.51,2051,34.65,3465,2.021860002184975,1.7032608556313513,68432
PAK,Pakistan,admin2,PK62022,Punjab,PK6162022,Khushab,44,2025-10-16,2025-10-31,0.78,78,9.129999999999999,913,0.0243256674867152,0.11673508432834363,2102
PAK,Pakistan,admin2,PK62022,Punjab,PK6152022,Khanewal,44,2025-10-16,2025-10-31,57.4,5740,131.38000000000002,13138,1.4057632123494015,2.593822249821333,44110
PAK,Pakistan,admin2,PK62022,Punjab,PK6142022,Kasur,44,2025-10-16,2025-10-31,35.37,3537,79.10999999999999,7911,0.9642244283979456,1.6946374681458252,29990
PAK,Pakistan,admin2,PK62022,Punjab,PK6132022,Jhelum,44,2025-10-16,2025-10-31,6.91,691,88.96000000000001,8896,0.4213663403513701,2.0886995899510925,22008
PAK,Pakistan,admin2,PK62022,Punjab,PK6122022,Jhang,44,2025-10-16,2025-10-31,60.86,6086,135.68,13568,1.1628767899172596,1.8238103014623739,47761
PAK,Pakistan,admin2,PK62022,Punjab,PK6112022,Hafizabad,44,2025-10-16,2025-10-31,20.59,2059,49.06,4906,0.871360303888492,1.8210265001037476,19933
PAK,Pakistan,admin2,PK62022,Punjab,PK6102022,Gujrat,44,2025-10-16,2025-10-31,19.92,1992,80.06,8006,0.7655168622284246,2.1199187441841967,39034
PAK,Pakistan,admin2,PK62022,Punjab,PK6092022,Gujranwala,44,2025-10-16,2025-10-31,39.6,3960,133.73000000000002,13373,1.1103328689536731,3.119096468653376,73649
PAK,Pakistan,admin2,PK62022,Punjab,PK6082022,Faisalabad,44,2025-10-16,2025-10-31,23.95,2395,51.88999999999999,5189,0.4817539169833535,0.7436574357403242,22504
PAK,Pakistan,admin2,PK62022,Punjab,PK6072022,Dera Ghazi Khan,44,2025-10-16,2025-10-31,87.01,8701,218.14999999999998,21815,1.8290845879087276,1.5936863785640645,38707
PAK,Pakistan,admin2,PK62022,Punjab,PK6062022,Chiniot,44,2025-10-16,2025-10-31,6.36,636,22.759999999999998,2276,0.2777161886448092,0.7422542986145145,7723
PAK,Pakistan,admin2,PK62022,Punjab,PK6052022,Chakwal,44,2025-10-16,2025-10-31,0.74,74,21.33,2133,0.0226563865183862,0.27530321593474016,5326
PAK,Pakistan,admin2,PK62022,Punjab,PK6042022,Bhakkar,44,2025-10-16,2025-10-31,9.14,914,49.41,4941,0.2144923440534507,0.4948498741528262,3948
PAK,Pakistan,admin2,PK62022,Punjab,PK6032022,Bahawalpur,44,2025-10-16,2025-10-31,372.67,37267,476.29999999999995,47630,5.3653347271297775,1.7347294288493285,185646
PAK,Pakistan,admin2,PK62022,Punjab,PK6022022,Bahawalnagar,44,2025-10-16,2025-10-31,184.38,18438,252.73999999999998,25274,2.874212652526555,2.553137538740582,77818
PAK,Pakistan,admin2,PK62022,Punjab,PK6012022,Attock,44,2025-10-16,2025-10-31,2.22,222,50.480000000000004,5048,0.0651196533080732,0.607664403081675,7115
PAK,Pakistan,admin2,PK52022,Khyber Pakhtunkhwa,PK5352022,Upper Dir,44,2025-10-16,2025-10-31,0,0,3.33,333,0,0.07530335840208416,161
PAK,Pakistan,admin2,PK52022,Khyber Pakhtunkhwa,PK5342022,Tor Ghar,44,2025-10-16,2025-10-31,6.66,666,54.54,5454,49.10623926532924,9.861827204552016,24684
PAK,Pakistan,admin2,PK52022,Khyber Pakhtunkhwa,PK5322022,Swat,44,2025-10-16,2025-10-31,0.02,2,10.95,1095,0.0060964945992827,0.16861549279909013,1174
PAK,Pakistan,admin2,PK52022,Khyber Pakhtunkhwa,PK5312022,Swabi,44,2025-10-16,2025-10-31,0.08,8,17.53,1753,0.0086497722481046,0.9776429953923699,8585
PAK,Pakistan,admin2,PK52022,Khyber Pakhtunkhwa,PK5302022,South Waziristan,44,2025-10-16,2025-10-31,0.08,8,24.77,2477,0.0408480209334093,0.33606236392981836,706
PAK,Pakistan,admin2,PK52022,Khyber Pakhtunkhwa,PK5292022,Shangla,44,2025-10-16,2025-10-31,2.59,259,12.98,1298,6.826264866725304,0.7730864545345207,5568
PAK,Pakistan,admin2,PK52022,Khyber Pakhtunkhwa,PK5282022,Peshawar,44,2025-10-16,2025-10-31,0.04,4,0.35,35,0.0060607180560496,0.025365170349926122,157
PAK,Pakistan,admin2,PK52022,Khyber Pakhtunkhwa,PK5272022,Orakzai,44,2025-10-16,2025-10-31,0,0,0.6000000000000001,60,0,0.04034840983752241,53
PAK,Pakistan,admin2,PK52022,Khyber Pakhtunkhwa,PK5262022,Nowshera,44,2025-10-16,2025-10-31,0.75,75,5.04,504,0.1508138506809609,0.24171813066723163,1635
PAK,Pakistan,admin2,PK52022,Khyber Pakhtunkhwa,PK5252022,North Waziristan,44,2025-10-16,2025-10-31,0,0,2.3,230,0,0.045038876037301036,61
PAK,Pakistan,admin2,PK52022,Khyber Pakhtunkhwa,PK5242022,Mohmand,44,2025-10-16,2025-10-31,0,0,2.78,278,0,0.12212252356918177,424
PAK,Pakistan,admin2,PK52022,Khyber Pakhtunkhwa,PK5222022,Mansehra,44,2025-10-16,2025-10-31,2.88,288,15.66,1566,0.8398649491672424,0.3187944424084982,6107
PAK,Pakistan,admin2,PK52022,Khyber Pakhtunkhwa,PK5212022,Malakand,44,2025-10-16,2025-10-31,0,0,1.61,161,0,0.18796323804414383,190
PAK,Pakistan,admin2,PK52022,Khyber Pakhtunkhwa,PK5202022,Lower Dir,44,2025-10-16,2025-10-31,0.09,9,1.3100000000000003,131,0.0230821081377153,0.06710579698464449,502
PAK,Pakistan,admin2,PK52022,Khyber Pakhtunkhwa,PK5182022,Kurram,44,2025-10-16,2025-10-31,0.01,1,1.21,121,0.0037035606177016,0.02981673189948484,135
PAK,Pakistan,admin2,PK62022,Punjab,PK6302022,Rawalpindi,44,2025-10-16,2025-10-31,6.74,674,68.35,6835,0.2961977239323817,1.0882170282087733,11081
PAK,Pakistan,admin2,PK62022,Punjab,PK6292022,Rajanpur,44,2025-10-16,2025-10-31,111.65,11165,254.54000000000002,25454,2.040135144106814,1.759964723753486,31407
PAK,Pakistan,admin2,PK62022,Punjab,PK6282022,Rahim Yar Khan,44,2025-10-16,2025-10-31,85.89,8589,245.57,24557,1.233840758780336,1.6748049420120485,36999
PAK,Pakistan,admin2,PK62022,Punjab,PK6272022,Pakpattan,44,2025-10-16,2025-10-31,50.16,5016,71.91,7191,1.696124004980167,2.145469000502816,21625
PAK,Pakistan,admin2,PK62022,Punjab,PK6262022,Okara,44,2025-10-16,2025-10-31,56.87,5687,85.72,8572,1.2727055605074062,1.6556022157436179,32862
PAK,Pakistan,admin2,PK62022,Punjab,PK6252022,Narowal,44,2025-10-16,2025-10-31,4.99,499,6.420000000000001,642,0.2013007370364394,0.2279343350293892,6007
PAK,Pakistan,admin2,PK62022,Punjab,PK6242022,Nankana Sahib,44,2025-10-16,2025-10-31,25.2,2520,46.74,4674,1.1665829853054646,1.81171578028659,16004
PAK,Pakistan,admin2,PK62022,Punjab,PK6322022,Sargodha,44,2025-10-16,2025-10-31,11.93,1193,57.4,5740,0.2526065623500613,0.829338110166732,22135
PAK,Pakistan,admin2,PK62022,Punjab,PK6332022,Sheikhupura,44,2025-10-16,2025-10-31,10.11,1011,17.59,1759,0.2827891902429357,0.43601307725256117,5684
PAK,Pakistan,admin2,PK62022,Punjab,PK6342022,Sialkot,44,2025-10-16,2025-10-31,22.14,2214,47.790000000000006,4779,0.7235874156002126,1.3111921123764414,31974
PAK,Pakistan,admin2,PK62022,Punjab,PK6352022,Toba Tek Singh,44,2025-10-16,2025-10-31,10.59,1059,17.86,1786,0.380509605991741,0.4958491860704699,6175
PAK,Pakistan,admin2,PK62022,Punjab,PK6362022,Vehari,44,2025-10-16,2025-10-31,168.92,16892,201.35999999999996,20136,3.7317317796016662,3.8621804493373086,65830
PAK,Pakistan,admin2,PK72022,Sindh,PK7012022,Badin,44,2025-10-16,2025-10-31,343.02,34302,772.6500000000001,77265,6.8824110300680434,10.627652328146068,116809
PAK,Pakistan,admin2,PK72022,Sindh,PK7032022,Dadu,44,2025-10-16,2025-10-31,168.46,16846,284.79,28479,4.9999680498720975,3.1560476013565433,70921
PAK,Pakistan,admin2,PK72022,Sindh,PK7052022,Ghotki,44,2025-10-16,2025-10-31,92.5,9250,242.35000000000002,24235,2.9852016010577485,3.3534377076897908,38597
PAK,Pakistan,admin2,PK72022,Sindh,PK7062022,Hyderabad,44,2025-10-16,2025-10-31,65.28,6528,154.46,15446,12.55969408380642,13.642577985978447,196324
PAK,Pakistan,admin2,PK72022,Sindh,PK7072022,Jacobabad,44,2025-10-16,2025-10-31,136.73,13673,253.30999999999997,25331,5.556322438572823,8.263966023322464,48864
PAK,Pakistan,admin2,PK72022,Sindh,PK7082022,Jamshoro,44,2025-10-16,2025-10-31,194.13,19413,407.89000000000004,40789,12.297906396032229,3.2578565711511085,66387
PAK,Pakistan,admin2,PK72022,Sindh,PK7092022,Kambar Shahdad Kot,44,2025-10-16,2025-10-31,132.77,13277,197.85,19785,3.867605871960252,3.1195611302587345,26266
PAK,Pakistan,admin2,PK72022,Sindh,PK7102022,Kashmore,44,2025-10-16,2025-10-31,269.29,26929,586.86,58686,12.72528448172582,19.692244505157113,130849
PAK,Pakistan,admin2,PK72022,Sindh,PK7112022,Khairpur,44,2025-10-16,2025-10-31,95.16,9516,286.29,28629,2.96639359834614,1.5897856978561227,66384
PAK,Pakistan,admin2,PK72022,Sindh,PK7122022,Korangi Karachi,44,2025-10-16,2025-10-31,0,0,3.77,377,0,3.539087711651324,5325
PAK,Pakistan,admin2,PK72022,Sindh,PK7132022,Larkana,44,2025-10-16,2025-10-31,65.03,6503,181.20000000000002,18120,4.227626884511528,8.332737764219655,52879
PAK,Pakistan,admin2,PK72022,Sindh,PK7142022,Malir Karachi,44,2025-10-16,2025-10-31,4.14,414,245.44,24544,1.674021398360484,8.115107268909687,33219
PAK,Pakistan,admin2,PK72022,Sindh,PK7152022,Matiari,44,2025-10-16,2025-10-31,208.2,20820,316.42999999999995,31643,18.50908873617833,19.464813488091135,84125
PAK,Pakistan,admin2,PK72022,Sindh,PK7162022,Mirpur Khas,44,2025-10-16,2025-10-31,6.43,643,29.57,2957,0.2758857435762273,0.7684070237131421,4989
PAK,Pakistan,admin2,PK72022,Sindh,PK7172022,Naushahro Feroze,44,2025-10-16,2025-10-31,161.86,16186,347.01000000000005,34701,6.426628426268491,10.151694073137167,75631
PAK,Pakistan,admin2,PK72022,Sindh,PK7182022,Sanghar,44,2025-10-16,2025-10-31,46.51,4651,368.26,36826,1.1817161738559008,3.2459489964549864,54570
PAK,Pakistan,admin2,PK72022,Sindh,PK7192022,Shaheed Benazir Abad,44,2025-10-16,2025-10-31,204.62,20462,401.74,40174,6.753004387490151,7.823753721771618,83478
PAK,Pakistan,admin2,PK72022,Sindh,PK7202022,Shikarpur,44,2025-10-16,2025-10-31,153.44,15344,314.82,31482,7.129554292252349,10.857135414948651,76694
PAK,Pakistan,admin2,PK72022,Sindh,PK7212022,South Karachi,44,2025-10-16,2025-10-31,0,0,25.060000000000002,2506,0,4.595962977696099,55307
PAK,Pakistan,admin2,PK72022,Sindh,PK7222022,Sujawal,44,2025-10-16,2025-10-31,509.86,50986,2684.1199999999994,268412,19.635737031429382,28.045915259541093,181560
PAK,Pakistan,admin2,PK72022,Sindh,PK7232022,Sukkur,44,2025-10-16,2025-10-31,76.32,7632,210.52999999999997,21053,4.605120761966037,3.5919946535799623,70781
PAK,Pakistan,admin2,PK72022,Sindh,PK7242022,Tando Allahyar,44,2025-10-16,2025-10-31,9.51,951,22.97,2297,0.8860392505468223,1.3373172366215547,5218
PAK,Pakistan,admin2,PK72022,Sindh,PK7292022,West Karachi,44,2025-10-16,2025-10-31,0,0,0.16,16,0,0.1187200235577772,116
PAK,Pakistan,admin2,PK72022,Sindh,PK7282022,Umer Kot,44,2025-10-16,2025-10-31,6.09,609,15.36,1536,0.3173978149491948,0.2517175927577205,4225
PAK,Pakistan,admin2,PK72022,Sindh,PK7272022,Thatta,44,2025-10-16,2025-10-31,190.36,19036,1593.37,159337,9.567320852154538,18.883440821155613,121680
PAK,Pakistan,admin2,PK72022,Sindh,PK7262022,Tharparkar,44,2025-10-16,2025-10-31,32.12,3212,832.1100000000001,83211,0.9326842174881216,3.8214944398320787,23462
PAK,Pakistan,admin2,PK72022,Sindh,PK7252022,Tando Muhammad Khan,44,2025-10-16,2025-10-31,99.51,9951,203.2,20320,7.184235832955524,10.935019276833446,50936
PAK,Pakistan,admin2,PK72022,Sindh,PK7292022,West Karachi,43,2025-10-01,2025-10-15,0,0,0.16,16,0,0.1187200235577772,116
PAK,Pakistan,admin2,PK72022,Sindh,PK7282022,Umer Kot,43,2025-10-01,2025-10-15,4.87,487,13.89,1389,0.2538140162237404,0.22762743251332926,3427
PAK,Pakistan,admin2,PK72022,Sindh,PK7272022,Thatta,43,2025-10-01,2025-10-15,248.74,24874,1851.1799999999998,185118,12.501446673486656,21.938813947361158,148839
PAK,Pakistan,admin2,PK72022,Sindh,PK7262022,Tharparkar,43,2025-10-01,2025-10-15,22.09,2209,853.1500000000001,85315,0.6414381807071173,3.9181213797968266,22709
PAK,Pakistan,admin2,PK72022,Sindh,PK7252022,Tando Muhammad Khan,43,2025-10-01,2025-10-15,99.44,9944,214.11,21411,7.179182104603529,11.522130794108312,54467
PAK,Pakistan,admin2,PK72022,Sindh,PK7242022,Tando Allahyar,43,2025-10-01,2025-10-15,9.52,952,21.330000000000002,2133,0.886970942713538,1.2418361626964631,5327
PAK,Pakistan,admin2,PK72022,Sindh,PK7232022,Sukkur,43,2025-10-01,2025-10-15,229.82,22982,445.66,44566,13.867254369955903,7.603706537379215,141058
PAK,Pakistan,admin2,PK72022,Sindh,PK7222022,Sujawal,43,2025-10-01,2025-10-15,601.61,60161,4468.11,446811,23.169214599062943,46.68652460780747,241937
PAK,Pakistan,admin2,PK72022,Sindh,PK7212022,South Karachi,43,2025-10-01,2025-10-15,0,0,20.15,2015,0,3.695477015186608,35902
PAK,Pakistan,admin2,PK72022,Sindh,PK7202022,Shikarpur,43,2025-10-01,2025-10-15,188.76,18876,366.3,36630,8.770689964843283,12.632516048839628,88100
PAK,Pakistan,admin2,PK72022,Sindh,PK7192022,Shaheed Benazir Abad,43,2025-10-01,2025-10-15,377.72,37772,615.9100000000001,61591,12.465764916639523,11.994643686902869,125407
PAK,Pakistan,admin2,PK72022,Sindh,PK7182022,Sanghar,43,2025-10-01,2025-10-15,50.04,5004,319.06,31906,1.2714056620027796,2.812286120699853,49335
PAK,Pakistan,admin2,PK72022,Sindh,PK7172022,Naushahro Feroze,43,2025-10-01,2025-10-15,484.33,48433,791.0999999999999,79110,19.23025420545297,23.143440192671132,163244
PAK,Pakistan,admin2,PK72022,Sindh,PK7162022,Mirpur Khas,43,2025-10-01,2025-10-15,8.9,890,39.21,3921,0.3818636264118853,1.0189123909297362,7866
PAK,Pakistan,admin2,PK72022,Sindh,PK7152022,Matiari,43,2025-10-01,2025-10-15,306.4,30640,441.27,44127,27.239120022886844,27.144196972126462,115433
PAK,Pakistan,admin2,PK72022,Sindh,PK7142022,Malir Karachi,43,2025-10-01,2025-10-15,4.17,417,249.70000000000005,24970,1.6861519882036755,8.255957810653314,42481
PAK,Pakistan,admin2,PK72022,Sindh,PK7132022,Larkana,43,2025-10-01,2025-10-15,154.38,15438,317.52,31752,10.036306911131623,14.601605380215366,83000
PAK,Pakistan,admin2,PK72022,Sindh,PK7122022,Korangi Karachi,43,2025-10-01,2025-10-15,0.41,41,4.56,456,4.609056763476696,3.9507830555304504,21128
PAK,Pakistan,admin2,PK72022,Sindh,PK7112022,Khairpur,43,2025-10-01,2025-10-15,315.18,31518,586.01,58601,9.825009818481886,3.2541489985702126,136793
PAK,Pakistan,admin2,PK72022,Sindh,PK7102022,Kashmore,43,2025-10-01,2025-10-15,336.34,33634,692.96,69296,15.893728629298012,23.252458426700873,143479
PAK,Pakistan,admin2,PK72022,Sindh,PK7092022,Kambar Shahdad Kot,43,2025-10-01,2025-10-15,141.1,14110,199.05999999999997,19906,4.110259761494249,3.138639568305806,30669
PAK,Pakistan,admin2,PK72022,Sindh,PK7082022,Jamshoro,43,2025-10-01,2025-10-15,393.58,39358,691.03,69103,24.93282851362677,5.519322921284047,119549
PAK,Pakistan,admin2,PK72022,Sindh,PK7072022,Jacobabad,43,2025-10-01,2025-10-15,164.34,16434,277.34000000000003,27734,6.678315143385196,9.047918901378756,52196
PAK,Pakistan,admin2,PK72022,Sindh,PK7062022,Hyderabad,43,2025-10-01,2025-10-15,65.44,6544,153.25,15325,12.590477647737316,13.535705531213235,162214
PAK,Pakistan,admin2,PK72022,Sindh,PK7052022,Ghotki,43,2025-10-01,2025-10-15,113.19,11319,253.92999999999998,25393,3.65291858620245,3.513672115179157,41560
PAK,Pakistan,admin2,PK72022,Sindh,PK7042022,East Karachi,43,2025-10-01,2025-10-15,0,0,0.66,66,0,0.36210649158183084,26783
PAK,Pakistan,admin2,PK72022,Sindh,PK7032022,Dadu,43,2025-10-01,2025-10-15,375.9,37590,516.9599999999999,51696,11.156879911830234,5.7289594718820105,148048
PAK,Pakistan,admin2,PK72022,Sindh,PK7012022,Badin,43,2025-10-01,2025-10-15,361.84,36184,880.18,88018,7.260018678560494,12.10670682221912,120782
PAK,Pakistan,admin2,PK62022,Punjab,PK6362022,Vehari,43,2025-10-01,2025-10-15,223.26,22326,265.61,26561,4.932195341663912,5.09452596915218,86872
PAK,Pakistan,admin2,PK62022,Punjab,PK6352022,Toba Tek Singh,43,2025-10-01,2025-10-15,18.75,1875,28.080000000000002,2808,0.6737068094754622,0.7795881940010525,9560
PAK,Pakistan,admin2,PK62022,Punjab,PK6342022,Sialkot,43,2025-10-01,2025-10-15,27.58,2758,59.019999999999996,5902,0.9013794454495874,1.6193044250357305,44827
PAK,Pakistan,admin2,PK62022,Punjab,PK6332022,Sheikhupura,43,2025-10-01,2025-10-15,17.95,1795,37.76,3776,0.5020836760495249,0.882387969406885,15065
PAK,Pakistan,admin2,PK62022,Punjab,PK6322022,Sargodha,43,2025-10-01,2025-10-15,16.66,1666,76.63,7663,0.3527598766766154,1.1071808254717188,28358
PAK,Pakistan,admin2,PK62022,Punjab,PK6312022,Sahiwal,43,2025-10-01,2025-10-15,10.92,1092,19.290000000000003,1929,0.3493729379330682,0.5128598650650832,8036
PAK,Pakistan,admin2,PK62022,Punjab,PK6302022,Rawalpindi,43,2025-10-01,2025-10-15,6.01,601,58.09,5809,0.2641169615480139,0.9248650646473684,9224
PAK,Pakistan,admin2,PK62022,Punjab,PK6292022,Rajanpur,43,2025-10-01,2025-10-15,304.1,30410,510.09000000000003,51009,5.556695900787122,3.526912885752399,69624
PAK,Pakistan,admin2,PK62022,Punjab,PK6282022,Rahim Yar Khan,43,2025-10-01,2025-10-15,172.7,17270,357.49,35749,2.4808976486362093,2.4381073368892263,65693
PAK,Pakistan,admin2,PK62022,Punjab,PK6272022,Pakpattan,43,2025-10-01,2025-10-15,111.31,11131,148.54999999999998,14855,3.7638668858521207,4.432059797311824,45810
PAK,Pakistan,admin2,PK62022,Punjab,PK6262022,Okara,43,2025-10-01,2025-10-15,83.57,8357,121.96,12196,1.870230414833901,2.3555441697630854,45243
PAK,Pakistan,admin2,PK62022,Punjab,PK6252022,Narowal,43,2025-10-01,2025-10-15,23.87,2387,39.699999999999996,3970,0.9629355897915448,1.409500482969899,27639
PAK,Pakistan,admin2,PK62022,Punjab,PK6242022,Nankana Sahib,43,2025-10-01,2025-10-15,39.04,3904,71.53,7153,1.8072777677113228,2.7726150997839065,24820
PAK,Pakistan,admin2,PK62022,Punjab,PK6232022,Muzaffargarh,43,2025-10-01,2025-10-15,318.65,31865,672.0699999999999,67207,5.6235933360463095,7.540972640675378,225816
PAK,Pakistan,admin2,PK62022,Punjab,PK6222022,Multan,43,2025-10-01,2025-10-15,282.23,28223,395.84999999999997,39585,9.61937849923654,9.37078489091014,206067
PAK,Pakistan,admin2,PK62022,Punjab,PK6212022,Mianwali,43,2025-10-01,2025-10-15,161.78,16178,378.05,37805,4.508115430633324,5.3243213701178,50859
PAK,Pakistan,admin2,PK62022,Punjab,PK6202022,Mandi Bahauddin,43,2025-10-01,2025-10-15,35.46,3546,126.3,12630,1.4137328631032124,3.876972753644497,59089
PAK,Pakistan,admin2,PK62022,Punjab,PK6192022,Lodhran,43,2025-10-01,2025-10-15,32.26,3226,39.38,3938,1.1717295139553776,1.2788552712641783,9595
PAK,Pakistan,admin2,PK62022,Punjab,PK6182022,Leiah,43,2025-10-01,2025-10-15,104.17,10417,209.49,20949,2.321706308852009,2.7919853513349713,30446
PAK,Pakistan,admin2,PK62022,Punjab,PK6172022,Lahore,43,2025-10-01,2025-10-15,28.91,2891,54.730000000000004,5473,2.8499255320900843,2.6903164972208904,103432
PAK,Pakistan,admin2,PK62022,Punjab,PK6162022,Khushab,43,2025-10-01,2025-10-15,0.35,35,6.31,631,0.0109153636158337,0.08196632415571344,740
PAK,Pakistan,admin2,PK62022,Punjab,PK6152022,Khanewal,43,2025-10-01,2025-10-15,112.8,11280,204.3,20430,2.7625451281012627,4.033474544363664,66997
PAK,Pakistan,admin2,PK62022,Punjab,PK6142022,Kasur,43,2025-10-01,2025-10-15,59.83,5983,120.10999999999999,12011,1.631030465113064,2.572909951952915,45463
PAK,Pakistan,admin2,PK62022,Punjab,PK6132022,Jhelum,43,2025-10-01,2025-10-15,5.45,545,73.41,7341,0.3323366939095466,1.7235997852777618,15974
PAK,Pakistan,admin2,PK62022,Punjab,PK6122022,Jhang,43,2025-10-01,2025-10-15,173.51,17351,311.78000000000003,31178,3.31532618827709,4.190946165904621,116426
PAK,Pakistan,admin2,PK62022,Punjab,PK6112022,Hafizabad,43,2025-10-01,2025-10-15,30.3,3030,77.91,7791,1.282283497222987,2.8918910440905616,28402
PAK,Pakistan,admin2,PK62022,Punjab,PK6102022,Gujrat,43,2025-10-01,2025-10-15,19.89,1989,76.81,7681,0.7643639753877192,2.0338615880688002,39189
PAK,Pakistan,admin2,PK62022,Punjab,PK6092022,Gujranwala,43,2025-10-01,2025-10-15,37.36,3736,132.84,13284,1.0475261612148796,3.0983382554095154,71787
PAK,Pakistan,admin2,PK62022,Punjab,PK6082022,Faisalabad,43,2025-10-01,2025-10-15,31.13,3113,65.85,6585,0.6261795171478828,0.943724072913863,26638
PAK,Pakistan,admin2,PK62022,Punjab,PK6072022,Dera Ghazi Khan,43,2025-10-01,2025-10-15,120.4,12040,287.40999999999997,28741,2.530993959133557,2.0996626269222913,49698
PAK,Pakistan,admin2,PK62022,Punjab,PK6062022,Chiniot,43,2025-10-01,2025-10-15,20.82,2082,76.15,7615,0.9091275232051772,2.4834211265156103,28619
PAK,Pakistan,admin2,PK62022,Punjab,PK6052022,Chakwal,43,2025-10-01,2025-10-15,0.85,85,18.68,1868,0.0260242277576058,0.241100050335722,4755
PAK,Pakistan,admin2,PK62022,Punjab,PK6042022,Bhakkar,43,2025-10-01,2025-10-15,14.85,1485,84.37,8437,0.3484913905025978,0.844980446919125,6552
PAK,Pakistan,admin2,PK62022,Punjab,PK6032022,Bahawalpur,43,2025-10-01,2025-10-15,617.71,61771,763.2500000000001,76325,8.893178721913046,2.779828336278081,295109
PAK,Pakistan,admin2,PK62022,Punjab,PK6022022,Bahawalnagar,43,2025-10-01,2025-10-15,235.98,23598,312.15,31215,3.678580658114852,3.1532874998728837,95322
PAK,Pakistan,admin2,PK62022,Punjab,PK6012022,Attock,43,2025-10-01,2025-10-15,2.15,215,49.19,4919,0.0630663309064673,0.5921357366796274,7254
PAK,Pakistan,admin2,PK52022,Khyber Pakhtunkhwa,PK5352022,Upper Dir,43,2025-10-01,2025-10-15,0,0,0.8400000000000001,84,0,0.018995441759084204,28
PAK,Pakistan,admin2,PK52022,Khyber Pakhtunkhwa,PK5342022,Tor Ghar,43,2025-10-01,2025-10-15,6.4,640,51.89,5189,47.18917887358967,9.382658849362011,23065
PAK,Pakistan,admin2,PK52022,Khyber Pakhtunkhwa,PK5322022,Swat,43,2025-10-01,2025-10-15,0.31,31,5.78,578,0.0944956662888831,0.08900434231769327,1399
PAK,Pakistan,admin2,PK52022,Khyber Pakhtunkhwa,PK5312022,Swabi,43,2025-10-01,2025-10-15,0.29,29,19.08,1908,0.0313554243993793,1.064086044043722,7749
PAK,Pakistan,admin2,PK52022,Khyber Pakhtunkhwa,PK5302022,South Waziristan,43,2025-10-01,2025-10-15,0.08,8,23.62,2362,0.0408480209334093,0.4554384711555639,556
PAK,Pakistan,admin2,PK52022,Khyber Pakhtunkhwa,PK5292022,Shangla,43,2025-10-01,2025-10-15,2.48,248,10.83,1083,6.53634628165203,0.6450328430361216,4576
PAK,Pakistan,admin2,PK52022,Khyber Pakhtunkhwa,PK5282022,Peshawar,43,2025-10-01,2025-10-15,2.76,276,6.369999999999999,637,0.4181895458674252,0.3480062041449577,16406
PAK,Pakistan,admin2,PK52022,Khyber Pakhtunkhwa,PK5262022,Nowshera,43,2025-10-01,2025-10-15,2.89,289,8.8,880,0.581136037957303,0.42204752973643633,3962
PAK,Pakistan,admin2,PK52022,Khyber Pakhtunkhwa,PK5252022,North Waziristan,43,2025-10-01,2025-10-15,0,0,2.55,255,0,0.04993440604135528,128
PAK,Pakistan,admin2,PK52022,Khyber Pakhtunkhwa,PK5242022,Mohmand,43,2025-10-01,2025-10-15,0.03,3,2.55,255,0.0067078837626335,0.09362480112558812,685
PAK,Pakistan,admin2,PK52022,Khyber Pakhtunkhwa,PK5222022,Mansehra,43,2025-10-01,2025-10-15,2.91,291,10.82,1082,0.8486135423877346,0.2234230123824089,6369
PAK,Pakistan,admin2,PK52022,Khyber Pakhtunkhwa,PK5212022,Malakand,43,2025-10-01,2025-10-15,0,0,0.19999999999999998,20,0,0.02346138079610529,15
PAK,Pakistan,admin2,PK52022,Khyber Pakhtunkhwa,PK5202022,Lower Dir,43,2025-10-01,2025-10-15,0,0,0.6100000000000001,61,0,0.04062996691877005,166
PAK,Pakistan,admin2,PK52022,Khyber Pakhtunkhwa,PK5182022,Kurram,43,2025-10-01,2025-10-15,0,0,0.6100000000000001,61,0,0.017654586733704222,52
PAK,Pakistan,admin2,PK52022,Khyber Pakhtunkhwa,PK5172022,Kolai Palas Kohistan,43,2025-10-01,2025-10-15,0.01,1,1.35,135,0.1018887374986514,0.09445409197762472,517
PAK,Pakistan,admin2,PK52022,Khyber Pakhtunkhwa,PK5162022,Kohistan Upper,43,2025-10-01,2025-10-15,0.01,1,8.209999999999999,821,0.0691562932226832,0.13138585508751746,699
PAK,Pakistan,admin2,PK52022,Khyber Pakhtunkhwa,PK5152022,Kohistan Lower,43,2025-10-01,2025-10-15,0,0,0.81,81,0,0.10744047249047954,222
PAK,Pakistan,admin2,PK52022,Khyber Pakhtunkhwa,PK5142022,Kohat,43,2025-10-01,2025-10-15,0.17,17,18.61,1861,0.0255659450995656,0.45977993946083057,1893
PAK,Pakistan,admin2,PK52022,Khyber Pakhtunkhwa,PK5132022,Khyber,43,2025-10-01,2025-10-15,0.05,5,2.4,240,0.030158712887634,0.07227425870436242,1517
PAK,Pakistan,admin2,PK52022,Khyber Pakhtunkhwa,PK5122022,Karak,43,2025-10-01,2025-10-15,0,0,2.56,256,0,0.09747387377658842,216
PAK,Pakistan,admin2,PK52022,Khyber Pakhtunkhwa,PK5112022,Haripur,43,2025-10-01,2025-10-15,34.62,3462,147.61,14761,6.8990400846256,6.247068306461625,32738
PAK,Pakistan,admin2,PK52022,Khyber Pakhtunkhwa,PK5092022,D. I. Khan,43,2025-10-01,2025-10-15,58.68,5868,240.29,24029,1.4145127434473437,2.2547244019603943,24308
PAK,Pakistan,admin2,PK52022,Khyber Pakhtunkhwa,PK5082022,Chitral Upper,43,2025-10-01,2025-10-15,0,0,20.919999999999998,2092,0,0.19543414747375934,590
PAK,Pakistan,admin2,PK52022,Khyber Pakhtunkhwa,PK5072022,Chitral Lower,43,2025-10-01,2025-10-15,0.09,9,21.979999999999997,2198,0.3168305350087387,0.2927809706128223,615
PAK,Pakistan,admin2,PK52022,Khyber Pakhtunkhwa,PK5062022,Charsadda,43,2025-10-01,2025-10-15,0.92,92,5.4399999999999995,544,0.1657968222841107,0.4582965501786653,4500
PAK,Pakistan,admin2,PK52022,Khyber Pakhtunkhwa,PK5042022,Batagram,43,2025-10-01,2025-10-15,0.01,1,2.48,248,0.0214772290837056,0.1487621269126306,1195
PAK,Pakistan,admin2,PK52022,Khyber Pakhtunkhwa,PK5032022,Bannu,43,2025-10-01,2025-10-15,5.39,539,12.27,1227,0.8460229596024574,0.50618847094584,1502
PAK,Pakistan,admin2,PK52022,Khyber Pakhtunkhwa,PK5022022,Bajaur,43,2025-10-01,2025-10-15,0,0,0.26,26,0,0.023559809793091416,186
PAK,Pakistan,admin2,PK42022,Islamabad,PK4012022,Islamabad,43,2025-10-01,2025-10-15,0.29,29,5.06,506,0.1096224171098135,0.4942452205533383,4334
PAK,Pakistan,admin2,PK32022,Gilgit Baltistan,PK3142022,Rondu,43,2025-10-01,2025-10-15,0.04,4,14.049999999999999,1405,0.7211130592161076,0.7772214111650841,359
PAK,Pakistan,admin2,PK32022,Gilgit Baltistan,PK3132022,Gupis-Yasin,43,2025-10-01,2025-10-15,0.14,14,18.16,1816,0.3995433789954338,0.1892332716764195,428
PAK,Pakistan,admin2,PK32022,Gilgit Baltistan,PK3122022,Tangir,43,2025-10-01,2025-10-15,0,0,0.36,36,0,0.03178578898924333,4
PAK,Pakistan,admin2,PK32022,Gilgit Baltistan,PK3112022,Darel,43,2025-10-01,2025-10-15,0,0,0.03,3,0,0.007134247418498212,2
PAK,Pakistan,admin2,PK32022,Gilgit Baltistan,PK3102022,Shigar,43,2025-10-01,2025-10-15,0.21,21,36.080000000000005,3608,1.0854781069910466,0.34311416041806475,1063
PAK,Pakistan,admin2,PK32022,Gilgit Baltistan,PK3092022,Kharmang,43,2025-10-01,2025-10-15,0,0,8.719999999999999,872,0,0.12369293295035313,342
PAK,Pakistan,admin2,PK32022,Gilgit Baltistan,PK3082022,Nagar,43,2025-10-01,2025-10-15,0.05,5,11.32,1132,1.1304594541875763,0.31555161468884996,954
PAK,Pakistan,admin2,PK32022,Gilgit Baltistan,PK3072022,Skardu,43,2025-10-01,2025-10-15,0.45,45,58.55,5855,1.9722594616891824,2.2521953445804934,3771
PAK,Pakistan,admin2,PK32022,Gilgit Baltistan,PK3062022,Hunza,43,2025-10-01,2025-10-15,0,0,36.79,3679,0,0.2582308746448417,683
PAK,Pakistan,admin2,PK32022,Gilgit Baltistan,PK3052022,Gilgit,43,2025-10-01,2025-10-15,0.07,7,11.569999999999999,1157,0.4246400669908363,0.2328526388600353,419
PAK,Pakistan,admin2,PK32022,Gilgit Baltistan,PK3042022,Ghizer,43,2025-10-01,2025-10-15,0.01,1,8.19,819,0.0543863091531091,0.15219790255847795,182
PAK,Pakistan,admin2,PK32022,Gilgit Baltistan,PK3032022,Ghanche,43,2025-10-01,2025-10-15,0.26,26,45.94,4594,2.823018458197611,0.43149687550507154,3117
PAK,Pakistan,admin2,PK32022,Gilgit Baltistan,PK3022022,Diamir,43,2025-10-01,2025-10-15,0,0,5.630000000000001,563,0,0.13065614658606658,104
PAK,Pakistan,admin2,PK32022,Gilgit Baltistan,PK3012022,Astore,43,2025-10-01,2025-10-15,0.06,6,4.579999999999999,458,0.3118503118503118,0.10535972185249934,192
PAK,Pakistan,admin2,PK22022,Balochistan,PK2362022,Usta Muhammad,43,2025-10-01,2025-10-15,3.01,301,4.04,404,0.3131608206376139,0.36292816019906843,173
PAK,Pakistan,admin2,PK22022,Balochistan,PK2332022,Shaheed Sikandarabad,43,2025-10-01,2025-10-15,0.08,8,2.0900000000000003,209,0.0282438278582996,0.04957922914313155,42
PAK,Pakistan,admin2,PK22022,Balochistan,PK2312022,Zhob,43,2025-10-01,2025-10-15,0,0,8.79,879,0,0.06375195625670077,244
PAK,Pakistan,admin2,PK22022,Balochistan,PK2302022,Washuk,43,2025-10-01,2025-10-15,0,0,38.949999999999996,3895,0,0.08845219366454103,99
PAK,Pakistan,admin2,PK22022,Balochistan,PK2292022,Sohbatpur,43,2025-10-01,2025-10-15,49.01,4901,117.41999999999999,11742,7.026219909374346,13.065646867141753,13533
PAK,Pakistan,admin2,PK22022,Balochistan,PK2272022,Sherani,43,2025-10-01,2025-10-15,0.02,2,15.34,1534,0.105105445492522,0.42688921668802515,336
PAK,Pakistan,admin2,PK22022,Balochistan,PK2262022,Quetta,43,2025-10-01,2025-10-15,0.04,4,1.7999999999999998,180,0.0220772912981707,0.04248785555462049,223
PAK,Pakistan,admin2,PK22022,Balochistan,PK2242022,Panjgur,43,2025-10-01,2025-10-15,0,0,0.11,11,0,0.0005630803069509946,0
PAK,Pakistan,admin2,PK22022,Balochistan,PK2232022,Nushki,43,2025-10-01,2025-10-15,0,0,26.700000000000003,2670,0,0.40855776121940257,474
PAK,Pakistan,admin2,PK22022,Balochistan,PK2222022,Nasirabad,43,2025-10-01,2025-10-15,1.26,126,1.6800000000000002,168,0.0456878653669471,0.04569325791713012,173
PAK,Pakistan,admin2,PK22022,Balochistan,PK2212022,Musakhel,43,2025-10-01,2025-10-15,0,0,4.420000000000001,442,0,0.06607344813835764,71
PAK,Pakistan,admin2,PK22022,Balochistan,PK2192022,Loralai,43,2025-10-01,2025-10-15,0,0,0.45,45,0,0.0114944565516604,5
PAK,Pakistan,admin2,PK22022,Balochistan,PK2172022,Lasbela,43,2025-10-01,2025-10-15,1.69,169,233.97,23397,0.1766824798750271,1.4922369455776183,1863
PAK,Pakistan,admin2,PK22022,Balochistan,PK2152022,Killa Saifullah,43,2025-10-01,2025-10-15,0.03,3,13.37,1337,0.0038160663977595,0.0925559967445243,117
PAK,Pakistan,admin2,PK22022,Balochistan,PK2142022,Killa Abdullah,43,2025-10-01,2025-10-15,0.02,2,0.77,77,0.0096494962395345,0.022271162444769826,8
PAK,Pakistan,admin2,PK22022,Balochistan,PK2132022,Khuzdar,43,2025-10-01,2025-10-15,0.47,47,14.27,1427,0.034180205802199,0.04078118420747535,162
PAK,Pakistan,admin2,PK22022,Balochistan,PK2122022,Kharan,43,2025-10-01,2025-10-15,0,0,9.51,951,0,0.1065460752231592,91
PAK,Pakistan,admin2,PK22022,Balochistan,PK2112022,Kech,43,2025-10-01,2025-10-15,0.07,7,28.96,2896,0.0290266793397528,0.10615425361012747,664
PAK,Pakistan,admin2,PK22022,Balochistan,PK2102022,Kalat,43,2025-10-01,2025-10-15,0,0,1.25,125,0,0.011198614577318904,8
PAK,Pakistan,admin2,PK22022,Balochistan,PK2092022,Kachhi,43,2025-10-01,2025-10-15,0.33,33,3.62,362,0.0224064781162198,0.05894491701908124,144
PAK,Pakistan,admin2,PK22022,Balochistan,PK2082022,Jhal Magsi,43,2025-10-01,2025-10-15,0.5,50,0.8400000000000001,84,0.0292176777720958,0.019394329047481867,34
PAK,Pakistan,admin2,PK22022,Balochistan,PK2072022_1,Jaffarabad,43,2025-10-01,2025-10-15,3.03,303,7.079999999999999,708,0.4230852251838459,0.870008223008927,951
PAK,Pakistan,admin2,PK22022,Balochistan,PK2052022,Gwadar,43,2025-10-01,2025-10-15,0.17,17,257.71999999999997,25772,0.6528938938230364,2.0028745946561166,2035
PAK,Pakistan,admin2,PK22022,Balochistan,PK2042022,Dera Bugti,43,2025-10-01,2025-10-15,3.89,389,12.96,1296,0.6484733272810462,0.10980391906693605,1494
PAK,Pakistan,admin2,PK22022,Balochistan,PK2032022,Chagai,43,2025-10-01,2025-10-15,0.01,1,190.25,19025,0.003872886106621,0.3729265981622682,491
PAK,Pakistan,admin2,PK22022,Balochistan,PK2012022,Awaran,43,2025-10-01,2025-10-15,1.51,151,20.66,2066,0.5416619717002193,0.07395769555238466,158
PAK,Pakistan,admin2,PK12022,Azad Kashmir,PK1082022,Neelum,43,2025-10-01,2025-10-15,0,0,0.78,78,0,0.022122208977196786,16
PAK,Pakistan,admin2,PK12022,Azad Kashmir,PK1072022,Muzaffarabad,43,2025-10-01,2025-10-15,0,0,0.88,88,0,0.05499709243312795,408
PAK,Pakistan,admin2,PK12022,Azad Kashmir,PK1062022,Mirpur,43,2025-10-01,2025-10-15,75.51,7551,174.12,17412,30.917294725271127,16.193972575440373,33649
PAK,Pakistan,admin2,PK12022,Azad Kashmir,PK1052022,Kotli,43,2025-10-01,2025-10-15,0.3,30,5.569999999999999,557,0.168167867143428,0.2899057860794317,1761
PAK,Pakistan,admin2,PK12022,Azad Kashmir,PK1022022,Bhimber,43,2025-10-01,2025-10-15,0.07,7,0.44999999999999996,45,0.019812402630643,0.03136012339627805,194
PAK,Pakistan,admin2,PK72022,Sindh,PK7292022,West Karachi,42,2025-09-16,2025-09-30,0,0,0.15999999999999998,16,0,0.06879364940193361,185
PAK,Pakistan,admin2,PK72022,Sindh,PK7282022,Umer Kot,42,2025-09-16,2025-09-30,18.39,1839,50.959999999999994,5096,0.9584475889845144,0.8351255551388959,10598
PAK,Pakistan,admin2,PK72022,Sindh,PK7272022,Thatta,42,2025-09-16,2025-09-30,437.81,43781,2247.06,224706,22.003933296290075,26.63049042694788,213041
PAK,Pakistan,admin2,PK72022,Sindh,PK7262022,Tharparkar,42,2025-09-16,2025-09-30,52.82,5282,1063.51,106351,1.5337602854210022,4.884207078037535,30164
PAK,Pakistan,admin2,PK72022,Sindh,PK7252022,Tando Muhammad Khan,42,2025-09-16,2025-09-30,194.1,19410,361.41,36141,14.013266758885209,19.448943488387677,93241
PAK,Pakistan,admin2,PK72022,Sindh,PK7242022,Tando Allahyar,42,2025-09-16,2025-09-30,20.43,2043,45.330000000000005,4533,1.9034470966005868,2.6391201713563386,9522
PAK,Pakistan,admin2,PK72022,Sindh,PK7232022,Sukkur,42,2025-09-16,2025-09-30,455.41,45541,854.28,85428,27.47927209390662,14.57544859478597,248400
PAK,Pakistan,admin2,PK72022,Sindh,PK7222022,Sujawal,42,2025-09-16,2025-09-30,1011.76,101176,4847.990000000001,484799,38.96491840685481,50.65582638596734,321341
PAK,Pakistan,admin2,PK72022,Sindh,PK7212022,South Karachi,42,2025-09-16,2025-09-30,0,0,22.81,2281,0,4.182012804549508,43948
PAK,Pakistan,admin2,PK72022,Sindh,PK7202022,Shikarpur,42,2025-09-16,2025-09-30,328.69,32869,573.3399999999999,57334,15.272505215852611,19.772663804099672,140933
PAK,Pakistan,admin2,PK72022,Sindh,PK7192022,Shaheed Benazir Abad,42,2025-09-16,2025-09-30,477.98,47798,778.72,77872,15.774611656399872,15.165314626917894,162218
PAK,Pakistan,admin2,PK72022,Sindh,PK7182022,Sanghar,42,2025-09-16,2025-09-30,146.52,14652,580.6700000000001,58067,3.722748952770729,5.118191505380755,101536
PAK,Pakistan,admin2,PK72022,Sindh,PK7172022,Naushahro Feroze,42,2025-09-16,2025-09-30,635.27,63527,1024.8700000000001,102487,25.223305574914026,29.982325306867498,229823
PAK,Pakistan,admin2,PK72022,Sindh,PK7162022,Mirpur Khas,42,2025-09-16,2025-09-30,31.96,3196,102.01,10201,1.3712765730476244,2.6508353225897068,22612
PAK,Pakistan,admin2,PK72022,Sindh,PK7152022,Matiari,42,2025-09-16,2025-09-30,332.69,33269,481.5,48150,29.57631475331013,29.618897369136565,130584
PAK,Pakistan,admin2,PK72022,Sindh,PK7142022,Malir Karachi,42,2025-09-16,2025-09-30,3.86,386,232.96000000000004,23296,1.5608025598240265,7.702474695914282,34059
PAK,Pakistan,admin2,PK72022,Sindh,PK7132022,Larkana,42,2025-09-16,2025-09-30,322.19,32219,590.7,59070,20.94570361249837,27.16417327441805,159050
PAK,Pakistan,admin2,PK72022,Sindh,PK7122022,Korangi Karachi,42,2025-09-16,2025-09-30,0.36,36,6.89,689,4.046976670369782,5.9694945729396505,27377
PAK,Pakistan,admin2,PK72022,Sindh,PK7112022,Khairpur,42,2025-09-16,2025-09-30,571.52,57152,1083.43,108343,17.815818298936378,6.016300194925547,272029
PAK,Pakistan,admin2,PK72022,Sindh,PK7102022,Kashmore,42,2025-09-16,2025-09-30,618.36,61836,1143.2800000000002,114328,29.22056857707296,38.36306665619743,235502
PAK,Pakistan,admin2,PK72022,Sindh,PK7092022,Kambar Shahdad Kot,42,2025-09-16,2025-09-30,472.55,47255,577.72,57772,13.765437634968867,9.109086965747164,139279
PAK,Pakistan,admin2,PK72022,Sindh,PK7082022,Jamshoro,42,2025-09-16,2025-09-30,455.41,45541,820.7300000000001,82073,28.849686044491,6.555249267304541,158636
PAK,Pakistan,admin2,PK72022,Sindh,PK7072022,Jacobabad,42,2025-09-16,2025-09-30,214.75,21475,328.8,32880,8.726835688462764,10.726745996875078,63474
PAK,Pakistan,admin2,PK72022,Sindh,PK7062022,Hyderabad,42,2025-09-16,2025-09-30,93.14,9314,213.68,21368,17.919882153274045,18.873478963004004,234272
PAK,Pakistan,admin2,PK72022,Sindh,PK7052022,Ghotki,42,2025-09-16,2025-09-30,415.13,41513,688.01,68801,13.397262061049764,9.520110077440284,148245
PAK,Pakistan,admin2,PK72022,Sindh,PK7032022,Dadu,42,2025-09-16,2025-09-30,690.95,69095,900.44,90044,20.5077046424025,9.978691324012376,274505
PAK,Pakistan,admin2,PK72022,Sindh,PK7012022,Badin,42,2025-09-16,2025-09-30,1230.52,123052,2215.92,221592,24.68936044755212,30.479553933845118,354132
PAK,Pakistan,admin2,PK62022,Punjab,PK6362022,Vehari,42,2025-09-16,2025-09-30,341.79,34179,399.35,39935,7.55072581665909,7.659722697868767,136073
PAK,Pakistan,admin2,PK62022,Punjab,PK6352022,Toba Tek Singh,42,2025-09-16,2025-09-30,169.25,16925,220.91000000000003,22091,6.0813268001985055,6.133149143047455,81328
PAK,Pakistan,admin2,PK62022,Punjab,PK6342022,Sialkot,42,2025-09-16,2025-09-30,65.1,6510,100.39999999999999,10040,2.127621533675422,2.7546283340153734,78159
PAK,Pakistan,admin2,PK62022,Punjab,PK6332022,Sheikhupura,42,2025-09-16,2025-09-30,45.62,4562,77.54,7754,1.2760477605225249,1.8119799562449663,32063
PAK,Pakistan,admin2,PK62022,Punjab,PK6322022,Sargodha,42,2025-09-16,2025-09-30,32.46,3246,120.72999999999999,12073,0.687310059839312,1.744355227185184,44792
PAK,Pakistan,admin2,PK62022,Punjab,PK6312022,Sahiwal,42,2025-09-16,2025-09-30,60.25,6025,82.59,8259,1.92762999180104,2.1958059230547033,38544
PAK,Pakistan,admin2,PK62022,Punjab,PK6302022,Rawalpindi,42,2025-09-16,2025-09-30,5.28,528,52.19,5219,0.2320361991636462,0.8309297249775551,8198
PAK,Pakistan,admin2,PK62022,Punjab,PK6292022,Rajanpur,42,2025-09-16,2025-09-30,768.56,76856,1114.2599999999998,111426,14.043585009894608,7.704322672623394,158989
PAK,Pakistan,admin2,PK62022,Punjab,PK6282022,Rahim Yar Khan,42,2025-09-16,2025-09-30,536.74,53674,873.1,87310,7.710463253786908,5.9546043688997825,168888
PAK,Pakistan,admin2,PK62022,Punjab,PK6272022,Pakpattan,42,2025-09-16,2025-09-30,532.71,53271,625.0200000000001,62502,18.013202127053123,18.64776852585552,185268
PAK,Pakistan,admin2,PK62022,Punjab,PK6262022,Okara,42,2025-09-16,2025-09-30,413.32,41332,498.21999999999997,49822,9.249774261806246,9.62265674204136,168379
PAK,Pakistan,admin2,PK62022,Punjab,PK6252022,Narowal,42,2025-09-16,2025-09-30,37.84,3784,56.35,5635,1.5264969718354444,2.000638594845184,37116
PAK,Pakistan,admin2,PK62022,Punjab,PK6242022,Nankana Sahib,42,2025-09-16,2025-09-30,126.73,12673,184.6,18460,5.866708798720696,7.155385816022776,65918
PAK,Pakistan,admin2,PK62022,Punjab,PK6232022,Muzaffargarh,42,2025-09-16,2025-09-30,776.43,77643,1418.33,141833,13.702578295642356,15.914395413348476,505521
PAK,Pakistan,admin2,PK62022,Punjab,PK6222022,Multan,42,2025-09-16,2025-09-30,819.35,81935,1168.54,116854,27.9262933541773,27.662339210367907,584822
PAK,Pakistan,admin2,PK62022,Punjab,PK6212022,Mianwali,42,2025-09-16,2025-09-30,233.57,23357,477.4,47740,6.508595136191281,6.723531337373992,68745
PAK,Pakistan,admin2,PK62022,Punjab,PK6202022,Mandi Bahauddin,42,2025-09-16,2025-09-30,52.01,5201,157.47000000000003,15747,2.07355460265082,4.833832024630566,65721
PAK,Pakistan,admin2,PK62022,Punjab,PK6192022,Lodhran,42,2025-09-16,2025-09-30,86.96,8696,98.69,9869,3.15851204381772,3.204932115821782,29122
PAK,Pakistan,admin2,PK62022,Punjab,PK6182022,Leiah,42,2025-09-16,2025-09-30,146.19,14619,287.01,28701,3.2582340913034,3.825135880885245,42967
PAK,Pakistan,admin2,PK62022,Punjab,PK6172022,Lahore,42,2025-09-16,2025-09-30,61.04,6104,96.64,9664,6.017276183977128,4.750451055936907,151825
PAK,Pakistan,admin2,PK62022,Punjab,PK6162022,Khushab,42,2025-09-16,2025-09-30,19.84,1984,36.980000000000004,3698,0.6187451832518329,0.47282184210976524,7816
PAK,Pakistan,admin2,PK62022,Punjab,PK6152022,Khanewal,42,2025-09-16,2025-09-30,410.96,41096,576.4899999999999,57649,10.064676824862543,11.381584630838024,191716
PAK,Pakistan,admin2,PK62022,Punjab,PK6142022,Kasur,42,2025-09-16,2025-09-30,249.63,24963,349.75000000000006,34975,6.805183603646568,7.492092712476333,132059
PAK,Pakistan,admin2,PK62022,Punjab,PK6132022,Jhelum,42,2025-09-16,2025-09-30,10.22,1022,75.63,7563,0.6232075250927646,1.77572335867807,16767
PAK,Pakistan,admin2,PK62022,Punjab,PK6122022,Jhang,42,2025-09-16,2025-09-30,900.3,90030,1283.1699999999998,128317,17.202398520580164,17.24836869492537,470868
PAK,Pakistan,admin2,PK62022,Punjab,PK6112022,Hafizabad,42,2025-09-16,2025-09-30,100.24,10024,168.8,16880,4.242115437677631,6.265578337087496,56530
PAK,Pakistan,admin2,PK62022,Punjab,PK6102022,Gujrat,42,2025-09-16,2025-09-30,31.2,3120,95.14999999999999,9515,1.1990023143336772,2.5194887398092223,53161
PAK,Pakistan,admin2,PK62022,Punjab,PK6092022,Gujranwala,42,2025-09-16,2025-09-30,61.18,6118,171.01999999999998,17102,1.7154082051158013,3.988842279736038,92252
PAK,Pakistan,admin2,PK62022,Punjab,PK6082022,Faisalabad,42,2025-09-16,2025-09-30,124.25,12425,200.51999999999998,20052,2.4992870223457904,2.8737365391144696,82097
PAK,Pakistan,admin2,PK62022,Punjab,PK6072022,Dera Ghazi Khan,42,2025-09-16,2025-09-30,165.2,16520,375.05999999999995,37506,3.4727591532297644,2.739986308247711,68231
PAK,Pakistan,admin2,PK62022,Punjab,PK6062022,Chiniot,42,2025-09-16,2025-09-30,111.55,11155,249.21,24921,4.870949818133407,8.127293223098558,83174
PAK,Pakistan,admin2,PK62022,Punjab,PK6052022,Chakwal,42,2025-09-16,2025-09-30,0.69,69,16.490000000000002,1649,0.0211255495914682,0.2128340380104953,4236
PAK,Pakistan,admin2,PK62022,Punjab,PK6042022,Bhakkar,42,2025-09-16,2025-09-30,18.95,1895,96.66,9666,0.4447078686885002,0.9680669669219226,7518
PAK,Pakistan,admin2,PK62022,Punjab,PK6032022,Bahawalpur,42,2025-09-16,2025-09-30,1229.52,122952,1458.02,145802,17.70141506882927,5.31024606729141,549357
PAK,Pakistan,admin2,PK62022,Punjab,PK6022022,Bahawalnagar,42,2025-09-16,2025-09-30,532.76,53276,670.01,67001,8.304943772426768,6.768329834341922,209145
PAK,Pakistan,admin2,PK62022,Punjab,PK6012022,Attock,42,2025-09-16,2025-09-30,3.61,361,58.78,5878,0.1058927695685334,0.7075775279940738,9472
PAK,Pakistan,admin2,PK52022,Khyber Pakhtunkhwa,PK5352022,Upper Dir,42,2025-09-16,2025-09-30,0,0,2.7,270,0,0.06105677708277074,103
PAK,Pakistan,admin2,PK52022,Khyber Pakhtunkhwa,PK5342022,Tor Ghar,42,2025-09-16,2025-09-30,5.87,587,42.99,4299,43.281324998120525,7.773376448912566,17975
PAK,Pakistan,admin2,PK52022,Khyber Pakhtunkhwa,PK5332022,Tank,42,2025-09-16,2025-09-30,4.07,407,8.7,870,0.5706922986700559,0.26023915561971867,1322
PAK,Pakistan,admin2,PK52022,Khyber Pakhtunkhwa,PK5322022,Swat,42,2025-09-16,2025-09-30,0.08,8,5.890000000000001,589,0.0243859783971311,0.12858440093615273,622
PAK,Pakistan,admin2,PK52022,Khyber Pakhtunkhwa,PK5312022,Swabi,42,2025-09-16,2025-09-30,2.91,291,36.56,3656,0.3146354655248066,2.0389405539957295,17410
PAK,Pakistan,admin2,PK52022,Khyber Pakhtunkhwa,PK5302022,South Waziristan,42,2025-09-16,2025-09-30,0.16,16,25.189999999999998,2519,0.0816960418668186,0.48571105370061995,589
PAK,Pakistan,admin2,PK52022,Khyber Pakhtunkhwa,PK5292022,Shangla,42,2025-09-16,2025-09-30,1.74,174,6.1000000000000005,610,4.585984891159085,0.36331489773964354,2418
PAK,Pakistan,admin2,PK52022,Khyber Pakhtunkhwa,PK5282022,Peshawar,42,2025-09-16,2025-09-30,0.17,17,1,100,0.0257580517382109,0.06499664375173869,739
PAK,Pakistan,admin2,PK52022,Khyber Pakhtunkhwa,PK5262022,Nowshera,42,2025-09-16,2025-09-30,3.35,335,11.68,1168,0.6736351997082923,0.5601721758319973,6134
PAK,Pakistan,admin2,PK52022,Khyber Pakhtunkhwa,PK5252022,North Waziristan,42,2025-09-16,2025-09-30,0,0,1.65,165,0,0.02891983180679455,96
PAK,Pakistan,admin2,PK52022,Khyber Pakhtunkhwa,PK5242022,Mohmand,42,2025-09-16,2025-09-30,0.01,1,0.47000000000000003,47,0.0022359612542111,0.017256335893735757,178
PAK,Pakistan,admin2,PK52022,Khyber Pakhtunkhwa,PK5222022,Mansehra,42,2025-09-16,2025-09-30,2.38,238,10.32,1032,0.6940550621590406,0.21008675898184556,5097
PAK,Pakistan,admin2,PK52022,Khyber Pakhtunkhwa,PK5202022,Lower Dir,42,2025-09-16,2025-09-30,0,0,0.12,12,0,0.010967651128049734,30
PAK,Pakistan,admin2,PK52022,Khyber Pakhtunkhwa,PK5192022,Lakki Marwat,42,2025-09-16,2025-09-30,0.01,1,0.16,16,0.0007670238691812217,0.004383657441409908,36
PAK,Pakistan,admin2,PK52022,Khyber Pakhtunkhwa,PK5172022,Kolai Palas Kohistan,42,2025-09-16,2025-09-30,0,0,2.36,236,0,0.4901471703937419,80
PAK,Pakistan,admin2,PK52022,Khyber Pakhtunkhwa,PK5162022,Kohistan Upper,42,2025-09-16,2025-09-30,0,0,13.25,1325,0,0.19698281272707094,431
PAK,Pakistan,admin2,PK52022,Khyber Pakhtunkhwa,PK5152022,Kohistan Lower,42,2025-09-16,2025-09-30,0,0,1.03,103,0,0.16907713432120977,88
PAK,Pakistan,admin2,PK52022,Khyber Pakhtunkhwa,PK5142022,Kohat,42,2025-09-16,2025-09-30,0.07,7,17.29,1729,0.010527153864527,0.41828744612353436,1629
PAK,Pakistan,admin2,PK52022,Khyber Pakhtunkhwa,PK5132022,Khyber,42,2025-09-16,2025-09-30,0.15,15,1.23,123,0.0904761386629022,0.03704055758598541,133
PAK,Pakistan,admin2,PK52022,Khyber Pakhtunkhwa,PK5122022,Karak,42,2025-09-16,2025-09-30,0,0,1.92,192,0,0.07310540533244145,144
PAK,Pakistan,admin2,PK52022,Khyber Pakhtunkhwa,PK5112022,Haripur,42,2025-09-16,2025-09-30,34.41,3441,145.41,14541,6.857191487925099,6.153961130293237,33961
PAK,Pakistan,admin2,PK52022,Khyber Pakhtunkhwa,PK5092022,D. I. Khan,42,2025-09-16,2025-09-30,105.34,10534,338.71000000000004,33871,2.539276966508915,3.1782333937658884,36684
PAK,Pakistan,admin2,PK52022,Khyber Pakhtunkhwa,PK5082022,Chitral Upper,42,2025-09-16,2025-09-30,0,0,41.01,4101,0,0.38709301292586556,235
PAK,Pakistan,admin2,PK52022,Khyber Pakhtunkhwa,PK5072022,Chitral Lower,42,2025-09-16,2025-09-30,0.02,2,27.400000000000002,2740,0.0704067855574974,0.36564298371017284,243
PAK,Pakistan,admin2,PK52022,Khyber Pakhtunkhwa,PK5062022,Charsadda,42,2025-09-16,2025-09-30,0.87,87,5.5200000000000005,552,0.1567861254208438,0.4650362053283517,4706
PAK,Pakistan,admin2,PK52022,Khyber Pakhtunkhwa,PK5042022,Batagram,42,2025-09-16,2025-09-30,0,0,0.7000000000000001,70,0,0.03989978336764653,208
PAK,Pakistan,admin2,PK52022,Khyber Pakhtunkhwa,PK5032022,Bannu,42,2025-09-16,2025-09-30,4.07,407,10.85,1085,0.6388336633732842,0.44760757210777197,537
PAK,Pakistan,admin2,PK42022,Islamabad,PK4012022,Islamabad,42,2025-09-16,2025-09-30,0.26,26,4.02,402,0.0982821670639707,0.3779922728954496,3041
PAK,Pakistan,admin2,PK32022,Gilgit Baltistan,PK3142022,Rondu,42,2025-09-16,2025-09-30,0,0,9.350000000000001,935,0,0.41014473322555783,114
PAK,Pakistan,admin2,PK32022,Gilgit Baltistan,PK3132022,Gupis-Yasin,42,2025-09-16,2025-09-30,0.06,6,55.669999999999995,5567,0.1712328767123287,0.5801000128979227,411
PAK,Pakistan,admin2,PK32022,Gilgit Baltistan,PK3122022,Tangir,42,2025-09-16,2025-09-30,0,0,1.56,156,0,0.12790293524053808,20
PAK,Pakistan,admin2,PK32022,Gilgit Baltistan,PK3112022,Darel,42,2025-09-16,2025-09-30,0,0,0.91,91,0,0.11412963208059267,7
PAK,Pakistan,admin2,PK32022,Gilgit Baltistan,PK3102022,Shigar,42,2025-09-16,2025-09-30,0.64,64,119.42,11942,3.3081237546393805,1.1356622238671097,2124
PAK,Pakistan,admin2,PK32022,Gilgit Baltistan,PK3092022,Kharmang,42,2025-09-16,2025-09-30,0,0,89.62,8962,0,1.2307408254537686,430
PAK,Pakistan,admin2,PK32022,Gilgit Baltistan,PK3082022,Nagar,42,2025-09-16,2025-09-30,0,0,20.73,2073,0,0.5527167557990378,1120
PAK,Pakistan,admin2,PK32022,Gilgit Baltistan,PK3072022,Skardu,42,2025-09-16,2025-09-30,0.86,86,104.17000000000002,10417,3.7692069712282152,4.007022870110167,4470
PAK,Pakistan,admin2,PK32022,Gilgit Baltistan,PK3062022,Hunza,42,2025-09-16,2025-09-30,0,0,82.88,8288,0,0.5817389206459497,929
PAK,Pakistan,admin2,PK32022,Gilgit Baltistan,PK3052022,Gilgit,42,2025-09-16,2025-09-30,0.06,6,3.8599999999999994,386,0.3639772002778597,0.07768463146065147,138
PAK,Pakistan,admin2,PK32022,Gilgit Baltistan,PK3042022,Ghizer,42,2025-09-16,2025-09-30,0.12,12,18.769999999999996,1877,0.6526357098373103,0.3488100892579532,320
PAK,Pakistan,admin2,PK32022,Gilgit Baltistan,PK3032022,Ghanche,42,2025-09-16,2025-09-30,0.37,37,169.00000000000003,16900,4.017372421281216,1.5873524588671564,4729
PAK,Pakistan,admin2,PK32022,Gilgit Baltistan,PK3022022,Diamir,42,2025-09-16,2025-09-30,0,0,2.49,249,0,0.04833727316938055,24
PAK,Pakistan,admin2,PK32022,Gilgit Baltistan,PK3012022,Astore,42,2025-09-16,2025-09-30,0,0,48.28,4828,0,0.7702827741261657,360
PAK,Pakistan,admin2,PK22022,Balochistan,PK2362022,Usta Muhammad,42,2025-09-16,2025-09-30,14.96,1496,17.37,1737,1.556440490610865,1.5478666045006253,1756
PAK,Pakistan,admin2,PK22022,Balochistan,PK2332022,Shaheed Sikandarabad,42,2025-09-16,2025-09-30,0.08,8,2.29,229,0.0282438278582996,0.054323652984579536,45
PAK,Pakistan,admin2,PK22022,Balochistan,PK2312022,Zhob,42,2025-09-16,2025-09-30,0.04,4,9.120000000000001,912,0.019083219675922,0.06515486224561229,262
PAK,Pakistan,admin2,PK22022,Balochistan,PK2302022,Washuk,42,2025-09-16,2025-09-30,0,0,1.36,136,0,0.003089077515729182,2
PAK,Pakistan,admin2,PK22022,Balochistan,PK2292022,Sohbatpur,42,2025-09-16,2025-09-30,54.53,5453,123.25,12325,7.817583588210224,13.714367027552557,14861
PAK,Pakistan,admin2,PK22022,Balochistan,PK2272022,Sherani,42,2025-09-16,2025-09-30,0.02,2,15.309999999999999,1531,0.105105445492522,0.426054361635833,317
PAK,Pakistan,admin2,PK22022,Balochistan,PK2262022,Quetta,42,2025-09-16,2025-09-30,0.07,7,1.8399999999999999,184,0.0386352597717987,0.04343203012250099,289
PAK,Pakistan,admin2,PK22022,Balochistan,PK2232022,Nushki,42,2025-09-16,2025-09-30,0,0,7.75,775,0,0.11861490347690862,160
PAK,Pakistan,admin2,PK22022,Balochistan,PK2222022,Nasirabad,42,2025-09-16,2025-09-30,1.38,138,2,200,0.0500390906399897,0.05425614338056109,307
PAK,Pakistan,admin2,PK22022,Balochistan,PK2182022,Lehri,42,2025-09-16,2025-09-30,63.1,6310,72.17,7217,3.873648451061824,1.921920325631004,4441
PAK,Pakistan,admin2,PK22022,Balochistan,PK2172022,Lasbela,42,2025-09-16,2025-09-30,1.79,179,306.63,30663,0.1871370644830168,1.9556550610012613,2409
PAK,Pakistan,admin2,PK22022,Balochistan,PK2152022,Killa Saifullah,42,2025-09-16,2025-09-30,0.03,3,14.249999999999998,1425,0.0038160663977595,0.0986479396865723,129
PAK,Pakistan,admin2,PK22022,Balochistan,PK2142022,Killa Abdullah,42,2025-09-16,2025-09-30,0.01,1,0.36,36,0.0048247481197672,0.010412491532619444,4
PAK,Pakistan,admin2,PK22022,Balochistan,PK2132022,Khuzdar,42,2025-09-16,2025-09-30,0.14,14,10.870000000000001,1087,0.0101813378985273,0.031064574094972455,115
PAK,Pakistan,admin2,PK22022,Balochistan,PK2112022,Kech,42,2025-09-16,2025-09-30,0.01,1,25.580000000000002,2558,0.0041466684771075,0.0937647032923709,513
PAK,Pakistan,admin2,PK22022,Balochistan,PK2092022,Kachhi,42,2025-09-16,2025-09-30,29.72,2972,34.13,3413,2.01794099883047,0.5530250402664604,1210
PAK,Pakistan,admin2,PK22022,Balochistan,PK2082022,Jhal Magsi,42,2025-09-16,2025-09-30,1.15,115,1.53,153,0.0672006588758205,0.03526843136223043,114
PAK,Pakistan,admin2,PK22022,Balochistan,PK2072022_1,Jaffarabad,42,2025-09-16,2025-09-30,4.19,419,6.67,667,0.5850584467063744,0.8196263908855287,989
PAK,Pakistan,admin2,PK22022,Balochistan,PK2052022,Gwadar,42,2025-09-16,2025-09-30,0.1,10,277.53,27753,0.3840552316606096,2.156828287501599,1970
PAK,Pakistan,admin2,PK22022,Balochistan,PK2042022,Dera Bugti,42,2025-09-16,2025-09-30,5.17,517,15.059999999999999,1506,0.8618527254609277,0.12755493755587416,1654
PAK,Pakistan,admin2,PK22022,Balochistan,PK2032022,Chagai,42,2025-09-16,2025-09-30,0,0,19.279999999999998,1928,0,0.037985288513475254,48
PAK,Pakistan,admin2,PK22022,Balochistan,PK2012022,Awaran,42,2025-09-16,2025-09-30,1.7,170,16.63,1663,0.609818113834684,0.059531291240859395,136
PAK,Pakistan,admin2,PK12022,Azad Kashmir,PK1082022,Neelum,42,2025-09-16,2025-09-30,0,0,5.31,531,0,0.1390094026019463,103
PAK,Pakistan,admin2,PK12022,Azad Kashmir,PK1072022,Muzaffarabad,42,2025-09-16,2025-09-30,0,0,0.16,16,0,0.009999471351477303,26
PAK,Pakistan,admin2,PK12022,Azad Kashmir,PK1062022,Mirpur,42,2025-09-16,2025-09-30,74.01,7401,168.7,16870,30.30312518364874,15.68988728162641,32995
PAK,Pakistan,admin2,PK12022,Azad Kashmir,PK1052022,Kotli,42,2025-09-16,2025-09-30,0.2,20,3.3,330,0.112111911428952,0.17175746751564172,966
PAK,Pakistan,admin2,PK12022,Azad Kashmir,PK1022022,Bhimber,42,2025-09-16,2025-09-30,0.04,4,0.29,29,0.011321372931796,0.02020985729982361,163
PAK,Pakistan,admin2,PK62022,Punjab,PK6192022,Lodhran,41,2025-09-01,2025-09-15,58.46,5846,68.31,6831,2.1233511278930988,2.2183495068576944,19745
PAK,Pakistan,admin2,PK62022,Punjab,PK6182022,Leiah,41,2025-09-01,2025-09-15,248.56,24856,433.49,43349,5.539822598908087,5.777353238580346,72099
PAK,Pakistan,admin2,PK62022,Punjab,PK6172022,Lahore,41,2025-09-01,2025-09-15,85.58,8558,139.17,13917,8.436410482057054,6.8410624322717215,234747
PAK,Pakistan,admin2,PK62022,Punjab,PK6162022,Khushab,41,2025-09-01,2025-09-15,74.25,7425,132.05,13205,2.3156164242161585,1.6883754529636152,28821
PAK,Pakistan,admin2,PK62022,Punjab,PK6152022,Khanewal,41,2025-09-01,2025-09-15,468.14,46814,652.45,65245,11.465052094586218,12.881255342486897,231248
PAK,Pakistan,admin2,PK62022,Punjab,PK6142022,Kasur,41,2025-09-01,2025-09-15,394.39,39439,521.26,52126,10.751497662308898,11.166056461202036,197261
PAK,Pakistan,admin2,PK62022,Punjab,PK6132022,Jhelum,41,2025-09-01,2025-09-15,58.09,5809,159.53000000000003,15953,3.5422823026065253,3.745618767815849,44027
PAK,Pakistan,admin2,PK62022,Punjab,PK6122022,Jhang,41,2025-09-01,2025-09-15,1375.72,137572,1915.81,191581,26.28644195571759,25.75231436943271,678121
PAK,Pakistan,admin2,PK62022,Punjab,PK6112022,Hafizabad,41,2025-09-01,2025-09-15,578.25,57825,707.88,70788,24.47130139502285,26.27534119228375,220519
PAK,Pakistan,admin2,PK62022,Punjab,PK6102022,Gujrat,41,2025-09-01,2025-09-15,366.63,36663,511.96,51196,14.089430080261412,13.556252813796421,363449
PAK,Pakistan,admin2,PK62022,Punjab,PK6092022,Gujranwala,41,2025-09-01,2025-09-15,265.43,26543,432.09000000000003,43209,7.4423144799589265,10.077995910718892,235294
PAK,Pakistan,admin2,PK62022,Punjab,PK6082022,Faisalabad,41,2025-09-01,2025-09-15,292.05,29205,407.82000000000005,40782,5.874581689143565,5.844640112615515,181206
PAK,Pakistan,admin2,PK62022,Punjab,PK6072022,Dera Ghazi Khan,41,2025-09-01,2025-09-15,351.17,35117,664.83,66483,7.382135785954579,4.856889823794395,123344
PAK,Pakistan,admin2,PK62022,Punjab,PK6062022,Chiniot,41,2025-09-01,2025-09-15,586.22,58622,858.1200000000001,85812,25.597922029459124,27.985204689239335,311348
PAK,Pakistan,admin2,PK62022,Punjab,PK6052022,Chakwal,41,2025-09-01,2025-09-15,3.27,327,22.22,2222,0.1001167350204364,0.28679031683403317,5919
PAK,Pakistan,admin2,PK62022,Punjab,PK6042022,Bhakkar,41,2025-09-01,2025-09-15,26.19,2619,123.07000000000001,12307,0.6146120887045816,1.2325677800442898,9756
PAK,Pakistan,admin2,PK62022,Punjab,PK6032022,Bahawalpur,41,2025-09-01,2025-09-15,1143.51,114351,1362.7099999999998,136271,16.46312800552814,4.963118076815596,498823
PAK,Pakistan,admin2,PK62022,Punjab,PK6022022,Bahawalnagar,41,2025-09-01,2025-09-15,637.27,63727,801.76,80176,9.93410075428787,8.0992464709213,258048
PAK,Pakistan,admin2,PK62022,Punjab,PK6012022,Attock,41,2025-09-01,2025-09-15,15.11,1511,133.24,13324,0.4432243069752191,1.603906597991331,26273
PAK,Pakistan,admin2,PK52022,Khyber Pakhtunkhwa,PK5352022,Upper Dir,41,2025-09-01,2025-09-15,0,0,3.68,368,0,0.46869203157617717,75
PAK,Pakistan,admin2,PK52022,Khyber Pakhtunkhwa,PK5342022,Tor Ghar,41,2025-09-01,2025-09-15,6.4,640,49.58,4958,47.18917887358967,8.964968698234124,22705
PAK,Pakistan,admin2,PK52022,Khyber Pakhtunkhwa,PK5332022,Tank,41,2025-09-01,2025-09-15,64.03,6403,122.7,12270,8.9782378092982,3.6675846656618867,27524
PAK,Pakistan,admin2,PK52022,Khyber Pakhtunkhwa,PK5322022,Swat,41,2025-09-01,2025-09-15,0.75,75,13.66,1366,0.2286185474731044,0.21034590243247234,5450
PAK,Pakistan,admin2,PK52022,Khyber Pakhtunkhwa,PK5312022,Swabi,41,2025-09-01,2025-09-15,17.23,1723,95.09,9509,1.8629446979355389,5.303141610488346,46702
PAK,Pakistan,admin2,PK52022,Khyber Pakhtunkhwa,PK5302022,South Waziristan,41,2025-09-01,2025-09-15,0.16,16,27.599999999999998,2760,0.0816960418668186,0.5321804320022674,647
PAK,Pakistan,admin2,PK52022,Khyber Pakhtunkhwa,PK5292022,Shangla,41,2025-09-01,2025-09-15,3.41,341,12.33,1233,8.987476137271539,0.734372571988493,5307
PAK,Pakistan,admin2,PK52022,Khyber Pakhtunkhwa,PK5282022,Peshawar,41,2025-09-01,2025-09-15,2.83,283,11.77,1177,0.4287958024655121,0.6329190934610419,9280
PAK,Pakistan,admin2,PK52022,Khyber Pakhtunkhwa,PK5262022,Nowshera,41,2025-09-01,2025-09-15,13.97,1397,47.57000000000001,4757,2.8091593253506995,2.2814546579048045,30399
PAK,Pakistan,admin2,PK52022,Khyber Pakhtunkhwa,PK5252022,North Waziristan,41,2025-09-01,2025-09-15,0,0,2.63,263,0,0.051832013391354875,80
PAK,Pakistan,admin2,PK52022,Khyber Pakhtunkhwa,PK5242022,Mohmand,41,2025-09-01,2025-09-15,0.25,25,3.39,339,0.0558990313552792,0.12446591208460517,1547
PAK,Pakistan,admin2,PK52022,Khyber Pakhtunkhwa,PK5232022,Mardan,41,2025-09-01,2025-09-15,0.45,45,0.5700000000000001,57,0.0535453833170504,0.03367782024635472,620
PAK,Pakistan,admin2,PK52022,Khyber Pakhtunkhwa,PK5222022,Mansehra,41,2025-09-01,2025-09-15,2.97,297,11.559999999999999,1156,0.8661107288287186,0.2667029026021138,6363
PAK,Pakistan,admin2,PK52022,Khyber Pakhtunkhwa,PK5212022,Malakand,41,2025-09-01,2025-09-15,0.33,33,0.38,38,0.1982393798817771,0.06575307663666936,1063
PAK,Pakistan,admin2,PK52022,Khyber Pakhtunkhwa,PK5202022,Lower Dir,41,2025-09-01,2025-09-15,0.72,72,1.4100000000000001,141,0.1846568651017231,0.07425322690212441,2574
PAK,Pakistan,admin2,PK52022,Khyber Pakhtunkhwa,PK5192022,Lakki Marwat,41,2025-09-01,2025-09-15,1.42,142,2.1799999999999997,218,0.1089173894237335,0.05483382293818258,883
PAK,Pakistan,admin2,PK52022,Khyber Pakhtunkhwa,PK5182022,Kurram,41,2025-09-01,2025-09-15,0,0,0.12000000000000001,12,0,0.003473033455810619,9
PAK,Pakistan,admin2,PK52022,Khyber Pakhtunkhwa,PK5172022,Kolai Palas Kohistan,41,2025-09-01,2025-09-15,0,0,1.35,135,0,0.09030556096529001,196
PAK,Pakistan,admin2,PK52022,Khyber Pakhtunkhwa,PK5162022,Kohistan Upper,41,2025-09-01,2025-09-15,0,0,13.15,1315,0,0.23123727031327573,238
PAK,Pakistan,admin2,PK52022,Khyber Pakhtunkhwa,PK5152022,Kohistan Lower,41,2025-09-01,2025-09-15,0,0,1.28,128,0,0.521119551275194,28
PAK,Pakistan,admin2,PK52022,Khyber Pakhtunkhwa,PK5142022,Kohat,41,2025-09-01,2025-09-15,1.26,126,53.080000000000005,5308,0.1894887695614865,1.284135201864501,4950
PAK,Pakistan,admin2,PK52022,Khyber Pakhtunkhwa,PK5132022,Khyber,41,2025-09-01,2025-09-15,0.54,54,3.81,381,0.325714099186448,0.11615961707534767,529
PAK,Pakistan,admin2,PK52022,Khyber Pakhtunkhwa,PK5122022,Karak,41,2025-09-01,2025-09-15,0.1,10,4.18,418,0.0254286370729185,0.13516982016415652,420
PAK,Pakistan,admin2,PK52022,Khyber Pakhtunkhwa,PK5112022,Haripur,41,2025-09-01,2025-09-15,37.94,3794,181.31,18131,7.560646470557346,7.673300959586459,41120
PAK,Pakistan,admin2,PK52022,Khyber Pakhtunkhwa,PK5092022,D. I. Khan,41,2025-09-01,2025-09-15,313.56,31356,697.3100000000001,69731,7.558531285537645,6.543101555333151,80862
PAK,Pakistan,admin2,PK52022,Khyber Pakhtunkhwa,PK5082022,Chitral Upper,41,2025-09-01,2025-09-15,0,0,108.49000000000001,10849,0,1.0135110257852853,584
PAK,Pakistan,admin2,PK52022,Khyber Pakhtunkhwa,PK5072022,Chitral Lower,41,2025-09-01,2025-09-15,0.1,10,28.87,2887,0.3520339277874874,0.38455808105514,502
PAK,Pakistan,admin2,PK52022,Khyber Pakhtunkhwa,PK5062022,Charsadda,41,2025-09-01,2025-09-15,6.8,680,27.509999999999998,2751,1.2254547734042966,2.2704965144000258,24711
PAK,Pakistan,admin2,PK52022,Khyber Pakhtunkhwa,PK5052022,Buner,41,2025-09-01,2025-09-15,0.01,1,0.6900000000000001,69,0.0022503058430382,0.03268374202561718,221
PAK,Pakistan,admin2,PK52022,Khyber Pakhtunkhwa,PK5042022,Batagram,41,2025-09-01,2025-09-15,0,0,0.6200000000000001,62,0,0.038259087150279994,400
PAK,Pakistan,admin2,PK52022,Khyber Pakhtunkhwa,PK5032022,Bannu,41,2025-09-01,2025-09-15,4.49,449,12.41,1241,0.7047575303552939,0.5119640525214239,662
PAK,Pakistan,admin2,PK52022,Khyber Pakhtunkhwa,PK5022022,Bajaur,41,2025-09-01,2025-09-15,0.26,26,0.45999999999999996,46,0.0503317874465082,0.028354636980272085,358
PAK,Pakistan,admin2,PK52022,Khyber Pakhtunkhwa,PK5012022,Abbottabad,41,2025-09-01,2025-09-15,0.06,6,0.79,79,0.0601163428046042,0.04003090159069031,620
PAK,Pakistan,admin2,PK42022,Islamabad,PK4012022,Islamabad,41,2025-09-01,2025-09-15,0.3,30,6.3,630,0.1134025004584277,0.5800700496419361,6975
PAK,Pakistan,admin2,PK32022,Gilgit Baltistan,PK3142022,Rondu,41,2025-09-01,2025-09-15,0,0,5.499999999999999,550,0,0.2412616077797395,65
PAK,Pakistan,admin2,PK32022,Gilgit Baltistan,PK3132022,Gupis-Yasin,41,2025-09-01,2025-09-15,0.05,5,105.47000000000001,10547,0.1426940639269406,1.0990326631999987,572
PAK,Pakistan,admin2,PK32022,Gilgit Baltistan,PK3122022,Tangir,41,2025-09-01,2025-09-15,0,0,5.51,551,0,0.4517597263944637,46
PAK,Pakistan,admin2,PK32022,Gilgit Baltistan,PK3112022,Darel,41,2025-09-01,2025-09-15,0,0,0.7899999999999999,79,0,0.09907957070732772,8
PAK,Pakistan,admin2,PK32022,Gilgit Baltistan,PK3102022,Shigar,41,2025-09-01,2025-09-15,0.31,31,175.15999999999997,17516,1.6023724436534497,1.665739366375506,2053
PAK,Pakistan,admin2,PK32022,Gilgit Baltistan,PK3092022,Kharmang,41,2025-09-01,2025-09-15,0,0,2.66,266,0,0.03652946435736463,12
PAK,Pakistan,admin2,PK32022,Gilgit Baltistan,PK3082022,Nagar,41,2025-09-01,2025-09-15,0.04,4,28.549999999999997,2855,0.9043675633500612,0.7603220513352655,1196
PAK,Pakistan,admin2,PK32022,Gilgit Baltistan,PK3072022,Skardu,41,2025-09-01,2025-09-15,1.03,103,82.48,8248,4.514282767866351,3.172691238616555,4206
PAK,Pakistan,admin2,PK32022,Gilgit Baltistan,PK3062022,Hunza,41,2025-09-01,2025-09-15,0.03,3,165.4,16540,2.352615554940493,1.160847081099599,1315
PAK,Pakistan,admin2,PK32022,Gilgit Baltistan,PK3052022,Gilgit,41,2025-09-01,2025-09-15,0.04,4,4.22,422,0.2426514668519064,0.08492983024972703,104
PAK,Pakistan,admin2,PK32022,Gilgit Baltistan,PK3042022,Ghizer,41,2025-09-01,2025-09-15,0.47,47,41.339999999999996,4134,2.556156530196132,0.7685198095737131,747
PAK,Pakistan,admin2,PK32022,Gilgit Baltistan,PK3032022,Ghanche,41,2025-09-01,2025-09-15,0.52,52,104.24,10424,5.646036916395222,0.9790865107237416,4765
PAK,Pakistan,admin2,PK32022,Gilgit Baltistan,PK3022022,Diamir,41,2025-09-01,2025-09-15,0,0,3.7,370,0,0.19924788832082993,35
PAK,Pakistan,admin2,PK32022,Gilgit Baltistan,PK3012022,Astore,41,2025-09-01,2025-09-15,0,0,14.440000000000001,1444,0,0.23849599922669498,99
PAK,Pakistan,admin2,PK22022,Balochistan,PK2362022,Usta Muhammad,41,2025-09-01,2025-09-15,14.93,1493,17.249999999999996,1725,1.5533192864184635,1.5371732255403439,1936
PAK,Pakistan,admin2,PK22022,Balochistan,PK2332022,Shaheed Sikandarabad,41,2025-09-01,2025-09-15,0.08,8,1.94,194,0.0282438278582996,0.04602091126204551,42
PAK,Pakistan,admin2,PK22022,Balochistan,PK2312022,Zhob,41,2025-09-01,2025-09-15,0.09,9,13.07,1307,0.0429372442708245,0.09337434753839405,389
PAK,Pakistan,admin2,PK22022,Balochistan,PK2292022,Sohbatpur,41,2025-09-01,2025-09-15,22.87,2287,72.86999999999999,7287,3.278711473727633,8.108445641361094,8450
PAK,Pakistan,admin2,PK22022,Balochistan,PK2282022,Sibi,41,2025-09-01,2025-09-15,0.16,16,0.16,16,0.0236858641369544,0.0236858641369544,3
PAK,Pakistan,admin2,PK22022,Balochistan,PK2272022,Sherani,41,2025-09-01,2025-09-15,0.05,5,16.57,1657,0.2627636137313051,0.4611182738279395,323
PAK,Pakistan,admin2,PK22022,Balochistan,PK2262022,Quetta,41,2025-09-01,2025-09-15,0.02,2,1.1199999999999999,112,0.0110386456490853,0.026436887900652774,196
PAK,Pakistan,admin2,PK22022,Balochistan,PK2222022,Nasirabad,41,2025-09-01,2025-09-15,0.4,40,0.49000000000000005,49,0.0145040842434752,0.013474922505984685,82
PAK,Pakistan,admin2,PK22022,Balochistan,PK2212022,Musakhel,41,2025-09-01,2025-09-15,0,0,0.6,60,0,0.009052537626872505,11
PAK,Pakistan,admin2,PK22022,Balochistan,PK2182022,Lehri,41,2025-09-01,2025-09-15,89.08,8908,106.22000000000001,10622,5.468535721403919,2.8185682084328403,6152
PAK,Pakistan,admin2,PK22022,Balochistan,PK2172022,Lasbela,41,2025-09-01,2025-09-15,1.04,104,191.72,19172,0.1087276799230936,1.2227707278973412,1521
PAK,Pakistan,admin2,PK22022,Balochistan,PK2152022,Killa Saifullah,41,2025-09-01,2025-09-15,0.09,9,29.7,2970,0.0114481991932785,0.2048647422163023,404
PAK,Pakistan,admin2,PK22022,Balochistan,PK2142022,Killa Abdullah,41,2025-09-01,2025-09-15,0,0,1.02,102,0,0.03138344638673895,8
PAK,Pakistan,admin2,PK22022,Balochistan,PK2132022,Khuzdar,41,2025-09-01,2025-09-15,2.39,239,19.57,1957,0.1738099826962886,0.05592766467696525,251
PAK,Pakistan,admin2,PK22022,Balochistan,PK2112022,Kech,41,2025-09-01,2025-09-15,1.45,145,36.57,3657,0.6012669291805939,0.1340490695622363,713
PAK,Pakistan,admin2,PK22022,Balochistan,PK2092022,Kachhi,41,2025-09-01,2025-09-15,47.77,4777,54.13,5413,3.243507453369164,0.8770947972347934,2344
PAK,Pakistan,admin2,PK22022,Balochistan,PK2082022,Jhal Magsi,41,2025-09-01,2025-09-15,0.72,72,1.02,102,0.042073455991818,0.0587286076079353,70
PAK,Pakistan,admin2,PK22022,Balochistan,PK2072022_1,Jaffarabad,41,2025-09-01,2025-09-15,3.6,360,6.5,650,0.5026755150699159,0.8045197165333627,859
PAK,Pakistan,admin2,PK22022,Balochistan,PK2052022,Gwadar,41,2025-09-01,2025-09-15,0.11,11,249.93,24993,0.4224607548266705,1.9432738026674514,2639
PAK,Pakistan,admin2,PK22022,Balochistan,PK2042022,Dera Bugti,41,2025-09-01,2025-09-15,3.74,374,12.77,1277,0.6234679290568413,0.10819413938925666,1477
PAK,Pakistan,admin2,PK22022,Balochistan,PK2032022,Chagai,41,2025-09-01,2025-09-15,0,0,5.58,558,0,0.010994522799798678,23
PAK,Pakistan,admin2,PK22022,Balochistan,PK2012022,Awaran,41,2025-09-01,2025-09-15,1.7,170,80.33999999999999,8034,0.609818113834684,0.2875973504684699,236
PAK,Pakistan,admin2,PK12022,Azad Kashmir,PK1102022,Sudhnoti,41,2025-09-01,2025-09-15,0,0,0.35,35,0,0.052156741146298195,69
PAK,Pakistan,admin2,PK12022,Azad Kashmir,PK1082022,Neelum,41,2025-09-01,2025-09-15,0,0,0.39999999999999997,40,0,0.02079993024274364,16
PAK,Pakistan,admin2,PK12022,Azad Kashmir,PK1072022,Muzaffarabad,41,2025-09-01,2025-09-15,0,0,0.12000000000000001,12,0,0.007396524078441385,263
PAK,Pakistan,admin2,PK12022,Azad Kashmir,PK1062022,Mirpur,41,2025-09-01,2025-09-15,73.05,7305,169.75,16975,29.91005667701041,15.787542181719521,32404
PAK,Pakistan,admin2,PK12022,Azad Kashmir,PK1052022,Kotli,41,2025-09-01,2025-09-15,0.39,39,5.720000000000001,572,0.2186182272864563,0.2977129436937791,1781
PAK,Pakistan,admin2,PK12022,Azad Kashmir,PK1022022,Bhimber,41,2025-09-01,2025-09-15,0.62,62,1.97,197,0.1754812804428387,0.13785260465272448,627
PAK,Pakistan,admin2,PK12022,Azad Kashmir,PK1012022,Bagh,41,2025-09-01,2025-09-15,0,0,0.11,11,0,0.04394110169192812,63
PAK,Pakistan,admin2,PK62022,Punjab,PK6202022,Mandi Bahauddin,41,2025-09-01,2025-09-15,363.26,36326,568.28,56828,14.48258882828181,17.444228633737882,226274
PAK,Pakistan,admin2,PK62022,Punjab,PK6212022,Mianwali,41,2025-09-01,2025-09-15,422.35,42235,718.88,71888,11.76908488149329,10.124449534586125,105628
PAK,Pakistan,admin2,PK62022,Punjab,PK6222022,Multan,41,2025-09-01,2025-09-15,647.84,64784,956.7800000000001,95678,22.080636951937784,22.649436826891513,467970
PAK,Pakistan,admin2,PK62022,Punjab,PK6232022,Muzaffargarh,41,2025-09-01,2025-09-15,843.17,84317,1550.8999999999999,155090,14.880417992010567,17.401899308737846,500767
PAK,Pakistan,admin2,PK62022,Punjab,PK6242022,Nankana Sahib,41,2025-09-01,2025-09-15,274.59,27459,371.56,37156,12.711588172024902,14.402248937169137,142864
PAK,Pakistan,admin2,PK62022,Punjab,PK6252022,Narowal,41,2025-09-01,2025-09-15,668.44,66844,759.0100000000002,75901,26.96542378048849,26.947732029697313,490961
PAK,Pakistan,admin2,PK62022,Punjab,PK6262022,Okara,41,2025-09-01,2025-09-15,497.38,49738,595.3800000000001,59538,11.13097048857348,11.499211936647638,214543
PAK,Pakistan,admin2,PK62022,Punjab,PK6272022,Pakpattan,41,2025-09-01,2025-09-15,570.53,57053,664.8599999999999,66486,19.29205798567254,19.8364138461174,197467
PAK,Pakistan,admin2,PK62022,Punjab,PK6282022,Rahim Yar Khan,41,2025-09-01,2025-09-15,413,41300,691.1200000000001,69112,5.932893624127124,4.713487769366646,138545
PAK,Pakistan,admin2,PK62022,Punjab,PK6292022,Rajanpur,41,2025-09-01,2025-09-15,681.99,68199,1005.19,100519,12.461726528700458,6.950180485070192,141401
PAK,Pakistan,admin2,PK62022,Punjab,PK6302022,Rawalpindi,41,2025-09-01,2025-09-15,6.61,661,67.53,6753,0.2904847114529738,1.0751616081190705,12298
PAK,Pakistan,admin2,PK62022,Punjab,PK6312022,Sahiwal,41,2025-09-01,2025-09-15,137.82,13782,175.6,17560,4.409393617759657,4.668646568451457,79238
PAK,Pakistan,admin2,PK62022,Punjab,PK6322022,Sargodha,41,2025-09-01,2025-09-15,163.25,16325,330.64,33064,3.456665658310772,4.777218688946484,128466
PAK,Pakistan,admin2,PK62022,Punjab,PK6332022,Sheikhupura,41,2025-09-01,2025-09-15,338.77,33877,434.4599999999999,43446,9.47581542815028,10.152602679780601,195842
PAK,Pakistan,admin2,PK62022,Punjab,PK6342022,Sialkot,41,2025-09-01,2025-09-15,1011.01,101101,1183.45,118345,33.042191194488296,32.46976993914835,1075481
PAK,Pakistan,admin2,PK62022,Punjab,PK6352022,Toba Tek Singh,41,2025-09-01,2025-09-15,266.15,26615,346.18,34618,9.563043591567691,9.611034223621237,132220
PAK,Pakistan,admin2,PK62022,Punjab,PK6362022,Vehari,41,2025-09-01,2025-09-15,339.32,33932,397.83000000000004,39783,7.496159291110807,7.630568375843574,137793
PAK,Pakistan,admin2,PK72022,Sindh,PK7012022,Badin,41,2025-09-01,2025-09-15,529.14,52914,1067.27,106727,10.61675404480848,14.680093833249794,164514
PAK,Pakistan,admin2,PK72022,Sindh,PK7032022,Dadu,41,2025-09-01,2025-09-15,365.42,36542,478.94000000000005,47894,10.845828830489502,5.307621188221855,137426
PAK,Pakistan,admin2,PK72022,Sindh,PK7052022,Ghotki,41,2025-09-01,2025-09-15,180.92,18092,338.81,33881,5.838731607171544,4.68817095004076,63976
PAK,Pakistan,admin2,PK72022,Sindh,PK7062022,Hyderabad,41,2025-09-01,2025-09-15,60.95,6095,140.98000000000002,14098,11.726613884926488,12.451965845288367,149599
PAK,Pakistan,admin2,PK72022,Sindh,PK7072022,Jacobabad,41,2025-09-01,2025-09-15,144.03,14403,231.07,23107,5.8529738962015925,7.538409968059382,46058
PAK,Pakistan,admin2,PK72022,Sindh,PK7082022,Jamshoro,41,2025-09-01,2025-09-15,269.62,26962,477.09000000000003,47709,17.08010880594555,3.81056361158764,78901
PAK,Pakistan,admin2,PK72022,Sindh,PK7092022,Kambar Shahdad Kot,41,2025-09-01,2025-09-15,526.25,52625,602.44,60244,15.329725014077594,9.49885472485758,181377
PAK,Pakistan,admin2,PK72022,Sindh,PK7102022,Kashmore,41,2025-09-01,2025-09-15,503.9,50390,939.8,93980,23.811767426720785,31.535240748980424,196608
PAK,Pakistan,admin2,PK72022,Sindh,PK7112022,Khairpur,41,2025-09-01,2025-09-15,317.58,31758,626.48,62648,9.899824285022772,3.478881358038715,142422
PAK,Pakistan,admin2,PK72022,Sindh,PK7122022,Korangi Karachi,41,2025-09-01,2025-09-15,0,0,3.5600000000000005,356,0,3.341950199861728,5966
PAK,Pakistan,admin2,PK72022,Sindh,PK7132022,Larkana,41,2025-09-01,2025-09-15,233.6,23360,416.16999999999996,41617,15.186431496569163,19.138164874918832,133669
PAK,Pakistan,admin2,PK72022,Sindh,PK7142022,Malir Karachi,41,2025-09-01,2025-09-15,1.36,136,185.98000000000002,18598,0.5499200728913667,6.149151115840222,26719
PAK,Pakistan,admin2,PK72022,Sindh,PK7152022,Matiari,41,2025-09-01,2025-09-15,265.96,26596,390.96,39096,23.643982902372667,24.049437415239108,100319
PAK,Pakistan,admin2,PK72022,Sindh,PK7162022,Mirpur Khas,41,2025-09-01,2025-09-15,20.81,2081,70.32,7032,0.8928743893967792,1.8273379069160687,19758
PAK,Pakistan,admin2,PK72022,Sindh,PK7172022,Naushahro Feroze,41,2025-09-01,2025-09-15,330.69,33069,600.3799999999999,60038,13.12999971755052,17.56397247234976,107042
PAK,Pakistan,admin2,PK72022,Sindh,PK7182022,Sanghar,41,2025-09-01,2025-09-15,24.89,2489,165.77999999999997,16578,0.6323998186900316,1.4612323484285765,25776
PAK,Pakistan,admin2,PK72022,Sindh,PK7192022,Shaheed Benazir Abad,41,2025-09-01,2025-09-15,218.06,21806,398.36,39836,7.196560144346116,7.758095533869244,76736
PAK,Pakistan,admin2,PK72022,Sindh,PK7202022,Shikarpur,41,2025-09-01,2025-09-15,211.91,21191,392.18999999999994,39219,9.846349387846685,13.52537938628013,97621
PAK,Pakistan,admin2,PK72022,Sindh,PK7212022,South Karachi,41,2025-09-01,2025-09-15,0,0,11.06,1106,0,2.0283858951843117,23510
PAK,Pakistan,admin2,PK72022,Sindh,PK7222022,Sujawal,41,2025-09-01,2025-09-15,698.1,69810,4063.3100000000004,406331,26.88523912768378,42.456837970450636,210861
PAK,Pakistan,admin2,PK72022,Sindh,PK7232022,Sukkur,41,2025-09-01,2025-09-15,325.37,32537,623.3999999999999,62340,19.632706267307253,10.636248834093708,184495
PAK,Pakistan,admin2,PK72022,Sindh,PK7242022,Tando Allahyar,41,2025-09-01,2025-09-15,12.98,1298,25.540000000000003,2554,1.20933643239724,1.4869430658822163,5730
PAK,Pakistan,admin2,PK72022,Sindh,PK7252022,Tando Muhammad Khan,41,2025-09-01,2025-09-15,171,17100,305.53,30553,12.345536402727308,16.441813187258475,81237
PAK,Pakistan,admin2,PK72022,Sindh,PK7262022,Tharparkar,41,2025-09-01,2025-09-15,18.56,1856,674.16,67416,0.5389358367552782,3.096103509821049,16724
PAK,Pakistan,admin2,PK72022,Sindh,PK7272022,Thatta,41,2025-09-01,2025-09-15,183.78,18378,1456.9499999999998,145695,9.2366160233713,17.26669204540231,106409
PAK,Pakistan,admin2,PK72022,Sindh,PK7282022,Umer Kot,41,2025-09-01,2025-09-15,9.3,930,22.58,2258,0.484696170612071,0.3700379716451385,4426
PAK,Pakistan,admin2,PK62022,Punjab,PK6302022,Rawalpindi,40,2025-08-16,2025-08-31,7.81,781,58.13999999999999,5814,0.3432202112628933,0.9256611268479601,10479
PAK,Pakistan,admin2,PK62022,Punjab,PK6292022,Rajanpur,40,2025-08-16,2025-08-31,784,78400,1143.03,114303,14.325713864574494,7.903246948188681,167474
PAK,Pakistan,admin2,PK62022,Punjab,PK6282022,Rahim Yar Khan,40,2025-08-16,2025-08-31,273.68,27368,520.5600000000001,52056,3.931511687775088,3.5502563856081455,82295
PAK,Pakistan,admin2,PK62022,Punjab,PK6272022,Pakpattan,40,2025-08-16,2025-08-31,311.62,31162,386.52000000000004,38652,10.537204195213707,11.532007760733535,111106
PAK,Pakistan,admin2,PK62022,Punjab,PK6262022,Okara,40,2025-08-16,2025-08-31,337.76,33776,410.27,41027,7.558801303270293,7.923984146676786,136199
PAK,Pakistan,admin2,PK62022,Punjab,PK6252022,Narowal,40,2025-08-16,2025-08-31,661.56,66156,751.5,75150,26.68787887651841,26.681098563019635,486937
PAK,Pakistan,admin2,PK62022,Punjab,PK6242022,Nankana Sahib,40,2025-08-16,2025-08-31,177.65,17765,251.68,25168,8.223947116647452,9.75551192945077,90701
PAK,Pakistan,admin2,PK62022,Punjab,PK6232022,Muzaffargarh,40,2025-08-16,2025-08-31,649.69,64969,1279.31,127931,11.465847652584111,14.354519185415834,298746
PAK,Pakistan,admin2,PK62022,Punjab,PK6222022,Multan,40,2025-08-16,2025-08-31,107.65,10765,234.17999999999998,23418,3.669085835817644,5.543641292796102,87995
PAK,Pakistan,admin2,PK62022,Punjab,PK6212022,Mianwali,40,2025-08-16,2025-08-31,480.25,48025,782.56,78256,13.382509800727249,11.021295943392104,115229
PAK,Pakistan,admin2,PK62022,Punjab,PK6202022,Mandi Bahauddin,40,2025-08-16,2025-08-31,324.1,32410,509.52000000000004,50952,12.921342947877925,15.640500058883172,194018
PAK,Pakistan,admin2,PK62022,Punjab,PK6192022,Lodhran,40,2025-08-16,2025-08-31,2.67,267,5.9,590,0.096978233176096,0.1916009675078376,1932
PAK,Pakistan,admin2,PK62022,Punjab,PK6182022,Leiah,40,2025-08-16,2025-08-31,364.76,36476,580.3199999999999,58032,8.129649546096369,7.734235233599267,98065
PAK,Pakistan,admin2,PK62022,Punjab,PK6172022,Lahore,40,2025-08-16,2025-08-31,43.22,4322,69.35,6935,4.260594309821288,3.408979519135186,82918
PAK,Pakistan,admin2,PK62022,Punjab,PK6162022,Khushab,40,2025-08-16,2025-08-31,105.56,10556,165.21,16521,3.2920736665354577,2.1123552335033615,33186
PAK,Pakistan,admin2,PK62022,Punjab,PK6152022,Khanewal,40,2025-08-16,2025-08-31,89.21,8921,174.86999999999998,17487,2.184810734733277,3.4524409866513652,58854
PAK,Pakistan,admin2,PK62022,Punjab,PK6142022,Kasur,40,2025-08-16,2025-08-31,194.58,19458,282.14,28214,5.3044611048253385,6.043799965398346,104178
PAK,Pakistan,admin2,PK62022,Punjab,PK6132022,Jhelum,40,2025-08-16,2025-08-31,45.94,4594,126.39999999999999,12640,2.801384902422857,2.967756611621157,34740
PAK,Pakistan,admin2,PK62022,Punjab,PK6122022,Jhang,40,2025-08-16,2025-08-31,353.35,35335,652.49,65249,6.751602262853494,8.770792916079587,203372
PAK,Pakistan,admin2,PK62022,Punjab,PK6112022,Hafizabad,40,2025-08-16,2025-08-31,539.54,53954,658.83,65883,22.83311016804259,24.45468587573078,196351
PAK,Pakistan,admin2,PK62022,Punjab,PK6102022,Gujrat,40,2025-08-16,2025-08-31,238.16,23816,355.52,35552,9.152384332747069,9.413858505275613,217298
PAK,Pakistan,admin2,PK62022,Punjab,PK6092022,Gujranwala,40,2025-08-16,2025-08-31,220.6,22060,374.97,37497,6.185339163918695,8.74573844949493,195835
PAK,Pakistan,admin2,PK62022,Punjab,PK6082022,Faisalabad,40,2025-08-16,2025-08-31,96.46,9646,148.85999999999999,14886,1.9402915587563367,2.1333753302043674,64295
PAK,Pakistan,admin2,PK62022,Punjab,PK6072022,Dera Ghazi Khan,40,2025-08-16,2025-08-31,525.85,52585,888.3299999999999,88833,11.054179181149344,6.489660420214603,147607
PAK,Pakistan,admin2,PK62022,Punjab,PK6062022,Chiniot,40,2025-08-16,2025-08-31,430.33,43033,661.5799999999999,66158,18.790818782943514,21.575597490219266,232541
PAK,Pakistan,admin2,PK62022,Punjab,PK6052022,Chakwal,40,2025-08-16,2025-08-31,2.26,226,20.06,2006,0.0691938290966931,0.25891151015709757,4704
PAK,Pakistan,admin2,PK62022,Punjab,PK6042022,Bhakkar,40,2025-08-16,2025-08-31,29.83,2983,131.53,13153,0.7000335473866999,1.3172961737972328,10342
PAK,Pakistan,admin2,PK62022,Punjab,PK6032022,Bahawalpur,40,2025-08-16,2025-08-31,182.23,18223,278.77,27877,2.6235676263848964,1.015306577535854,86774
PAK,Pakistan,admin2,PK62022,Punjab,PK6022022,Bahawalnagar,40,2025-08-16,2025-08-31,357.95,35795,456.13,45613,5.5799133255878095,4.607749566929421,140979
PAK,Pakistan,admin2,PK62022,Punjab,PK6012022,Attock,40,2025-08-16,2025-08-31,17.27,1727,123.6,12360,0.5065839696533444,1.487862920382231,26172
PAK,Pakistan,admin2,PK52022,Khyber Pakhtunkhwa,PK5352022,Upper Dir,40,2025-08-16,2025-08-31,0,0,4.74,474,0,0.10718856421197526,127
PAK,Pakistan,admin2,PK52022,Khyber Pakhtunkhwa,PK5342022,Tor Ghar,40,2025-08-16,2025-08-31,5.88,588,49.55,4955,43.3550580901105,8.959544150816876,22459
PAK,Pakistan,admin2,PK52022,Khyber Pakhtunkhwa,PK5332022,Tank,40,2025-08-16,2025-08-31,24.56,2456,39.98,3998,3.4437844853406805,1.1950288095612245,8494
PAK,Pakistan,admin2,PK52022,Khyber Pakhtunkhwa,PK5322022,Swat,40,2025-08-16,2025-08-31,0.7,70,17.76,1776,0.2133773109748974,0.2734804705124965,6638
PAK,Pakistan,admin2,PK52022,Khyber Pakhtunkhwa,PK5312022,Swabi,40,2025-08-16,2025-08-31,20.28,2028,106.04,10604,2.192717264894529,5.913819921928534,51732
PAK,Pakistan,admin2,PK52022,Khyber Pakhtunkhwa,PK5302022,South Waziristan,40,2025-08-16,2025-08-31,0.16,16,26.05,2605,0.0816960418668186,0.5022934874514154,580
PAK,Pakistan,admin2,PK52022,Khyber Pakhtunkhwa,PK5292022,Shangla,40,2025-08-16,2025-08-31,3.42,342,12.45,1245,9.0138323722782,0.7415197503046828,5308
PAK,Pakistan,admin2,PK52022,Khyber Pakhtunkhwa,PK5282022,Peshawar,40,2025-08-16,2025-08-31,0.82,82,5.51,551,0.1242447201490176,0.35813150707208086,4501
PAK,Pakistan,admin2,PK52022,Khyber Pakhtunkhwa,PK5262022,Nowshera,40,2025-08-16,2025-08-31,9.72,972,36.599999999999994,3660,1.954547504825254,1.7553340441310874,23200
PAK,Pakistan,admin2,PK52022,Khyber Pakhtunkhwa,PK5252022,North Waziristan,40,2025-08-16,2025-08-31,0,0,0.6,60,0,0.019192000954632707,12
PAK,Pakistan,admin2,PK52022,Khyber Pakhtunkhwa,PK5242022,Mohmand,40,2025-08-16,2025-08-31,0.12,12,1.5899999999999999,159,0.026831535050534,0.058377817172425184,743
PAK,Pakistan,admin2,PK52022,Khyber Pakhtunkhwa,PK5232022,Mardan,40,2025-08-16,2025-08-31,0.05,5,0.12,12,0.0059494870352278,0.007090067420285199,137
PAK,Pakistan,admin2,PK52022,Khyber Pakhtunkhwa,PK5222022,Mansehra,40,2025-08-16,2025-08-31,2.96,296,10.399999999999999,1040,0.8631945310885547,0.2147504000718161,6199
PAK,Pakistan,admin2,PK52022,Khyber Pakhtunkhwa,PK5212022,Malakand,40,2025-08-16,2025-08-31,0,0,0.01,1,0,0.2447545735511489,5
PAK,Pakistan,admin2,PK52022,Khyber Pakhtunkhwa,PK5202022,Lower Dir,40,2025-08-16,2025-08-31,0.68,68,1.31,131,0.1743981503738496,0.06898704059700927,2435
PAK,Pakistan,admin2,PK52022,Khyber Pakhtunkhwa,PK5172022,Kolai Palas Kohistan,40,2025-08-16,2025-08-31,0,0,0.77,77,0,0.15992089881490715,47
PAK,Pakistan,admin2,PK52022,Khyber Pakhtunkhwa,PK5162022,Kohistan Upper,40,2025-08-16,2025-08-31,0,0,15.360000000000001,1536,0,0.27015482938278895,255
PAK,Pakistan,admin2,PK52022,Khyber Pakhtunkhwa,PK5152022,Kohistan Lower,40,2025-08-16,2025-08-31,0,0,0.71,71,0,0.28905850109795916,21
PAK,Pakistan,admin2,PK52022,Khyber Pakhtunkhwa,PK5142022,Kohat,40,2025-08-16,2025-08-31,0.82,82,42.290000000000006,4229,0.1233180881273166,1.0230986753362796,3856
PAK,Pakistan,admin2,PK52022,Khyber Pakhtunkhwa,PK5132022,Khyber,40,2025-08-16,2025-08-31,0.24,24,1.88,188,0.1447618218606435,0.05731760632589312,194
PAK,Pakistan,admin2,PK52022,Khyber Pakhtunkhwa,PK5122022,Karak,40,2025-08-16,2025-08-31,0.02,2,2.44,244,0.0050857274145837,0.07890295722500998,323
PAK,Pakistan,admin2,PK52022,Khyber Pakhtunkhwa,PK5112022,Haripur,40,2025-08-16,2025-08-31,38.26,3826,172.43,17243,7.624415760767635,7.297486539415879,39702
PAK,Pakistan,admin2,PK52022,Khyber Pakhtunkhwa,PK5092022,D. I. Khan,40,2025-08-16,2025-08-31,278.95,27895,616.2,61620,6.724238748886102,5.7820182965916,76466
PAK,Pakistan,admin2,PK52022,Khyber Pakhtunkhwa,PK5082022,Chitral Upper,40,2025-08-16,2025-08-31,0,0,139.47,13947,0,1.302925456413252,768
PAK,Pakistan,admin2,PK52022,Khyber Pakhtunkhwa,PK5072022,Chitral Lower,40,2025-08-16,2025-08-31,0.17,17,24.92,2492,0.5984576772387287,0.3319427564909675,664
PAK,Pakistan,admin2,PK52022,Khyber Pakhtunkhwa,PK5062022,Charsadda,40,2025-08-16,2025-08-31,5.9,590,23.799999999999997,2380,1.0632622298654926,1.9642972389211415,21472
PAK,Pakistan,admin2,PK52022,Khyber Pakhtunkhwa,PK5052022,Buner,40,2025-08-16,2025-08-31,0,0,0.03,3,0,0.00322594003259987,14
PAK,Pakistan,admin2,PK52022,Khyber Pakhtunkhwa,PK5042022,Batagram,40,2025-08-16,2025-08-31,0.03,3,1.09,109,0.0644316872511168,0.06340811681383414,745
PAK,Pakistan,admin2,PK52022,Khyber Pakhtunkhwa,PK5032022,Bannu,40,2025-08-16,2025-08-31,3.78,378,10.51,1051,0.593314802838087,0.4335811597099245,543
PAK,Pakistan,admin2,PK52022,Khyber Pakhtunkhwa,PK5012022,Abbottabad,40,2025-08-16,2025-08-31,0.02,2,0.28,28,0.020038780934868,0.15684096809099032,1827
PAK,Pakistan,admin2,PK42022,Islamabad,PK4012022,Islamabad,40,2025-08-16,2025-08-31,0.23,23,5.93,593,0.0869419170181279,0.5460024435518542,6830
PAK,Pakistan,admin2,PK32022,Gilgit Baltistan,PK3142022,Rondu,40,2025-08-16,2025-08-31,0,0,3.3,330,0,0.21622572207828308,21
PAK,Pakistan,admin2,PK32022,Gilgit Baltistan,PK3132022,Gupis-Yasin,40,2025-08-16,2025-08-31,0.02,2,110.81000000000002,11081,0.0570776255707762,1.154677248593836,698
PAK,Pakistan,admin2,PK32022,Gilgit Baltistan,PK3122022,Tangir,40,2025-08-16,2025-08-31,0,0,7.3500000000000005,735,0,0.602619598729457,57
PAK,Pakistan,admin2,PK32022,Gilgit Baltistan,PK3112022,Darel,40,2025-08-16,2025-08-31,0,0,0.7,70,0,0.08779202467737879,6
PAK,Pakistan,admin2,PK32022,Gilgit Baltistan,PK3102022,Shigar,40,2025-08-16,2025-08-31,0.68,68,216.6,21660,3.514881489304341,2.059826140425523,2332
PAK,Pakistan,admin2,PK32022,Gilgit Baltistan,PK3092022,Kharmang,40,2025-08-16,2025-08-31,0,0,16.66,1666,0,0.22878980308033672,79
PAK,Pakistan,admin2,PK32022,Gilgit Baltistan,PK3082022,Nagar,40,2025-08-16,2025-08-31,0.03,3,38.58,3858,0.6782756725125458,1.0274334409987584,1383
PAK,Pakistan,admin2,PK32022,Gilgit Baltistan,PK3072022,Skardu,40,2025-08-16,2025-08-31,1.33,133,101.60000000000001,10160,5.829122408992473,3.908164765318161,5024
PAK,Pakistan,admin2,PK32022,Gilgit Baltistan,PK3062022,Hunza,40,2025-08-16,2025-08-31,0.06,6,150.77,15077,4.705231109880986,1.0581675599600155,1612
PAK,Pakistan,admin2,PK32022,Gilgit Baltistan,PK3052022,Gilgit,40,2025-08-16,2025-08-31,0,0,4.15,415,0,0.08979801238580377,40
PAK,Pakistan,admin2,PK32022,Gilgit Baltistan,PK3042022,Ghizer,40,2025-08-16,2025-08-31,0.63,63,41.11,4111,3.426337476645879,0.7639628539901152,834
PAK,Pakistan,admin2,PK32022,Gilgit Baltistan,PK3032022,Ghanche,40,2025-08-16,2025-08-31,1.07,107,173.66,17366,11.617806731813246,1.6311220592122497,5993
PAK,Pakistan,admin2,PK32022,Gilgit Baltistan,PK3022022,Diamir,40,2025-08-16,2025-08-31,0.21,21,6.15,615,1.0273972602739725,0.13306014083341422,46
PAK,Pakistan,admin2,PK32022,Gilgit Baltistan,PK3012022,Astore,40,2025-08-16,2025-08-31,0,0,22.14,2214,0,0.3656718436896864,181
PAK,Pakistan,admin2,PK22022,Balochistan,PK2362022,Usta Muhammad,40,2025-08-16,2025-08-31,11.33,1133,12.459999999999999,1246,1.1787747833302875,1.1103291820424748,1935
PAK,Pakistan,admin2,PK22022,Balochistan,PK2332022,Shaheed Sikandarabad,40,2025-08-16,2025-08-31,0,0,0.4,40,0,0.0101763545279096,9
PAK,Pakistan,admin2,PK22022,Balochistan,PK2312022,Zhob,40,2025-08-16,2025-08-31,0.09,9,12.71,1271,0.0429372442708245,0.09080244508133047,370
PAK,Pakistan,admin2,PK22022,Balochistan,PK2292022,Sohbatpur,40,2025-08-16,2025-08-31,68.4,6840,135.18,13518,9.806028194270665,15.041850992166776,17323
PAK,Pakistan,admin2,PK22022,Balochistan,PK2282022,Sibi,40,2025-08-16,2025-08-31,5.61,561,6.15,615,0.8304856113019659,0.11022187901451898,107
PAK,Pakistan,admin2,PK22022,Balochistan,PK2272022,Sherani,40,2025-08-16,2025-08-31,0.05,5,15.76,1576,0.2627636137313051,0.49045204416221244,297
PAK,Pakistan,admin2,PK22022,Balochistan,PK2262022,Quetta,40,2025-08-16,2025-08-31,0,0,1,100,0,0.02465894789378637,147
PAK,Pakistan,admin2,PK22022,Balochistan,PK2222022,Nasirabad,40,2025-08-16,2025-08-31,4.24,424,4.27,427,0.153743292980838,0.1164836302334888,572
PAK,Pakistan,admin2,PK22022,Balochistan,PK2202022,Mastung,40,2025-08-16,2025-08-31,0,0,0.33,33,0,0.00682246473622828,4
PAK,Pakistan,admin2,PK22022,Balochistan,PK2182022,Lehri,40,2025-08-16,2025-08-31,124.05,12405,149.29,14929,7.615310465201573,3.96143897417566,8233
PAK,Pakistan,admin2,PK22022,Balochistan,PK2172022,Lasbela,40,2025-08-16,2025-08-31,1.27,127,246.72,24672,0.13277322452147,1.5735551532799503,1982
PAK,Pakistan,admin2,PK22022,Balochistan,PK2152022,Killa Saifullah,40,2025-08-16,2025-08-31,0.03,3,22.59,2259,0.0038160663977595,0.15582136453421783,320
PAK,Pakistan,admin2,PK22022,Balochistan,PK2142022,Killa Abdullah,40,2025-08-16,2025-08-31,0.01,1,0.36,36,0.0048247481197672,0.010412491532619444,4
PAK,Pakistan,admin2,PK22022,Balochistan,PK2132022,Khuzdar,40,2025-08-16,2025-08-31,5.03,503,24.61,2461,0.3658009259256619,0.07428664525212803,542
PAK,Pakistan,admin2,PK22022,Balochistan,PK2112022,Kech,40,2025-08-16,2025-08-31,1.69,169,31.44,3144,0.700786972631175,0.115244811239724,429
PAK,Pakistan,admin2,PK22022,Balochistan,PK2092022,Kachhi,40,2025-08-16,2025-08-31,117.45,11745,130.55,13055,7.97466925681826,2.114111744236285,5649
PAK,Pakistan,admin2,PK22022,Balochistan,PK2082022,Jhal Magsi,40,2025-08-16,2025-08-31,0.33,33,0.46,46,0.0192836673295832,0.010656393697221739,21
PAK,Pakistan,admin2,PK22022,Balochistan,PK2072022_1,Jaffarabad,40,2025-08-16,2025-08-31,5.22,522,7.9399999999999995,794,0.7288794968513782,0.9850194532463361,1349
PAK,Pakistan,admin2,PK22022,Balochistan,PK2052022,Gwadar,40,2025-08-16,2025-08-31,0.22,22,278.09,27809,0.8449215096533411,2.1611803353558874,2807
PAK,Pakistan,admin2,PK22022,Balochistan,PK2042022,Dera Bugti,40,2025-08-16,2025-08-31,3.46,346,13.059999999999999,1306,0.5767911857049922,0.11065117152887244,1392
PAK,Pakistan,admin2,PK22022,Balochistan,PK2032022,Chagai,40,2025-08-16,2025-08-31,0,0,4.93,493,0,0.009713798817743306,21
PAK,Pakistan,admin2,PK22022,Balochistan,PK2022022,Barkhan,40,2025-08-16,2025-08-31,0,0,0.32,32,0,0.009336624691864191,4
PAK,Pakistan,admin2,PK22022,Balochistan,PK2012022,Awaran,40,2025-08-16,2025-08-31,1.49,149,148.24,14824,0.5344876409492231,0.5301397605998506,375
PAK,Pakistan,admin2,PK12022,Azad Kashmir,PK1092022,Poonch,40,2025-08-16,2025-08-31,0,0,0.29000000000000004,29,0,0.04522850578716925,255
PAK,Pakistan,admin2,PK12022,Azad Kashmir,PK1082022,Neelum,40,2025-08-16,2025-08-31,0,0,3.16,316,0,0.12486458863045143,57
PAK,Pakistan,admin2,PK12022,Azad Kashmir,PK1062022,Mirpur,40,2025-08-16,2025-08-31,55.37,5537,122.21000000000001,12221,22.671045013087834,11.366100324170505,21114
PAK,Pakistan,admin2,PK12022,Azad Kashmir,PK1052022,Kotli,40,2025-08-16,2025-08-31,0.23,23,2.26,226,0.1289286981432948,0.11762784138950012,1052
PAK,Pakistan,admin2,PK12022,Azad Kashmir,PK1022022,Bhimber,40,2025-08-16,2025-08-31,0.59,59,1.25,125,0.1669902507439917,0.08893344318764226,611
PAK,Pakistan,admin2,PK72022,Sindh,PK7282022,Umer Kot,40,2025-08-16,2025-08-31,6.22,622,15.129999999999999,1513,0.3241731377642023,0.2479483840119996,4779
PAK,Pakistan,admin2,PK72022,Sindh,PK7272022,Thatta,40,2025-08-16,2025-08-31,209.87,20987,1446.4899999999998,144649,10.54787574722459,17.142727874500828,109163
PAK,Pakistan,admin2,PK72022,Sindh,PK7262022,Tharparkar,40,2025-08-16,2025-08-31,4.07,407,418.45,41845,0.1181825892022619,1.921746341646817,11021
PAK,Pakistan,admin2,PK72022,Sindh,PK7252022,Tando Muhammad Khan,40,2025-08-16,2025-08-31,197.53,19753,324.64,32464,14.260899448132896,17.47029410350142,84511
PAK,Pakistan,admin2,PK72022,Sindh,PK7242022,Tando Allahyar,40,2025-08-16,2025-08-31,11.95,1195,24.74,2474,1.113372139225502,1.4403669322602202,5281
PAK,Pakistan,admin2,PK72022,Sindh,PK7232022,Sukkur,40,2025-08-16,2025-08-31,304.41,30441,580.66,58066,18.367987567480103,9.907032800777756,175590
PAK,Pakistan,admin2,PK72022,Sindh,PK7222022,Sujawal,40,2025-08-16,2025-08-31,685.79,68579,3691.73,369173,26.411156197356057,38.57426148648558,202986
PAK,Pakistan,admin2,PK72022,Sindh,PK7212022,South Karachi,40,2025-08-16,2025-08-31,0,0,18.21,1821,0,3.339684190895689,36524
PAK,Pakistan,admin2,PK72022,Sindh,PK7202022,Shikarpur,40,2025-08-16,2025-08-31,308.44,30844,464.53,46453,14.331593625536462,16.020154737011936,142734
PAK,Pakistan,admin2,PK72022,Sindh,PK7192022,Shaheed Benazir Abad,40,2025-08-16,2025-08-31,199.68,19968,375.47,37547,6.5899712447172,7.312154154213149,75095
PAK,Pakistan,admin2,PK72022,Sindh,PK7182022,Sanghar,40,2025-08-16,2025-08-31,51.67,5167,251.69,25169,1.3128203548298083,2.2184676666424683,43088
PAK,Pakistan,admin2,PK72022,Sindh,PK7172022,Naushahro Feroze,40,2025-08-16,2025-08-31,271.27,27127,512.14,51214,10.770737014666093,14.982532499399062,98903
PAK,Pakistan,admin2,PK72022,Sindh,PK7162022,Mirpur Khas,40,2025-08-16,2025-08-31,19.57,1957,57.13000000000001,5713,0.8396709178517524,1.4845821191995878,15939
PAK,Pakistan,admin2,PK72022,Sindh,PK7152022,Matiari,40,2025-08-16,2025-08-31,226.04,22604,340.52,34052,20.0950740534378,20.946681063631118,89263
PAK,Pakistan,admin2,PK72022,Sindh,PK7142022,Malir Karachi,40,2025-08-16,2025-08-31,1.5,150,186.11,18611,0.6065294921595956,6.153449371808923,28671
PAK,Pakistan,admin2,PK72022,Sindh,PK7132022,Larkana,40,2025-08-16,2025-08-31,638.59,63859,830.5899999999999,83059,41.5149969580227,38.195853529708614,407712
PAK,Pakistan,admin2,PK72022,Sindh,PK7122022,Korangi Karachi,40,2025-08-16,2025-08-31,0,0,3.1399999999999997,314,0,2.947675176282534,4097
PAK,Pakistan,admin2,PK72022,Sindh,PK7112022,Khairpur,40,2025-08-16,2025-08-31,259.95,25995,527.11,52711,8.103341907209742,2.927073733616057,117742
PAK,Pakistan,admin2,PK72022,Sindh,PK7102022,Kashmore,40,2025-08-16,2025-08-31,437.87,43787,837.3800000000001,83738,20.691523324346555,28.098510213216894,174420
PAK,Pakistan,admin2,PK72022,Sindh,PK7092022,Kambar Shahdad Kot,40,2025-08-16,2025-08-31,863.2,86320,922.2500000000001,92225,25.145118540906,14.541396271827741,365105
PAK,Pakistan,admin2,PK72022,Sindh,PK7082022,Jamshoro,40,2025-08-16,2025-08-31,235.22,23522,427.88,42788,14.900909403362188,3.417518619392817,72606
PAK,Pakistan,admin2,PK72022,Sindh,PK7072022,Jacobabad,40,2025-08-16,2025-08-31,264.79,26479,354.05999999999995,35406,10.760320474729014,11.550826300649605,80400
PAK,Pakistan,admin2,PK72022,Sindh,PK7062022,Hyderabad,40,2025-08-16,2025-08-31,48.28,4828,106.5,10650,9.288940416148495,9.406542506193864,74766
PAK,Pakistan,admin2,PK72022,Sindh,PK7052022,Ghotki,40,2025-08-16,2025-08-31,119.49,11949,212.75,21275,3.856235019571788,2.9438575296513436,36515
PAK,Pakistan,admin2,PK72022,Sindh,PK7032022,Dadu,40,2025-08-16,2025-08-31,630.03,63003,755.5,75550,18.69957182987604,8.37246379024849,276637
PAK,Pakistan,admin2,PK72022,Sindh,PK7012022,Badin,40,2025-08-16,2025-08-31,719.24,71924,1212.5300000000002,121253,14.430952449612672,16.678117229595486,187681
PAK,Pakistan,admin2,PK62022,Punjab,PK6362022,Vehari,40,2025-08-16,2025-08-31,192.57,19257,231.85999999999999,23186,4.254200738798797,4.4471849373428105,74272
PAK,Pakistan,admin2,PK62022,Punjab,PK6352022,Toba Tek Singh,40,2025-08-16,2025-08-31,49.65,4965,75.27,7527,1.7839756314910238,2.089729464475043,27123
PAK,Pakistan,admin2,PK62022,Punjab,PK6342022,Sialkot,40,2025-08-16,2025-08-31,947.34,94734,1102.1800000000003,110218,30.961305433365197,30.24000256160424,998126
PAK,Pakistan,admin2,PK62022,Punjab,PK6332022,Sheikhupura,40,2025-08-16,2025-08-31,274.42,27442,343.54,34354,7.67586642793931,8.027954528867625,134065
PAK,Pakistan,admin2,PK62022,Punjab,PK6322022,Sargodha,40,2025-08-16,2025-08-31,141.77,14177,297.19,29719,3.001846801707309,4.293919737986952,111450
PAK,Pakistan,admin2,PK62022,Punjab,PK6312022,Sahiwal,40,2025-08-16,2025-08-31,24.78,2478,43.010000000000005,4301,0.79280782069427,1.1434993673638791,15501
PAK,Pakistan,admin2,PK52022,Khyber Pakhtunkhwa,PK5172022,Kolai Palas Kohistan,39,2025-08-01,2025-08-15,0,0,1.54,154,0,0.15178170150418072,107
PAK,Pakistan,admin2,PK52022,Khyber Pakhtunkhwa,PK5162022,Kohistan Upper,39,2025-08-01,2025-08-15,0,0,10.979999999999999,1098,0,0.1931184913166027,253
PAK,Pakistan,admin2,PK52022,Khyber Pakhtunkhwa,PK5152022,Kohistan Lower,39,2025-08-01,2025-08-15,0,0,1.4200000000000002,142,0,0.2330966317826387,71
PAK,Pakistan,admin2,PK52022,Khyber Pakhtunkhwa,PK5142022,Kohat,39,2025-08-01,2025-08-15,0.08,8,11.66,1166,0.0120310329880308,0.2880727616396173,1043
PAK,Pakistan,admin2,PK52022,Khyber Pakhtunkhwa,PK5132022,Khyber,39,2025-08-01,2025-08-15,0.21,21,16.96,1696,0.1266665941280631,0.517077980471889,1060
PAK,Pakistan,admin2,PK52022,Khyber Pakhtunkhwa,PK5122022,Karak,39,2025-08-01,2025-08-15,0.01,1,1.81,181,0.0025428637072918,0.059941670540265814,139
PAK,Pakistan,admin2,PK52022,Khyber Pakhtunkhwa,PK5112022,Haripur,39,2025-08-01,2025-08-15,28.82,2882,132.36,13236,5.74322169956412,5.601666289839853,27745
PAK,Pakistan,admin2,PK52022,Khyber Pakhtunkhwa,PK5092022,D. I. Khan,39,2025-08-01,2025-08-15,147.96,14796,423.39,42339,3.566654831637167,3.9728152005743556,45747
PAK,Pakistan,admin2,PK52022,Khyber Pakhtunkhwa,PK5082022,Chitral Upper,39,2025-08-01,2025-08-15,0.02,2,195.82999999999998,19583,0.0908265213442325,1.8256836298458559,3038
PAK,Pakistan,admin2,PK52022,Khyber Pakhtunkhwa,PK5072022,Chitral Lower,39,2025-08-01,2025-08-15,0.4,40,164.73999999999998,16474,1.4081357111499495,2.1943920427095702,4705
PAK,Pakistan,admin2,PK52022,Khyber Pakhtunkhwa,PK5062022,Charsadda,39,2025-08-01,2025-08-15,3.43,343,17.28,1728,0.6181338048201085,1.4261788356536693,15433
PAK,Pakistan,admin2,PK52022,Khyber Pakhtunkhwa,PK5042022,Batagram,39,2025-08-01,2025-08-15,0,0,0.9400000000000001,94,0,0.05322630338659818,267
PAK,Pakistan,admin2,PK52022,Khyber Pakhtunkhwa,PK5032022,Bannu,39,2025-08-01,2025-08-15,3.14,314,7.25,725,0.4928593864845485,0.29909261730703635,344
PAK,Pakistan,admin2,PK42022,Islamabad,PK4012022,Islamabad,39,2025-08-01,2025-08-15,0.22,22,2.99,299,0.0831618336695137,0.2920539939633364,2675
PAK,Pakistan,admin2,PK32022,Gilgit Baltistan,PK3142022,Rondu,39,2025-08-01,2025-08-15,0,0,1.71,171,0,0.1227205823313263,6
PAK,Pakistan,admin2,PK32022,Gilgit Baltistan,PK3132022,Gupis-Yasin,39,2025-08-01,2025-08-15,0.17,17,85.62,8562,0.4851598173515981,0.8921890264832073,668
PAK,Pakistan,admin2,PK32022,Gilgit Baltistan,PK3122022,Tangir,39,2025-08-01,2025-08-15,0,0,1.4,140,0,0.16938947194611323,8
PAK,Pakistan,admin2,PK32022,Gilgit Baltistan,PK3112022,Darel,39,2025-08-01,2025-08-15,0,0,0.29,29,0,0.06896439171214938,5
PAK,Pakistan,admin2,PK32022,Gilgit Baltistan,PK3102022,Shigar,39,2025-08-01,2025-08-15,0.1,10,207.36,20736,0.5168943366624031,1.971955440806263,1830
PAK,Pakistan,admin2,PK32022,Gilgit Baltistan,PK3092022,Kharmang,39,2025-08-01,2025-08-15,0.02,2,8.290000000000001,829,1.0416666666666663,0.11368172141342685,76
PAK,Pakistan,admin2,PK32022,Gilgit Baltistan,PK3082022,Nagar,39,2025-08-01,2025-08-15,0,0,43.32,4332,0,1.1550260425091325,1330
PAK,Pakistan,admin2,PK32022,Gilgit Baltistan,PK3072022,Skardu,39,2025-08-01,2025-08-15,0.85,85,82.58000000000001,8258,3.725378983190677,3.176537857480054,4619
PAK,Pakistan,admin2,PK62022,Punjab,PK6162022,Khushab,39,2025-08-01,2025-08-15,69.27,6927,80.71,8071,2.160306393339438,1.0319483741665532,19359
PAK,Pakistan,admin2,PK62022,Punjab,PK6152022,Khanewal,39,2025-08-01,2025-08-15,23.46,2346,67.83,6783,0.5745506090891457,1.3391609316896098,20689
PAK,Pakistan,admin2,PK62022,Punjab,PK6142022,Kasur,39,2025-08-01,2025-08-15,42.6,4260,59.33,5933,1.1613220426845483,1.270924547909137,21782
PAK,Pakistan,admin2,PK62022,Punjab,PK6132022,Jhelum,39,2025-08-01,2025-08-15,33.69,3369,76.85000000000001,7685,2.054389581250023,1.8043678449611231,17960
PAK,Pakistan,admin2,PK62022,Punjab,PK6122022,Jhang,39,2025-08-01,2025-08-15,131.81,13181,311,31100,2.518547316447486,4.180472646171975,103185
PAK,Pakistan,admin2,PK62022,Punjab,PK6112022,Hafizabad,39,2025-08-01,2025-08-15,323.91,32391,397.0400000000001,39704,13.707737544075837,14.737471699983534,140382
PAK,Pakistan,admin2,PK62022,Punjab,PK6102022,Gujrat,39,2025-08-01,2025-08-15,158.88,15888,229.27,22927,6.1056887083761096,6.070868979254445,111984
PAK,Pakistan,admin2,PK62022,Punjab,PK6092022,Gujranwala,39,2025-08-01,2025-08-15,607.19,60719,721.74,72174,17.024823603534873,16.833941526974105,389304
PAK,Pakistan,admin2,PK62022,Punjab,PK6082022,Faisalabad,39,2025-08-01,2025-08-15,137.41,13741,170.24999999999997,17025,2.764000239360443,2.439924425415113,73300
PAK,Pakistan,admin2,PK62022,Punjab,PK6072022,Dera Ghazi Khan,39,2025-08-01,2025-08-15,263.85,26385,523.29,52329,5.546534519247418,3.8228748340077443,92044
PAK,Pakistan,admin2,PK62022,Punjab,PK6062022,Chiniot,39,2025-08-01,2025-08-15,61.42,6142,188.49,18849,2.68196985952267,6.147078767392349,59066
PAK,Pakistan,admin2,PK62022,Punjab,PK6052022,Chakwal,39,2025-08-01,2025-08-15,0.6,60,7.839999999999999,784,0.0183700431230158,0.10118974275332203,2200
PAK,Pakistan,admin2,PK62022,Punjab,PK6042022,Bhakkar,39,2025-08-01,2025-08-15,16.33,1633,94.17,9417,0.3832231923843381,0.9431291772712338,7321
PAK,Pakistan,admin2,PK62022,Punjab,PK6032022,Bahawalpur,39,2025-08-01,2025-08-15,10.52,1052,25.279999999999998,2528,0.1514565737231472,0.09207213932670782,8091
PAK,Pakistan,admin2,PK62022,Punjab,PK6022022,Bahawalnagar,39,2025-08-01,2025-08-15,338.14,33814,424.39,42439,5.27110460096176,4.287117354063922,159676
PAK,Pakistan,admin2,PK62022,Punjab,PK6012022,Attock,39,2025-08-01,2025-08-15,9.58,958,78.1,7810,0.281011837248352,0.9401463922479955,16780
PAK,Pakistan,admin2,PK52022,Khyber Pakhtunkhwa,PK5352022,Upper Dir,39,2025-08-01,2025-08-15,0,0,1.77,177,0,0.3933488958953145,41
PAK,Pakistan,admin2,PK52022,Khyber Pakhtunkhwa,PK5342022,Tor Ghar,39,2025-08-01,2025-08-15,4.35,435,34.09,3409,32.073895015642975,6.164094048463115,12341
PAK,Pakistan,admin2,PK52022,Khyber Pakhtunkhwa,PK5332022,Tank,39,2025-08-01,2025-08-15,5.42,542,6.719999999999999,672,0.7599882699733913,0.20086527264260684,840
PAK,Pakistan,admin2,PK52022,Khyber Pakhtunkhwa,PK5322022,Swat,39,2025-08-01,2025-08-15,0.99,99,14.58,1458,0.3017764826644979,0.22451268356262372,6392
PAK,Pakistan,admin2,PK52022,Khyber Pakhtunkhwa,PK5312022,Swabi,39,2025-08-01,2025-08-15,11.58,1158,80.60000000000001,8060,1.252054532913148,4.495038529870237,37247
PAK,Pakistan,admin2,PK52022,Khyber Pakhtunkhwa,PK5302022,South Waziristan,39,2025-08-01,2025-08-15,0.19,19,23.830000000000002,2383,0.0970140497168471,0.4594876700947116,483
PAK,Pakistan,admin2,PK52022,Khyber Pakhtunkhwa,PK5292022,Shangla,39,2025-08-01,2025-08-15,1.26,126,4.6499999999999995,465,3.3208856108393374,0.27695315975235113,1773
PAK,Pakistan,admin2,PK52022,Khyber Pakhtunkhwa,PK5282022,Peshawar,39,2025-08-01,2025-08-15,0.85,85,5.92,592,0.1287902586910548,0.318341634094254,6230
PAK,Pakistan,admin2,PK52022,Khyber Pakhtunkhwa,PK5262022,Nowshera,39,2025-08-01,2025-08-15,6.35,635,25.439999999999998,2544,1.276890602432136,1.2201010405107884,14691
PAK,Pakistan,admin2,PK52022,Khyber Pakhtunkhwa,PK5252022,North Waziristan,39,2025-08-01,2025-08-15,0,0,1.2400000000000002,124,0,0.021733691782075744,90
PAK,Pakistan,admin2,PK52022,Khyber Pakhtunkhwa,PK5242022,Mohmand,39,2025-08-01,2025-08-15,0.03,3,1.23,123,0.0067078837626335,0.045160198189989474,869
PAK,Pakistan,admin2,PK52022,Khyber Pakhtunkhwa,PK5232022,Mardan,39,2025-08-01,2025-08-15,0.77,77,0.8400000000000001,84,0.0916221003425085,0.0457350438239721,857
PAK,Pakistan,admin2,PK52022,Khyber Pakhtunkhwa,PK5222022,Mansehra,39,2025-08-01,2025-08-15,2.44,244,9.06,906,0.7115522486000249,0.18443663143173614,4632
PAK,Pakistan,admin2,PK52022,Khyber Pakhtunkhwa,PK5212022,Malakand,39,2025-08-01,2025-08-15,0.06,6,0.24,24,0.0360435236148685,0.05890196912555107,619
PAK,Pakistan,admin2,PK52022,Khyber Pakhtunkhwa,PK5202022,Lower Dir,39,2025-08-01,2025-08-15,0,0,0.02,2,0,0.1489412032696974,34
PAK,Pakistan,admin2,PK62022,Punjab,PK6172022,Lahore,39,2025-08-01,2025-08-15,9.79,979,16.68,1668,0.9650906592584546,0.8199247062606333,27104
PAK,Pakistan,admin2,PK62022,Punjab,PK6182022,Leiah,39,2025-08-01,2025-08-15,212.56,21256,380.94,38094,4.737466573961631,5.076991263246665,59433
PAK,Pakistan,admin2,PK62022,Punjab,PK6192022,Lodhran,39,2025-08-01,2025-08-15,0.29,29,0.7899999999999999,79,0.0105332163374785,0.02754645395981786,214
PAK,Pakistan,admin2,PK62022,Punjab,PK6202022,Mandi Bahauddin,39,2025-08-01,2025-08-15,155.06,15506,256.5,25650,6.181991476389852,7.873740485919479,115545
PAK,Pakistan,admin2,PK62022,Punjab,PK6212022,Mianwali,39,2025-08-01,2025-08-15,401.84,40184,651.5799999999999,65158,11.197559059498673,9.17662033683734,89422
PAK,Pakistan,admin2,PK62022,Punjab,PK6222022,Multan,39,2025-08-01,2025-08-15,46.62,4662,126.86,12686,1.5889714971279012,3.0031016073281815,44549
PAK,Pakistan,admin2,PK62022,Punjab,PK6232022,Muzaffargarh,39,2025-08-01,2025-08-15,357.99,35799,794.1600000000001,79416,6.317872833426074,8.910885521327778,163354
PAK,Pakistan,admin2,PK62022,Punjab,PK6242022,Nankana Sahib,39,2025-08-01,2025-08-15,202.1,20210,232.51000000000002,23251,9.355810370247395,9.012452633171481,91822
PAK,Pakistan,admin2,PK62022,Punjab,PK6252022,Narowal,39,2025-08-01,2025-08-15,145.92,14592,151.89,15189,5.8865337772259,5.392670739503728,90852
PAK,Pakistan,admin2,PK62022,Punjab,PK6262022,Okara,39,2025-08-01,2025-08-15,90.35,9035,108.94999999999999,10895,2.021961445258382,2.104276226949883,42288
PAK,Pakistan,admin2,PK62022,Punjab,PK6272022,Pakpattan,39,2025-08-01,2025-08-15,7.93,793,15.92,1592,0.2681471961621356,0.4749807605062555,6108
PAK,Pakistan,admin2,PK62022,Punjab,PK6282022,Rahim Yar Khan,39,2025-08-01,2025-08-15,145.96,14596,355.42999999999995,35543,2.096767925853741,2.424057989735482,51023
PAK,Pakistan,admin2,PK62022,Punjab,PK6292022,Rajanpur,39,2025-08-01,2025-08-15,552.43,55243,842.25,84225,10.094329222202662,5.823565210109898,115380
PAK,Pakistan,admin2,PK62022,Punjab,PK6302022,Rawalpindi,39,2025-08-01,2025-08-15,3.25,325,29.589999999999996,2959,0.1428253119851989,0.47110961031013326,4752
PAK,Pakistan,admin2,PK62022,Punjab,PK6312022,Sahiwal,39,2025-08-01,2025-08-15,12.5,1250,18.169999999999998,1817,0.3999232348134938,0.48308262043714656,5702
PAK,Pakistan,admin2,PK62022,Punjab,PK6322022,Sargodha,39,2025-08-01,2025-08-15,31.13,3113,97.62,9762,0.659148557079414,1.4104527232487174,32504
PAK,Pakistan,admin2,PK62022,Punjab,PK6332022,Sheikhupura,39,2025-08-01,2025-08-15,337.94,33794,358.87,35887,9.452599302739632,8.386190958184558,153132
PAK,Pakistan,admin2,PK62022,Punjab,PK6342022,Sialkot,39,2025-08-01,2025-08-15,839.02,83902,917.17,91717,27.42115236842324,25.163968815825505,646473
PAK,Pakistan,admin2,PK62022,Punjab,PK6352022,Toba Tek Singh,39,2025-08-01,2025-08-15,11.29,1129,14.780000000000001,1478,0.405661326878825,0.41033880011878765,4828
PAK,Pakistan,admin2,PK62022,Punjab,PK6362022,Vehari,39,2025-08-01,2025-08-15,10.95,1095,15.809999999999999,1581,0.2419042326938091,0.30324331001203236,5470
PAK,Pakistan,admin2,PK72022,Sindh,PK7012022,Badin,39,2025-08-01,2025-08-15,305.73,30573,453.93000000000006,45393,6.134218192008346,6.243719952520991,62235
PAK,Pakistan,admin2,PK72022,Sindh,PK7032022,Dadu,39,2025-08-01,2025-08-15,654.22,65422,756.84,75684,19.417541835375303,8.387313692934043,330871
PAK,Pakistan,admin2,PK72022,Sindh,PK7052022,Ghotki,39,2025-08-01,2025-08-15,116.34,11634,214.97000000000003,21497,3.7545768028871183,2.9745760430042267,38564
PAK,Pakistan,admin2,PK72022,Sindh,PK7062022,Hyderabad,39,2025-08-01,2025-08-15,27.44,2744,65.57,6557,5.279381214149021,5.791529462767559,60015
PAK,Pakistan,admin2,PK72022,Sindh,PK7072022,Jacobabad,39,2025-08-01,2025-08-15,608.49,60849,710.16,71016,24.72732129486709,23.168205404929456,173549
PAK,Pakistan,admin2,PK72022,Sindh,PK7082022,Jamshoro,39,2025-08-01,2025-08-15,172.57,17257,323.53999999999996,32354,10.932105840227074,2.5841450269195847,51564
PAK,Pakistan,admin2,PK72022,Sindh,PK7092022,Kambar Shahdad Kot,39,2025-08-01,2025-08-15,1226.35,122635,1320.22,132022,35.72372118007422,20.816310312813684,508456
PAK,Pakistan,admin2,PK72022,Sindh,PK7102022,Kashmore,39,2025-08-01,2025-08-15,464.25,46425,797.5999999999999,79760,21.938108807015528,26.763681657147036,172229
PAK,Pakistan,admin2,PK72022,Sindh,PK7112022,Khairpur,39,2025-08-01,2025-08-15,128.59,12859,322.37,32237,4.008496771871902,1.7901401216175143,69692
PAK,Pakistan,admin2,PK72022,Sindh,PK7122022,Korangi Karachi,39,2025-08-01,2025-08-15,0,0,2.25,225,0,2.11258426403639,2176
PAK,Pakistan,admin2,PK72022,Sindh,PK7132022,Larkana,39,2025-08-01,2025-08-15,766.48,76648,948.8100000000001,94881,49.82917813994149,43.632367097512414,494292
PAK,Pakistan,admin2,PK72022,Sindh,PK7142022,Malir Karachi,39,2025-08-01,2025-08-15,0.75,75,141.12,14112,0.3032647460797978,4.665922171563458,27453
PAK,Pakistan,admin2,PK72022,Sindh,PK7152022,Matiari,39,2025-08-01,2025-08-15,221.12,22112,340.59000000000003,34059,19.65768348387969,20.95124478817871,91499
PAK,Pakistan,admin2,PK72022,Sindh,PK7162022,Mirpur Khas,39,2025-08-01,2025-08-15,0.41,41,0.5399999999999999,54,0.0175914704302104,0.01483988651549728,212
PAK,Pakistan,admin2,PK72022,Sindh,PK7172022,Naushahro Feroze,39,2025-08-01,2025-08-15,147.56,14756,333.35999999999996,33336,5.858848947115894,9.752366606786564,58846
PAK,Pakistan,admin2,PK72022,Sindh,PK7182022,Sanghar,39,2025-08-01,2025-08-15,8.84,884,98.69999999999999,9870,0.2246048371723535,0.8699700373380412,13006
PAK,Pakistan,admin2,PK72022,Sindh,PK7192022,Shaheed Benazir Abad,39,2025-08-01,2025-08-15,146.84,14684,287.18,28718,4.846110664935264,5.592855395663645,55243
PAK,Pakistan,admin2,PK72022,Sindh,PK7202022,Shikarpur,39,2025-08-01,2025-08-15,362.88,36288,494.64,49464,16.86113569846541,17.058552384379013,163091
PAK,Pakistan,admin2,PK72022,Sindh,PK7212022,South Karachi,39,2025-08-01,2025-08-15,0,0,10.36,1036,0,2.2818206576027826,17525
PAK,Pakistan,admin2,PK72022,Sindh,PK7222022,Sujawal,39,2025-08-01,2025-08-15,194.4,19440,2346.58,234658,7.486736121503693,24.519016970081058,96057
PAK,Pakistan,admin2,PK72022,Sindh,PK7232022,Sukkur,39,2025-08-01,2025-08-15,212.55,21255,431.86999999999995,43187,12.825188914516264,7.36842602499206,146784
PAK,Pakistan,admin2,PK72022,Sindh,PK7242022,Tando Allahyar,39,2025-08-01,2025-08-15,0.2,20,0.86,86,0.018633843334318,0.05648166949615875,443
PAK,Pakistan,admin2,PK72022,Sindh,PK7252022,Tando Muhammad Khan,39,2025-08-01,2025-08-15,76.34,7634,136.18,13618,5.51145174844563,7.328439659360596,31580
PAK,Pakistan,admin2,PK72022,Sindh,PK7262022,Tharparkar,39,2025-08-01,2025-08-15,1.63,163,197.05999999999997,19706,0.0473311106633137,0.9050049804873258,5490
PAK,Pakistan,admin2,PK72022,Sindh,PK7272022,Thatta,39,2025-08-01,2025-08-15,88.68,8868,1046.0500000000002,104605,4.456976324695653,12.397009653106206,61544
PAK,Pakistan,admin2,PK72022,Sindh,PK7282022,Umer Kot,39,2025-08-01,2025-08-15,0.74,74,2.54,254,0.0385672221777346,0.0420085193432884,725
PAK,Pakistan,admin2,PK22022,Balochistan,PK2052022,Gwadar,39,2025-08-01,2025-08-15,0.22,22,212.82,21282,0.8449215096533411,1.653933614910425,1743
PAK,Pakistan,admin2,PK22022,Balochistan,PK2042022,Dera Bugti,39,2025-08-01,2025-08-15,4.34,434,12.82,1282,0.7234895219536608,0.10858262280652796,1475
PAK,Pakistan,admin2,PK22022,Balochistan,PK2032022,Chagai,39,2025-08-01,2025-08-15,0.01,1,7.01,701,0.003872886106621,0.013742012083107304,28
PAK,Pakistan,admin2,PK22022,Balochistan,PK2012022,Awaran,39,2025-08-01,2025-08-15,0.91,91,14.03,1403,0.3264320491703308,0.05017445251764626,113
PAK,Pakistan,admin2,PK12022,Azad Kashmir,PK1082022,Neelum,39,2025-08-01,2025-08-15,0,0,5.219999999999999,522,0,0.3432429577109769,78
PAK,Pakistan,admin2,PK12022,Azad Kashmir,PK1062022,Mirpur,39,2025-08-01,2025-08-15,30.6,3060,81.10000000000001,8110,12.52905864909676,7.5426784738583414,13547
PAK,Pakistan,admin2,PK12022,Azad Kashmir,PK1052022,Kotli,39,2025-08-01,2025-08-15,0.1,10,1.8000000000000003,180,0.056055955714476,0.09368589137216819,1342
PAK,Pakistan,admin2,PK12022,Azad Kashmir,PK1022022,Bhimber,39,2025-08-01,2025-08-15,5.02,502,5.7,570,1.4208323029404042,0.39298910677996585,1404
PAK,Pakistan,admin2,PK32022,Gilgit Baltistan,PK3062022,Hunza,39,2025-08-01,2025-08-15,0.04,4,239.66,23966,3.1368207399206574,1.6820351357698295,1670
PAK,Pakistan,admin2,PK32022,Gilgit Baltistan,PK3052022,Gilgit,39,2025-08-01,2025-08-15,0,0,4.93,493,0,0.11195542322703254,51
PAK,Pakistan,admin2,PK32022,Gilgit Baltistan,PK3042022,Ghizer,39,2025-08-01,2025-08-15,0.55,55,49.709999999999994,4971,2.9912470034210057,0.9241199742116417,917
PAK,Pakistan,admin2,PK32022,Gilgit Baltistan,PK3032022,Ghanche,39,2025-08-01,2025-08-15,0.99,99,192.26000000000002,19226,10.749185667752444,1.8058247558686353,5698
PAK,Pakistan,admin2,PK32022,Gilgit Baltistan,PK3022022,Diamir,39,2025-08-01,2025-08-15,0,0,9.209999999999999,921,0,0.22909738410791947,84
PAK,Pakistan,admin2,PK32022,Gilgit Baltistan,PK3012022,Astore,39,2025-08-01,2025-08-15,0,0,25.050000000000004,2505,0,0.4137344030906339,220
PAK,Pakistan,admin2,PK22022,Balochistan,PK2362022,Usta Muhammad,39,2025-08-01,2025-08-15,48.88,4888,50.51,5051,5.085482030819458,4.491650688471821,6875
PAK,Pakistan,admin2,PK22022,Balochistan,PK2342022,Duki,39,2025-08-01,2025-08-15,0.42,42,1.5199999999999998,152,0.094109285924045,0.03022346863099856,77
PAK,Pakistan,admin2,PK22022,Balochistan,PK2332022,Shaheed Sikandarabad,39,2025-08-01,2025-08-15,0.01,1,0.6,60,0.0035304784822874,0.014233271524343694,9
PAK,Pakistan,admin2,PK22022,Balochistan,PK2312022,Zhob,39,2025-08-01,2025-08-15,0.27,27,10.27,1027,0.1288117328124737,0.07337066176123233,271
PAK,Pakistan,admin2,PK22022,Balochistan,PK2292022,Sohbatpur,39,2025-08-01,2025-08-15,97.25,9725,155.03,15503,13.942050320070498,17.25061517469755,21601
PAK,Pakistan,admin2,PK22022,Balochistan,PK2272022,Sherani,39,2025-08-01,2025-08-15,0.02,2,14.32,1432,0.105105445492522,0.4456391670306384,274
PAK,Pakistan,admin2,PK22022,Balochistan,PK2262022,Quetta,39,2025-08-01,2025-08-15,0.04,4,1.24,124,0.0220772912981707,0.029269411604294096,192
PAK,Pakistan,admin2,PK22022,Balochistan,PK2232022,Nushki,39,2025-08-01,2025-08-15,0,0,0.44,44,0,0.0067342654877212,7
PAK,Pakistan,admin2,PK22022,Balochistan,PK2222022,Nasirabad,39,2025-08-01,2025-08-15,33.01,3301,33.71,3371,1.1969495521927986,0.9153141592601385,3936
PAK,Pakistan,admin2,PK22022,Balochistan,PK2212022,Musakhel,39,2025-08-01,2025-08-15,0.02,2,0.28,28,0.0097733502584763,0.009089660796010266,5
PAK,Pakistan,admin2,PK22022,Balochistan,PK2192022,Loralai,39,2025-08-01,2025-08-15,0.02,2,0.32999999999999996,33,0.0071256886244528,0.007863665587860134,18
PAK,Pakistan,admin2,PK22022,Balochistan,PK2182022,Lehri,39,2025-08-01,2025-08-15,16.77,1677,20.939999999999998,2094,1.0294942079921836,0.5557309976388746,723
PAK,Pakistan,admin2,PK22022,Balochistan,PK2172022,Lasbela,39,2025-08-01,2025-08-15,0.17,17,88.38000000000001,8838,0.0177727938335826,0.5649128460089302,788
PAK,Pakistan,admin2,PK22022,Balochistan,PK2152022,Killa Saifullah,39,2025-08-01,2025-08-15,0.06,6,11.61,1161,0.007632132795519,0.08008349013909995,136
PAK,Pakistan,admin2,PK22022,Balochistan,PK2142022,Killa Abdullah,39,2025-08-01,2025-08-15,0.01,1,0.45,45,0.0048247481197672,0.013015614415774418,5
PAK,Pakistan,admin2,PK22022,Balochistan,PK2132022,Khuzdar,39,2025-08-01,2025-08-15,0.56,56,18.249999999999996,1825,0.0407253515941094,0.052131179700194,295
PAK,Pakistan,admin2,PK22022,Balochistan,PK2122022,Kharan,39,2025-08-01,2025-08-15,0,0,0.32,32,0,0.003585540264857,1
PAK,Pakistan,admin2,PK22022,Balochistan,PK2112022,Kech,39,2025-08-01,2025-08-15,0,0,18.13,1813,0,0.06727450735878568,356
PAK,Pakistan,admin2,PK22022,Balochistan,PK2092022,Kachhi,39,2025-08-01,2025-08-15,69.9,6990,76.08000000000001,7608,4.7460994555265765,1.2320308043010075,3600
PAK,Pakistan,admin2,PK22022,Balochistan,PK2082022,Jhal Magsi,39,2025-08-01,2025-08-15,0.34,34,0.5800000000000001,58,0.0198680208850252,0.03352972517822098,26
PAK,Pakistan,admin2,PK22022,Balochistan,PK2072022_1,Jaffarabad,39,2025-08-01,2025-08-15,12.55,1255,15.13,1513,1.752382698368735,1.8592124878707723,2276
PAK,Pakistan,admin2,PK72022,Sindh,PK7272022,Thatta,38,2025-07-16,2025-07-31,54.62,5462,876.39,87639,2.7451516334559827,10.386325022595237,40869
PAK,Pakistan,admin2,PK72022,Sindh,PK7262022,Tharparkar,38,2025-07-16,2025-07-31,1.51,151,209.60000000000002,20960,0.0438466117187753,0.965212598783815,5486
PAK,Pakistan,admin2,PK72022,Sindh,PK7252022,Tando Muhammad Khan,38,2025-07-16,2025-07-31,208.44,20844,276.37999999999994,27638,15.048559109850762,14.873213049302988,77721
PAK,Pakistan,admin2,PK72022,Sindh,PK7242022,Tando Allahyar,38,2025-07-16,2025-07-31,0.48,48,1.72,172,0.0447212240023632,0.1028916108430022,423
PAK,Pakistan,admin2,PK72022,Sindh,PK7232022,Sukkur,38,2025-07-16,2025-07-31,126.46,12646,260.3,26030,7.630549941800643,4.441154269352892,85340
PAK,Pakistan,admin2,PK72022,Sindh,PK7222022,Sujawal,38,2025-07-16,2025-07-31,137.5,13750,2161.66,216166,5.295402349314598,22.586819210743045,79411
PAK,Pakistan,admin2,PK72022,Sindh,PK7212022,South Karachi,38,2025-07-16,2025-07-31,0,0,6.619999999999999,662,0,1.2140971633020015,8927
PAK,Pakistan,admin2,PK72022,Sindh,PK7202022,Shikarpur,38,2025-07-16,2025-07-31,404.05,40405,510.22,51022,18.77409027492545,17.59585677979512,147867
PAK,Pakistan,admin2,PK72022,Sindh,PK7192022,Shaheed Benazir Abad,38,2025-07-16,2025-07-31,76.92,7692,177.79999999999998,17780,2.538564644148873,3.4625962357021796,34068
PAK,Pakistan,admin2,PK72022,Sindh,PK7182022,Sanghar,38,2025-07-16,2025-07-31,5.22,522,52.09,5209,0.1326286481945345,0.4591361625627009,7912
PAK,Pakistan,admin2,PK72022,Sindh,PK7172022,Naushahro Feroze,38,2025-07-16,2025-07-31,109.1,10910,259.39,25939,4.33180008220618,7.588392051039017,49239
PAK,Pakistan,admin2,PK72022,Sindh,PK7162022,Mirpur Khas,38,2025-07-16,2025-07-31,0.28,28,2.04,204,0.0120136871230705,0.06042488591376119,279
PAK,Pakistan,admin2,PK72022,Sindh,PK7152022,Matiari,38,2025-07-16,2025-07-31,117.99,11799,197.43,19743,10.4893726223904,12.144670628429143,52555
PAK,Pakistan,admin2,PK72022,Sindh,PK7142022,Malir Karachi,38,2025-07-16,2025-07-31,0.32,32,137.85999999999999,13786,0.1293929583273804,4.558150208114725,19410
PAK,Pakistan,admin2,PK72022,Sindh,PK7132022,Larkana,38,2025-07-16,2025-07-31,369.67,36967,474.97,47497,24.032397822503096,21.84216587125502,185830
PAK,Pakistan,admin2,PK72022,Sindh,PK7122022,Korangi Karachi,38,2025-07-16,2025-07-31,0,0,1.44,144,0,1.3520539289832936,4118
PAK,Pakistan,admin2,PK72022,Sindh,PK7112022,Khairpur,38,2025-07-16,2025-07-31,59.64,5964,183.59,18359,1.8591394935410237,1.019486381883424,39724
PAK,Pakistan,admin2,PK72022,Sindh,PK7102022,Kashmore,38,2025-07-16,2025-07-31,601.4,60140,837.4399999999999,83744,28.419124688291085,28.100523529289383,227776
PAK,Pakistan,admin2,PK72022,Sindh,PK7092022,Kambar Shahdad Kot,38,2025-07-16,2025-07-31,787.24,78724,845.74,84574,22.932394717496337,13.335039829694326,262260
PAK,Pakistan,admin2,PK72022,Sindh,PK7082022,Jamshoro,38,2025-07-16,2025-07-31,79.64,7964,178.57999999999998,17858,5.04510001225986,1.4263355965484934,33196
PAK,Pakistan,admin2,PK72022,Sindh,PK7072022,Jacobabad,38,2025-07-16,2025-07-31,915.74,91574,1014.7099999999999,101471,37.21309668616015,33.10382126061165,278873
PAK,Pakistan,admin2,PK72022,Sindh,PK7062022,Hyderabad,38,2025-07-16,2025-07-31,31.5,3150,64.03,6403,6.06051414889556,5.6555075720757495,66375
PAK,Pakistan,admin2,PK72022,Sindh,PK7052022,Ghotki,38,2025-07-16,2025-07-31,61.36,6136,97.42,9742,1.9802375161178751,1.3480169238008641,22520
PAK,Pakistan,admin2,PK72022,Sindh,PK7032022,Dadu,38,2025-07-16,2025-07-31,389.57,38957,456.4,45640,11.562611618121055,5.05783252663059,203536
PAK,Pakistan,admin2,PK72022,Sindh,PK7012022,Badin,38,2025-07-16,2025-07-31,202.9,20290,260.48,26048,4.071019759783121,3.582852363211658,47553
PAK,Pakistan,admin2,PK62022,Punjab,PK6362022,Vehari,38,2025-07-16,2025-07-31,18.25,1825,22.5,2250,0.4031737211563486,0.4315606878729114,9764
PAK,Pakistan,admin2,PK62022,Punjab,PK6352022,Toba Tek Singh,38,2025-07-16,2025-07-31,61.72,6172,82.41000000000001,8241,2.217663161644028,2.2879580864539437,32517
PAK,Pakistan,admin2,PK62022,Punjab,PK6342022,Sialkot,38,2025-07-16,2025-07-31,438.67,43867,498.6700000000001,49867,14.336770171695813,13.68177800122955,364000
PAK,Pakistan,admin2,PK62022,Punjab,PK6332022,Sheikhupura,38,2025-07-16,2025-07-31,1714.03,171403,1845.1000000000001,184510,47.943536671819885,43.11689730806791,942404
PAK,Pakistan,admin2,PK62022,Punjab,PK6322022,Sargodha,38,2025-07-16,2025-07-31,125.82,12582,233.54999999999995,23355,2.6641205092107896,3.3744236172376354,81554
PAK,Pakistan,admin2,PK62022,Punjab,PK6312022,Sahiwal,38,2025-07-16,2025-07-31,77.05,7705,95.71,9571,2.465126819390376,2.5446250744105297,40971
PAK,Pakistan,admin2,PK62022,Punjab,PK6302022,Rawalpindi,38,2025-07-16,2025-07-31,3.79,379,34.730000000000004,3473,0.1665562868996627,0.552944804530954,6197
PAK,Pakistan,admin2,PK62022,Punjab,PK6292022,Rajanpur,38,2025-07-16,2025-07-31,565.8,56580,889.3899999999999,88939,10.33863380685746,6.1495050901984465,126496
PAK,Pakistan,admin2,PK62022,Punjab,PK6282022,Rahim Yar Khan,38,2025-07-16,2025-07-31,152.22,15222,348.26,34826,2.186695078606854,2.375158077554734,53671
PAK,Pakistan,admin2,PK62022,Punjab,PK6272022,Pakpattan,38,2025-07-16,2025-07-31,51.75,5175,57.849999999999994,5785,1.7498887013102795,1.7259822233220399,32540
PAK,Pakistan,admin2,PK62022,Punjab,PK6262022,Okara,38,2025-07-16,2025-07-31,377.19,37719,412.32,41232,8.441213475783165,7.963608755355445,194291
PAK,Pakistan,admin2,PK62022,Punjab,PK6252022,Narowal,38,2025-07-16,2025-07-31,62.84,6284,64.69,6469,2.5350176984709125,2.296740207640372,37174
PAK,Pakistan,admin2,PK62022,Punjab,PK6242022,Nankana Sahib,38,2025-07-16,2025-07-31,1053.64,105364,1187.64,118764,48.77613081893848,46.03479095634502,537120
PAK,Pakistan,admin2,PK62022,Punjab,PK6232022,Muzaffargarh,38,2025-07-16,2025-07-31,461.99,46199,983.29,98329,8.153283807688796,11.03302183976326,216448
PAK,Pakistan,admin2,PK62022,Punjab,PK6222022,Multan,38,2025-07-16,2025-07-31,33.41,3341,108.45999999999998,10846,1.138728822802299,2.567526409670617,39914
PAK,Pakistan,admin2,PK62022,Punjab,PK6212022,Mianwali,38,2025-07-16,2025-07-31,480.1,48010,768.6400000000001,76864,13.37832994342353,10.825251627899341,110109
PAK,Pakistan,admin2,PK62022,Punjab,PK6202022,Mandi Bahauddin,38,2025-07-16,2025-07-31,338.85,33885,475.06000000000006,47506,13.509401597927903,14.582842710490862,206729
PAK,Pakistan,admin2,PK62022,Punjab,PK6192022,Lodhran,38,2025-07-16,2025-07-31,0.09,9,0.36,36,0.003268929208183,0.012399461874160233,122
PAK,Pakistan,admin2,PK62022,Punjab,PK6182022,Leiah,38,2025-07-16,2025-07-31,330.08,33008,551.5,55150,7.356713242064618,7.350135668820644,84405
PAK,Pakistan,admin2,PK62022,Punjab,PK6172022,Lahore,38,2025-07-16,2025-07-31,20.73,2073,28.24,2824,2.043547432730109,1.3881698863789123,28237
PAK,Pakistan,admin2,PK62022,Punjab,PK6162022,Khushab,38,2025-07-16,2025-07-31,269.03,26903,333.71999999999997,33372,8.390172210193578,4.266903870980824,85557
PAK,Pakistan,admin2,PK62022,Punjab,PK6152022,Khanewal,38,2025-07-16,2025-07-31,39.55,3955,100.71,10071,0.968605140216356,1.988307495657683,36914
PAK,Pakistan,admin2,PK62022,Punjab,PK6142022,Kasur,38,2025-07-16,2025-07-31,142.92,14292,169.90999999999997,16991,3.8961536699642174,3.639689700577135,71594
PAK,Pakistan,admin2,PK62022,Punjab,PK6132022,Jhelum,38,2025-07-16,2025-07-31,68.14,6814,133.77,13377,4.155123362017708,3.140797483675333,36943
PAK,Pakistan,admin2,PK62022,Punjab,PK6122022,Jhang,38,2025-07-16,2025-07-31,255.24,25524,492.35,49235,4.876974562249119,6.618185554156823,145075
PAK,Pakistan,admin2,PK62022,Punjab,PK6112022,Hafizabad,38,2025-07-16,2025-07-31,1473.31,147331,1620.1599999999999,162016,62.34987126381516,60.13767416241515,590650
PAK,Pakistan,admin2,PK62022,Punjab,PK6102022,Gujrat,38,2025-07-16,2025-07-31,250.08,25008,333.91,33391,9.610464704120703,8.841644614920623,178258
PAK,Pakistan,admin2,PK62022,Punjab,PK6092022,Gujranwala,38,2025-07-16,2025-07-31,1424.37,142437,1562.73,156273,39.937495670493526,36.4492829030513,851251
PAK,Pakistan,admin2,PK62022,Punjab,PK6082022,Faisalabad,38,2025-07-16,2025-07-31,376.95,37695,467.05999999999995,46706,7.582344008637791,6.693633492712967,207808
PAK,Pakistan,admin2,PK62022,Punjab,PK6072022,Dera Ghazi Khan,38,2025-07-16,2025-07-31,562.26,56226,911.8199999999999,91182,11.819573616797625,6.661265705717559,177107
PAK,Pakistan,admin2,PK62022,Punjab,PK6062022,Chiniot,38,2025-07-16,2025-07-31,90.45,9045,225.26,22526,3.949595796057074,7.346230373721685,72090
PAK,Pakistan,admin2,PK62022,Punjab,PK6052022,Chakwal,38,2025-07-16,2025-07-31,0.64,64,12.1,1210,0.0195947126645502,0.156172944810612,3191
PAK,Pakistan,admin2,PK62022,Punjab,PK6042022,Bhakkar,38,2025-07-16,2025-07-31,33.98,3398,134.5,13450,0.7974233972577962,1.347041248199862,11026
PAK,Pakistan,admin2,PK62022,Punjab,PK6032022,Bahawalpur,38,2025-07-16,2025-07-31,1.29,129,4.75,475,0.0185721463976102,0.01729994706494699,1268
PAK,Pakistan,admin2,PK62022,Punjab,PK6022022,Bahawalnagar,38,2025-07-16,2025-07-31,256.74,25674,314.47,31447,4.002198483618981,3.1767237548775458,112988
PAK,Pakistan,admin2,PK62022,Punjab,PK6012022,Attock,38,2025-07-16,2025-07-31,10.4,1040,89.02,8902,0.305065042524307,1.071598359000212,18826
PAK,Pakistan,admin2,PK52022,Khyber Pakhtunkhwa,PK5352022,Upper Dir,38,2025-07-16,2025-07-31,0,0,2.3499999999999996,235,0,0.2993006179902219,47
PAK,Pakistan,admin2,PK52022,Khyber Pakhtunkhwa,PK5342022,Tor Ghar,38,2025-07-16,2025-07-31,3.38,338,29.979999999999997,2998,24.92178509261454,5.420931052300504,12580
PAK,Pakistan,admin2,PK52022,Khyber Pakhtunkhwa,PK5332022,Tank,38,2025-07-16,2025-07-31,13.62,1362,25.969999999999995,2597,1.9097860215936515,0.776260584900075,5883
PAK,Pakistan,admin2,PK52022,Khyber Pakhtunkhwa,PK5322022,Swat,38,2025-07-16,2025-07-31,1.45,145,31.689999999999998,3169,0.441995858448002,0.48798401523316454,7194
PAK,Pakistan,admin2,PK52022,Khyber Pakhtunkhwa,PK5312022,Swabi,38,2025-07-16,2025-07-31,19.11,1911,103.87,10387,2.066214345765998,5.792799653816641,52301
PAK,Pakistan,admin2,PK52022,Khyber Pakhtunkhwa,PK5302022,South Waziristan,38,2025-07-16,2025-07-31,0.08,8,23.71,2371,0.0408480209334093,0.32168101125458193,545
PAK,Pakistan,admin2,PK52022,Khyber Pakhtunkhwa,PK5292022,Shangla,38,2025-07-16,2025-07-31,1.64,164,5.869999999999999,587,4.322422541092471,0.349514813382766,2541
PAK,Pakistan,admin2,PK52022,Khyber Pakhtunkhwa,PK5282022,Peshawar,38,2025-07-16,2025-07-31,0.88,88,4.78,478,0.133335797233092,0.2570393599612387,4392
PAK,Pakistan,admin2,PK52022,Khyber Pakhtunkhwa,PK5262022,Nowshera,38,2025-07-16,2025-07-31,8.39,839,34.06,3406,1.68710427628435,1.6335157798662527,20989
PAK,Pakistan,admin2,PK52022,Khyber Pakhtunkhwa,PK5252022,North Waziristan,38,2025-07-16,2025-07-31,0,0,5.09,509,0,0.08921329933126293,372
PAK,Pakistan,admin2,PK52022,Khyber Pakhtunkhwa,PK5242022,Mohmand,38,2025-07-16,2025-07-31,0.08,8,1.8199999999999998,182,0.0178876900336893,0.0661776762378464,1541
PAK,Pakistan,admin2,PK52022,Khyber Pakhtunkhwa,PK5232022,Mardan,38,2025-07-16,2025-07-31,1.43,143,1.46,146,0.1701553292075158,0.08626248694680311,1528
PAK,Pakistan,admin2,PK52022,Khyber Pakhtunkhwa,PK5222022,Mansehra,38,2025-07-16,2025-07-31,2.92,292,8.469999999999999,847,0.8515297401278985,0.17489768159695038,6081
PAK,Pakistan,admin2,PK52022,Khyber Pakhtunkhwa,PK5212022,Malakand,38,2025-07-16,2025-07-31,0,0,0.15,15,0,3.6713186032672347,372
PAK,Pakistan,admin2,PK52022,Khyber Pakhtunkhwa,PK5202022,Lower Dir,38,2025-07-16,2025-07-31,0.92,92,1.2000000000000002,120,0.2359504387410906,0.07583601022884001,3198
PAK,Pakistan,admin2,PK52022,Khyber Pakhtunkhwa,PK5172022,Kolai Palas Kohistan,38,2025-07-16,2025-07-31,0,0,3.95,395,0,0.2642273820836278,378
PAK,Pakistan,admin2,PK52022,Khyber Pakhtunkhwa,PK5162022,Kohistan Upper,38,2025-07-16,2025-07-31,0,0,22.06,2206,0,0.38799580313700033,645
PAK,Pakistan,admin2,PK52022,Khyber Pakhtunkhwa,PK5152022,Kohistan Lower,38,2025-07-16,2025-07-31,0,0,1.9300000000000002,193,0,0.19213716098615025,295
PAK,Pakistan,admin2,PK52022,Khyber Pakhtunkhwa,PK5142022,Kohat,38,2025-07-16,2025-07-31,0.77,77,27.849999999999998,2785,0.1157986925097973,0.6737597093429982,2831
PAK,Pakistan,admin2,PK52022,Khyber Pakhtunkhwa,PK5132022,Khyber,38,2025-07-16,2025-07-31,0.11,11,28.349999999999998,2835,0.0663491683527949,0.8537396809452847,1868
PAK,Pakistan,admin2,PK52022,Khyber Pakhtunkhwa,PK5122022,Karak,38,2025-07-16,2025-07-31,0,0,1,100,0,0.03704871612686724,108
PAK,Pakistan,admin2,PK52022,Khyber Pakhtunkhwa,PK5112022,Haripur,38,2025-07-16,2025-07-31,26.82,2682,137.12,13712,5.344663635749815,5.803116361913271,25475
PAK,Pakistan,admin2,PK52022,Khyber Pakhtunkhwa,PK5092022,D. I. Khan,38,2025-07-16,2025-07-31,359.43,35943,734.85,73485,8.664252136627107,6.895352394109601,96621
PAK,Pakistan,admin2,PK52022,Khyber Pakhtunkhwa,PK5082022,Chitral Upper,38,2025-07-16,2025-07-31,0.03,3,247.95000000000002,24795,0.1362397820163487,2.3114585919808266,2825
PAK,Pakistan,admin2,PK52022,Khyber Pakhtunkhwa,PK5072022,Chitral Lower,38,2025-07-16,2025-07-31,0.96,96,166.8,16680,3.37952570675988,2.2218319334949395,13443
PAK,Pakistan,admin2,PK52022,Khyber Pakhtunkhwa,PK5062022,Charsadda,38,2025-07-16,2025-07-31,4.54,454,21.82,2182,0.8181712751846334,1.800880914002492,20368
PAK,Pakistan,admin2,PK52022,Khyber Pakhtunkhwa,PK5042022,Batagram,38,2025-07-16,2025-07-31,0.01,1,1.4,140,0.0214772290837056,0.08199725656013643,662
PAK,Pakistan,admin2,PK52022,Khyber Pakhtunkhwa,PK5032022,Bannu,38,2025-07-16,2025-07-31,3.29,329,7.38,738,0.5164036246924091,0.3044556573415074,423
PAK,Pakistan,admin2,PK52022,Khyber Pakhtunkhwa,PK5022022,Bajaur,38,2025-07-16,2025-07-31,0.08,8,0.12,12,0.0154867038296948,0.013049505730779943,86
PAK,Pakistan,admin2,PK42022,Islamabad,PK4012022,Islamabad,38,2025-07-16,2025-07-31,0.14,14,2.2,220,0.0529211668805996,0.21488922632753837,2386
PAK,Pakistan,admin2,PK32022,Gilgit Baltistan,PK3142022,Rondu,38,2025-07-16,2025-07-31,0,0,13.35,1335,0,0.5774011279119927,62
PAK,Pakistan,admin2,PK32022,Gilgit Baltistan,PK3132022,Gupis-Yasin,38,2025-07-16,2025-07-31,0.11,11,140.71999999999997,14072,0.3139269406392694,1.4663494488053832,803
PAK,Pakistan,admin2,PK32022,Gilgit Baltistan,PK3122022,Tangir,38,2025-07-16,2025-07-31,0,0,1.08,108,0,0.12915769718672987,10
PAK,Pakistan,admin2,PK32022,Gilgit Baltistan,PK3112022,Darel,38,2025-07-16,2025-07-31,0,0,0.72,72,0,0.05880450630846347,17
PAK,Pakistan,admin2,PK32022,Gilgit Baltistan,PK3102022,Shigar,38,2025-07-16,2025-07-31,0.37,37,521.9399999999999,52194,1.912509045650892,4.963940218920047,2620
PAK,Pakistan,admin2,PK32022,Gilgit Baltistan,PK3092022,Kharmang,38,2025-07-16,2025-07-31,0,0,11.97,1197,0,0.1643825896081411,61
PAK,Pakistan,admin2,PK32022,Gilgit Baltistan,PK3082022,Nagar,38,2025-07-16,2025-07-31,0.01,1,179.32000000000002,17932,0.2260918908375152,4.775514894761467,2213
PAK,Pakistan,admin2,PK32022,Gilgit Baltistan,PK3072022,Skardu,38,2025-07-16,2025-07-31,0.95,95,88.05999999999999,8806,4.163658863566052,3.3873325711999733,4710
PAK,Pakistan,admin2,PK32022,Gilgit Baltistan,PK3062022,Hunza,38,2025-07-16,2025-07-31,0.03,3,627.3100000000001,62731,2.352615554940493,4.402726616956406,2500
PAK,Pakistan,admin2,PK32022,Gilgit Baltistan,PK3052022,Gilgit,38,2025-07-16,2025-07-31,0.09,9,45.08,4508,0.5459658004167895,0.9072598928098884,475
PAK,Pakistan,admin2,PK32022,Gilgit Baltistan,PK3042022,Ghizer,38,2025-07-16,2025-07-31,1.06,106,155.61,15561,5.764948770229575,2.892824566225581,1475
PAK,Pakistan,admin2,PK32022,Gilgit Baltistan,PK3032022,Ghanche,38,2025-07-16,2025-07-31,1.07,107,676.49,67649,11.617806731813246,6.354012218337528,5942
PAK,Pakistan,admin2,PK32022,Gilgit Baltistan,PK3022022,Diamir,38,2025-07-16,2025-07-31,0,0,24.580000000000002,2458,0,0.47716071265195903,196
PAK,Pakistan,admin2,PK32022,Gilgit Baltistan,PK3012022,Astore,38,2025-07-16,2025-07-31,0,0,59.17,5917,0,0.9772720411526125,596
PAK,Pakistan,admin2,PK22022,Balochistan,PK2362022,Usta Muhammad,38,2025-07-16,2025-07-31,6.19,619,6.36,636,0.6440084650321696,0.5726079442590982,1107
PAK,Pakistan,admin2,PK22022,Balochistan,PK2342022,Duki,38,2025-07-16,2025-07-31,0.61,61,1.25,125,0.1366825343182559,0.024854826176807863,69
PAK,Pakistan,admin2,PK22022,Balochistan,PK2332022,Shaheed Sikandarabad,38,2025-07-16,2025-07-31,0.03,3,1,100,0.0105914354468623,0.023722119207239836,19
PAK,Pakistan,admin2,PK22022,Balochistan,PK2312022,Zhob,38,2025-07-16,2025-07-31,0.15,15,8.41,841,0.0715620737847076,0.06008249906640341,217
PAK,Pakistan,admin2,PK22022,Balochistan,PK2292022,Sohbatpur,38,2025-07-16,2025-07-31,132.93,13293,192.72000000000003,19272,19.057241635444434,21.444485302636345,27995
PAK,Pakistan,admin2,PK22022,Balochistan,PK2282022,Sibi,38,2025-07-16,2025-07-31,0.89,89,1.3599999999999999,136,0.1317526192618092,0.026269145514538093,20
PAK,Pakistan,admin2,PK22022,Balochistan,PK2272022,Sherani,38,2025-07-16,2025-07-31,0.05,5,15.91,1591,0.2627636137313051,0.4427514626796929,300
PAK,Pakistan,admin2,PK22022,Balochistan,PK2262022,Quetta,38,2025-07-16,2025-07-31,0,0,0.12,12,0,0.0036739562641438053,6
PAK,Pakistan,admin2,PK22022,Balochistan,PK2252022,Pishin,38,2025-07-16,2025-07-31,0,0,0.28,28,0,0.004270512874779871,2
PAK,Pakistan,admin2,PK22022,Balochistan,PK2222022,Nasirabad,38,2025-07-16,2025-07-31,20.7,2070,21.06,2106,0.7505863595998464,0.5734847510486922,2579
PAK,Pakistan,admin2,PK22022,Balochistan,PK2182022,Lehri,38,2025-07-16,2025-07-31,6.99,699,8.5,850,0.4291093925978154,0.22562817068736235,166
PAK,Pakistan,admin2,PK22022,Balochistan,PK2172022,Lasbela,38,2025-07-16,2025-07-31,0.2,20,139.1,13910,0.0209091692159795,0.8871657012858345,1253
PAK,Pakistan,admin2,PK22022,Balochistan,PK2162022,Kohlu,38,2025-07-16,2025-07-31,0,0,0.24,24,0,0.0031126813537417,1
PAK,Pakistan,admin2,PK22022,Balochistan,PK2152022,Killa Saifullah,38,2025-07-16,2025-07-31,0.02,2,5.790000000000001,579,0.002544044265173,0.04008221549370198,54
PAK,Pakistan,admin2,PK22022,Balochistan,PK2142022,Killa Abdullah,38,2025-07-16,2025-07-31,0,0,0.12000000000000001,12,0,0.003692170163145674,1
PAK,Pakistan,admin2,PK22022,Balochistan,PK2132022,Khuzdar,38,2025-07-16,2025-07-31,3.29,329,18.65,1865,0.2392614406153931,0.05327378089910235,458
PAK,Pakistan,admin2,PK22022,Balochistan,PK2112022,Kech,38,2025-07-16,2025-07-31,0.08,8,19.5,1950,0.0331733478168603,0.07147817491013371,450
PAK,Pakistan,admin2,PK22022,Balochistan,PK2092022,Kachhi,38,2025-07-16,2025-07-31,49.38,4938,53.260000000000005,5326,3.352823907208903,0.8629977628066712,2752
PAK,Pakistan,admin2,PK22022,Balochistan,PK2072022_1,Jaffarabad,38,2025-07-16,2025-07-31,14.81,1481,15.459999999999999,1546,2.0679512161626263,1.9041157938877598,2133
PAK,Pakistan,admin2,PK22022,Balochistan,PK2052022,Gwadar,38,2025-07-16,2025-07-31,0.17,17,227.76,22776,0.6528938938230364,1.7700400344516416,2417
PAK,Pakistan,admin2,PK22022,Balochistan,PK2042022,Dera Bugti,38,2025-07-16,2025-07-31,2.22,222,9.200000000000001,920,0.370079893718232,0.07814106288472858,1096
PAK,Pakistan,admin2,PK22022,Balochistan,PK2032022,Chagai,38,2025-07-16,2025-07-31,0.01,1,9.53,953,0.003872886106621,0.018680890908310807,41
PAK,Pakistan,admin2,PK22022,Balochistan,PK2012022,Awaran,38,2025-07-16,2025-07-31,1.18,118,15.37,1537,0.4232855143087807,0.05499356939280138,125
PAK,Pakistan,admin2,PK12022,Azad Kashmir,PK1082022,Neelum,38,2025-07-16,2025-07-31,0,0,5.390000000000001,539,0,0.19181954568389475,83
PAK,Pakistan,admin2,PK12022,Azad Kashmir,PK1072022,Muzaffarabad,38,2025-07-16,2025-07-31,0,0,1.1300000000000001,113,0,0.07017460972298867,450
PAK,Pakistan,admin2,PK12022,Azad Kashmir,PK1062022,Mirpur,38,2025-07-16,2025-07-31,19.78,1978,64.04,6404,8.098849022193919,5.956018859012184,9919
PAK,Pakistan,admin2,PK12022,Azad Kashmir,PK1052022,Kotli,38,2025-07-16,2025-07-31,0,0,0.85,85,0,0.04967060881339688,181
PAK,Pakistan,admin2,PK12022,Azad Kashmir,PK1022022,Bhimber,38,2025-07-16,2025-07-31,2.81,281,3.22,322,0.7953264484586725,0.2290925496513665,792
PAK,Pakistan,admin2,PK22022,Balochistan,PK2292022,Sohbatpur,37,2025-07-01,2025-07-15,51.44,5144,76.28,7628,7.374591963644487,8.489019251055293,8345
PAK,Pakistan,admin2,PK22022,Balochistan,PK2272022,Sherani,37,2025-07-01,2025-07-15,0.05,5,14.17,1417,0.2627636137313051,0.4483649671351033,260
PAK,Pakistan,admin2,PK22022,Balochistan,PK2262022,Quetta,37,2025-07-01,2025-07-15,0,0,0.12,12,0,0.0036739562641438053,6
PAK,Pakistan,admin2,PK22022,Balochistan,PK2222022,Nasirabad,37,2025-07-01,2025-07-15,1.36,136,1.36,136,0.0493138864278159,0.049313886427815895,147
PAK,Pakistan,admin2,PK22022,Balochistan,PK2172022,Lasbela,37,2025-07-01,2025-07-15,0.34,34,102.23,10223,0.0355455876671652,0.6534401476294739,740
PAK,Pakistan,admin2,PK22022,Balochistan,PK2152022,Killa Saifullah,37,2025-07-01,2025-07-15,0.02,2,2.33,233,0.002544044265173,0.016711055663163676,19
PAK,Pakistan,admin2,PK22022,Balochistan,PK2132022,Khuzdar,37,2025-07-01,2025-07-15,2.14,214,4.69,469,0.155629022163204,0.014157024227244113,182
PAK,Pakistan,admin2,PK22022,Balochistan,PK2122022,Kharan,37,2025-07-01,2025-07-15,0,0,0.28,28,0,0.0031373477317498,1
PAK,Pakistan,admin2,PK22022,Balochistan,PK2112022,Kech,37,2025-07-01,2025-07-15,0,0,6.77,677,0,0.025308483564658747,131
PAK,Pakistan,admin2,PK22022,Balochistan,PK2092022,Kachhi,37,2025-07-01,2025-07-15,0,0,0.88,88,0,18.62951832234712,37
PAK,Pakistan,admin2,PK22022,Balochistan,PK2072022_1,Jaffarabad,37,2025-07-01,2025-07-15,0,0,0.12,12,0,2.1369311991955087,9
PAK,Pakistan,admin2,PK22022,Balochistan,PK2062022,Harnai,37,2025-07-01,2025-07-15,0,0,0.48,48,0,0.016041227842759073,6
PAK,Pakistan,admin2,PK22022,Balochistan,PK2052022,Gwadar,37,2025-07-01,2025-07-15,0,0,71.49,7149,0,0.5569818362683764,697
PAK,Pakistan,admin2,PK22022,Balochistan,PK2042022,Dera Bugti,37,2025-07-01,2025-07-15,5.03,503,13.25,1325,0.8385143537850032,0.11222462965573214,1614
PAK,Pakistan,admin2,PK22022,Balochistan,PK2012022,Awaran,37,2025-07-01,2025-07-15,0.05,5,2.4000000000000004,240,0.0179358268774907,0.008587154622168072,17
PAK,Pakistan,admin2,PK12022,Azad Kashmir,PK1082022,Neelum,37,2025-07-01,2025-07-15,0,0,2.04,204,0,0.053404742242555106,23
PAK,Pakistan,admin2,PK12022,Azad Kashmir,PK1062022,Mirpur,37,2025-07-01,2025-07-15,5.49,549,27.270000000000003,2727,2.247860522337948,2.5362372624182115,3796
PAK,Pakistan,admin2,PK12022,Azad Kashmir,PK1052022,Kotli,37,2025-07-01,2025-07-15,0.02,2,0.33,33,0.0112111911428952,0.017463396699764423,120
PAK,Pakistan,admin2,PK12022,Azad Kashmir,PK1022022,Bhimber,37,2025-07-01,2025-07-15,0.47,47,0.48,48,0.1330261319486035,0.04244470987029323,134
PAK,Pakistan,admin2,PK22022,Balochistan,PK2312022,Zhob,37,2025-07-01,2025-07-15,0,0,2.97,297,0,0.022013777651270883,82
PAK,Pakistan,admin2,PK32022,Gilgit Baltistan,PK3012022,Astore,37,2025-07-01,2025-07-15,0,0,44.99,4499,0,0.7430702912194699,383
PAK,Pakistan,admin2,PK32022,Gilgit Baltistan,PK3022022,Diamir,37,2025-07-01,2025-07-15,0,0,12.86,1286,0,0.24964551524427153,83
PAK,Pakistan,admin2,PK32022,Gilgit Baltistan,PK3032022,Ghanche,37,2025-07-01,2025-07-15,0.55,55,650.96,65096,5.971769815418024,6.114218678249491,4899
PAK,Pakistan,admin2,PK32022,Gilgit Baltistan,PK3042022,Ghizer,37,2025-07-01,2025-07-15,0.27,27,500.61,50061,1.4684303471339482,9.303027106202666,1852
PAK,Pakistan,admin2,PK32022,Gilgit Baltistan,PK3052022,Gilgit,37,2025-07-01,2025-07-15,0,0,52.61,5261,0,1.0671243407008952,296
PAK,Pakistan,admin2,PK32022,Gilgit Baltistan,PK3062022,Hunza,37,2025-07-01,2025-07-15,0.03,3,1788.61,178861,2.352615554940493,12.553220663395127,3854
PAK,Pakistan,admin2,PK32022,Gilgit Baltistan,PK3072022,Skardu,37,2025-07-01,2025-07-15,1.35,135,141.87,14187,5.916778385067547,5.457198181650468,4668
PAK,Pakistan,admin2,PK32022,Gilgit Baltistan,PK3082022,Nagar,37,2025-07-01,2025-07-15,0,0,276.20000000000005,27620,0,7.364224213781684,2775
PAK,Pakistan,admin2,PK32022,Gilgit Baltistan,PK3092022,Kharmang,37,2025-07-01,2025-07-15,0,0,96.60000000000001,9660,0,1.326596337188508,468
PAK,Pakistan,admin2,PK32022,Gilgit Baltistan,PK3102022,Shigar,37,2025-07-01,2025-07-15,0.37,37,667.4200000000001,66742,1.912509045650892,6.347041378775637,2670
PAK,Pakistan,admin2,PK32022,Gilgit Baltistan,PK3112022,Darel,37,2025-07-01,2025-07-15,0,0,2.04,204,0,0.12740221567686416,17
PAK,Pakistan,admin2,PK32022,Gilgit Baltistan,PK3122022,Tangir,37,2025-07-01,2025-07-15,0,0,3.5500000000000003,355,0,0.42952330386336135,22
PAK,Pakistan,admin2,PK32022,Gilgit Baltistan,PK3132022,Gupis-Yasin,37,2025-07-01,2025-07-15,0.04,4,513.76,51376,0.1141552511415525,5.354694825335914,1973
PAK,Pakistan,admin2,PK32022,Gilgit Baltistan,PK3142022,Rondu,37,2025-07-01,2025-07-15,0,0,29.94,2994,0,1.2949355632722914,126
PAK,Pakistan,admin2,PK42022,Islamabad,PK4012022,Islamabad,37,2025-07-01,2025-07-15,0,0,1.28,128,0,0.16858989480228137,2130
PAK,Pakistan,admin2,PK52022,Khyber Pakhtunkhwa,PK5022022,Bajaur,37,2025-07-01,2025-07-15,0,0,0.16,16,0,0.014498344488056286,19
PAK,Pakistan,admin2,PK52022,Khyber Pakhtunkhwa,PK5032022,Bannu,37,2025-07-01,2025-07-15,0.74,74,2.05,205,0.1161515751587789,0.09317910751687221,77
PAK,Pakistan,admin2,PK52022,Khyber Pakhtunkhwa,PK5062022,Charsadda,37,2025-07-01,2025-07-15,2.3,230,11.41,1141,0.4144920557102768,0.9417072057180768,10064
PAK,Pakistan,admin2,PK52022,Khyber Pakhtunkhwa,PK5072022,Chitral Lower,37,2025-07-01,2025-07-15,0.45,45,501.42999999999995,50143,1.5841526750436934,6.679215745877504,9790
PAK,Pakistan,admin2,PK52022,Khyber Pakhtunkhwa,PK5082022,Chitral Upper,37,2025-07-01,2025-07-15,0.03,3,699.52,69952,0.1362397820163487,6.521119234774865,4647
PAK,Pakistan,admin2,PK52022,Khyber Pakhtunkhwa,PK5092022,D. I. Khan,37,2025-07-01,2025-07-15,173.82,17382,435.51,43551,4.190023944546987,4.086541363759505,59629
PAK,Pakistan,admin2,PK52022,Khyber Pakhtunkhwa,PK5112022,Haripur,37,2025-07-01,2025-07-15,14.78,1478,90.94999999999999,9095,2.945344091587706,3.849135305688535,14291
PAK,Pakistan,admin2,PK52022,Khyber Pakhtunkhwa,PK5122022,Karak,37,2025-07-01,2025-07-15,0,0,0.14,14,0,0.006578231283867754,13
PAK,Pakistan,admin2,PK52022,Khyber Pakhtunkhwa,PK5132022,Khyber,37,2025-07-01,2025-07-15,0.17,17,19.509999999999998,1951,0.1025396238179558,0.5948226060734995,1125
PAK,Pakistan,admin2,PK52022,Khyber Pakhtunkhwa,PK5142022,Kohat,37,2025-07-01,2025-07-15,0.13,13,7.5,750,0.0195504286055502,0.1852955156344025,774
PAK,Pakistan,admin2,PK52022,Khyber Pakhtunkhwa,PK5152022,Kohistan Lower,37,2025-07-01,2025-07-15,0,0,0.32000000000000006,32,0,0.03550194838695416,98
PAK,Pakistan,admin2,PK52022,Khyber Pakhtunkhwa,PK5162022,Kohistan Upper,37,2025-07-01,2025-07-15,0,0,35.92,3592,0,0.534009255332558,557
PAK,Pakistan,admin2,PK52022,Khyber Pakhtunkhwa,PK5172022,Kolai Palas Kohistan,37,2025-07-01,2025-07-15,0,0,2.9,290,0,0.6022994890431573,105
PAK,Pakistan,admin2,PK52022,Khyber Pakhtunkhwa,PK5182022,Kurram,37,2025-07-01,2025-07-15,0,0,0.32,32,0,0.00926142254882845,24
PAK,Pakistan,admin2,PK52022,Khyber Pakhtunkhwa,PK5192022,Lakki Marwat,37,2025-07-01,2025-07-15,0,0,0.16,16,0,0.03952691322612168,5
PAK,Pakistan,admin2,PK52022,Khyber Pakhtunkhwa,PK5202022,Lower Dir,37,2025-07-01,2025-07-15,2.64,264,4.24,424,0.6770751720396516,0.21635065903508255,8630
PAK,Pakistan,admin2,PK52022,Khyber Pakhtunkhwa,PK5212022,Malakand,37,2025-07-01,2025-07-15,1.36,136,1.7800000000000002,178,0.8169865352703544,0.2813684960268077,4531
PAK,Pakistan,admin2,PK52022,Khyber Pakhtunkhwa,PK5222022,Mansehra,37,2025-07-01,2025-07-15,1.31,131,4.87,487,0.3820219039614887,0.09913977870557994,2487
PAK,Pakistan,admin2,PK52022,Khyber Pakhtunkhwa,PK5232022,Mardan,37,2025-07-01,2025-07-15,3.71,371,4.13,413,0.4414519380139046,0.22486396546786383,5016
PAK,Pakistan,admin2,PK52022,Khyber Pakhtunkhwa,PK5242022,Mohmand,37,2025-07-01,2025-07-15,0.04,4,0.43,43,0.0089438450168446,0.016701196943484292,93
PAK,Pakistan,admin2,PK52022,Khyber Pakhtunkhwa,PK5252022,North Waziristan,37,2025-07-01,2025-07-15,0,0,1.6500000000000001,165,0,0.045004775319528796,135
PAK,Pakistan,admin2,PK52022,Khyber Pakhtunkhwa,PK5262022,Nowshera,37,2025-07-01,2025-07-15,5.14,514,23.17,2317,1.0335775900001858,1.1112319618174127,16013
PAK,Pakistan,admin2,PK52022,Khyber Pakhtunkhwa,PK5282022,Peshawar,37,2025-07-01,2025-07-15,0.39,39,4.37,437,0.0590920010464839,0.23874208981373057,22224
PAK,Pakistan,admin2,PK52022,Khyber Pakhtunkhwa,PK5292022,Shangla,37,2025-07-01,2025-07-15,0.88,88,3.0300000000000002,303,2.319348680586204,0.18046625248379,1126
PAK,Pakistan,admin2,PK52022,Khyber Pakhtunkhwa,PK5302022,South Waziristan,37,2025-07-01,2025-07-15,0.01,1,15.55,1555,0.0051060026166761,0.3797543891979266,337
PAK,Pakistan,admin2,PK52022,Khyber Pakhtunkhwa,PK5312022,Swabi,37,2025-07-01,2025-07-15,14.02,1402,73.39,7339,1.5158725864803395,4.092938929369437,39288
PAK,Pakistan,admin2,PK52022,Khyber Pakhtunkhwa,PK5322022,Swat,37,2025-07-01,2025-07-15,2.98,298,100.24999999999999,10025,0.9083776952931352,1.5273945619764557,17227
PAK,Pakistan,admin2,PK52022,Khyber Pakhtunkhwa,PK5332022,Tank,37,2025-07-01,2025-07-15,4.56,456,8.62,862,0.6393997252912665,0.2576575372290583,2934
PAK,Pakistan,admin2,PK52022,Khyber Pakhtunkhwa,PK5342022,Tor Ghar,37,2025-07-01,2025-07-15,1.37,137,17.939999999999998,1794,10.101433602627788,3.2438793555127106,8212
PAK,Pakistan,admin2,PK52022,Khyber Pakhtunkhwa,PK5352022,Upper Dir,37,2025-07-01,2025-07-15,0,0,22.17,2217,0,0.9243114285740893,430
PAK,Pakistan,admin2,PK62022,Punjab,PK6012022,Attock,37,2025-07-01,2025-07-15,5.32,532,37.870000000000005,3787,0.1560525025220493,0.45586867957018684,9059
PAK,Pakistan,admin2,PK62022,Punjab,PK6022022,Bahawalnagar,37,2025-07-01,2025-07-15,15.22,1522,28.229999999999997,2823,0.2372573845940675,0.28517477533689417,10078
PAK,Pakistan,admin2,PK62022,Punjab,PK6032022,Bahawalpur,37,2025-07-01,2025-07-15,0.2,20,0.8900000000000001,89,0.0028794025422651,0.0032414637658532324,300
PAK,Pakistan,admin2,PK62022,Punjab,PK6042022,Bhakkar,37,2025-07-01,2025-07-15,22.85,2285,104.69,10469,0.536230860133627,1.0484888347512527,9852
PAK,Pakistan,admin2,PK62022,Punjab,PK6052022,Chakwal,37,2025-07-01,2025-07-15,0.47,47,4.6499999999999995,465,0.014389867113029,0.06001687548506979,1493
PAK,Pakistan,admin2,PK62022,Punjab,PK6062022,Chiniot,37,2025-07-01,2025-07-15,26.4,2640,102.94,10294,1.1527841792803402,3.35710270208164,37660
PAK,Pakistan,admin2,PK62022,Punjab,PK6072022,Dera Ghazi Khan,37,2025-07-01,2025-07-15,201.52,20152,418.86,41886,4.236261649872047,3.059974454188342,64898
PAK,Pakistan,admin2,PK62022,Punjab,PK6082022,Faisalabad,37,2025-07-01,2025-07-15,2.92,292,6.01,601,0.0587357593983879,0.09398922025118807,2515
PAK,Pakistan,admin2,PK62022,Punjab,PK6092022,Gujranwala,37,2025-07-01,2025-07-15,321.53,32153,386.92999999999995,38693,9.015286044309963,9.024797011433602,206960
PAK,Pakistan,admin2,PK62022,Punjab,PK6102022,Gujrat,37,2025-07-01,2025-07-15,61.08,6108,102.58,10258,2.347277607676314,2.7162286382514984,59457
PAK,Pakistan,admin2,PK62022,Punjab,PK6112022,Hafizabad,37,2025-07-01,2025-07-15,234.23,23423,277.2,27720,9.912516948994728,10.289208027492027,88852
PAK,Pakistan,admin2,PK62022,Punjab,PK6122022,Jhang,37,2025-07-01,2025-07-15,29.61,2961,66.06,6606,0.5657703212200141,0.887980781370163,20584
PAK,Pakistan,admin2,PK62022,Punjab,PK6132022,Jhelum,37,2025-07-01,2025-07-15,5.07,507,21.790000000000003,2179,0.3091645941507158,0.5116093082850078,5413
PAK,Pakistan,admin2,PK62022,Punjab,PK6142022,Kasur,37,2025-07-01,2025-07-15,3.09,309,4.09,409,0.084236739715851,0.0876130355797803,1655
PAK,Pakistan,admin2,PK62022,Punjab,PK6152022,Khanewal,37,2025-07-01,2025-07-15,2.65,265,19.560000000000002,1956,0.0649002179917406,0.3861711311196927,6990
PAK,Pakistan,admin2,PK62022,Punjab,PK6162022,Khushab,37,2025-07-01,2025-07-15,75.13,7513,83.74,8374,2.3430607670216834,1.0706895905427725,21546
PAK,Pakistan,admin2,PK62022,Punjab,PK6172022,Lahore,37,2025-07-01,2025-07-15,3.44,344,5.42,542,0.3391125503420923,0.26642637337725594,9169
PAK,Pakistan,admin2,PK62022,Punjab,PK6182022,Leiah,37,2025-07-01,2025-07-15,200.29,20029,386.41,38641,4.463996895459047,5.149892880850381,54128
PAK,Pakistan,admin2,PK62022,Punjab,PK6192022,Lodhran,37,2025-07-01,2025-07-15,0,0,0.1,10,0,4.155801825293351,62
PAK,Pakistan,admin2,PK62022,Punjab,PK6202022,Mandi Bahauddin,37,2025-07-01,2025-07-15,53.15,5315,106.99999999999999,10700,2.1190045593326494,3.284562307966409,48339
PAK,Pakistan,admin2,PK62022,Punjab,PK6212022,Mianwali,37,2025-07-01,2025-07-15,369.63,36963,610.33,61033,10.300004367814289,8.59567004846977,78458
PAK,Pakistan,admin2,PK62022,Punjab,PK6222022,Multan,37,2025-07-01,2025-07-15,2.44,244,12.780000000000001,1278,0.0831636733803534,0.302535381851286,8001
PAK,Pakistan,admin2,PK62022,Punjab,PK6232022,Muzaffargarh,37,2025-07-01,2025-07-15,151.49,15149,385.19,38519,2.673523158567882,4.322030817417455,75630
PAK,Pakistan,admin2,PK62022,Punjab,PK6242022,Nankana Sahib,37,2025-07-01,2025-07-15,28.54,2854,33.37,3337,1.321201523834046,1.2934735898195016,12298
PAK,Pakistan,admin2,PK62022,Punjab,PK6252022,Narowal,37,2025-07-01,2025-07-15,76.04,7604,81.36000000000001,8136,3.06751664213444,2.8885883953257188,51691
PAK,Pakistan,admin2,PK72022,Sindh,PK7272022,Thatta,37,2025-07-01,2025-07-15,12.32,1232,616.9499999999999,61695,0.6191920198494637,7.3116343439451965,22611
PAK,Pakistan,admin2,PK72022,Sindh,PK7262022,Tharparkar,37,2025-07-01,2025-07-15,0.59,59,213.56,21356,0.0171321198106473,0.9940481436307256,5002
PAK,Pakistan,admin2,PK72022,Sindh,PK7252022,Tando Muhammad Khan,37,2025-07-01,2025-07-15,20.82,2082,31.740000000000002,3174,1.5031232041215354,1.7337663097140683,8953
PAK,Pakistan,admin2,PK72022,Sindh,PK7242022,Tando Allahyar,37,2025-07-01,2025-07-15,0.24,24,1.08,108,0.0223606120011816,0.07372834467471057,229
PAK,Pakistan,admin2,PK72022,Sindh,PK7232022,Sukkur,37,2025-07-01,2025-07-15,9.73,973,42.53,4253,0.5871046254445695,0.7256330813506664,9869
PAK,Pakistan,admin2,PK72022,Sindh,PK7222022,Sujawal,37,2025-07-01,2025-07-15,23.22,2322,2402.3100000000004,240231,0.8942490367351632,25.10133030086143,62694
PAK,Pakistan,admin2,PK72022,Sindh,PK7212022,South Karachi,37,2025-07-01,2025-07-15,0,0,2.13,213,0,0.39504765955626936,5401
PAK,Pakistan,admin2,PK72022,Sindh,PK7202022,Shikarpur,37,2025-07-01,2025-07-15,19.05,1905,35.97,3597,0.8851538664455634,1.2405373750911586,7011
PAK,Pakistan,admin2,PK72022,Sindh,PK7192022,Shaheed Benazir Abad,37,2025-07-01,2025-07-15,24.59,2459,55.21,5521,0.8115354212119187,1.0752195361605608,12481
PAK,Pakistan,admin2,PK72022,Sindh,PK7182022,Sanghar,37,2025-07-01,2025-07-15,47.74,4774,128.8,12880,1.212967751878751,1.13528004872482,21221
PAK,Pakistan,admin2,PK72022,Sindh,PK7172022,Naushahro Feroze,37,2025-07-01,2025-07-15,7.17,717,31.96,3196,0.2846838367499387,0.9349821116897605,5437
PAK,Pakistan,admin2,PK72022,Sindh,PK7162022,Mirpur Khas,37,2025-07-01,2025-07-15,0.47,47,6.5,650,0.0201658319565827,0.19253027374482815,797
PAK,Pakistan,admin2,PK72022,Sindh,PK7152022,Matiari,37,2025-07-01,2025-07-15,7.65,765,34.91,3491,0.680088995349492,2.14744695151933,9247
PAK,Pakistan,admin2,PK72022,Sindh,PK7142022,Malir Karachi,37,2025-07-01,2025-07-15,0.07,7,102.1,10210,0.0283047096341144,3.375795272366989,9906
PAK,Pakistan,admin2,PK72022,Sindh,PK7132022,Larkana,37,2025-07-01,2025-07-15,13.35,1335,30.259999999999998,3026,0.8678889575308149,1.4399248043623014,6197
PAK,Pakistan,admin2,PK72022,Sindh,PK7122022,Korangi Karachi,37,2025-07-01,2025-07-15,0,0,1.41,141,0,1.3236375791587172,2284
PAK,Pakistan,admin2,PK72022,Sindh,PK7112022,Khairpur,37,2025-07-01,2025-07-15,3.86,386,26.56,2656,0.1203266003532587,0.14748928755827512,6480
PAK,Pakistan,admin2,PK72022,Sindh,PK7102022,Kashmore,37,2025-07-01,2025-07-15,448.88,44888,603.02,60302,21.211800282806955,20.234497634018062,109158
PAK,Pakistan,admin2,PK72022,Sindh,PK7092022,Kambar Shahdad Kot,37,2025-07-01,2025-07-15,82.54,8254,87.9,8790,2.404400005058365,1.3859460366426217,21321
PAK,Pakistan,admin2,PK72022,Sindh,PK7082022,Jamshoro,37,2025-07-01,2025-07-15,3.56,356,22.87,2287,0.2255217986394413,0.18341051203188646,3277
PAK,Pakistan,admin2,PK72022,Sindh,PK7072022,Jacobabad,37,2025-07-01,2025-07-15,265.86,26586,305.65,30565,10.803802263723917,9.97150217136517,57392
PAK,Pakistan,admin2,PK72022,Sindh,PK7062022,Hyderabad,37,2025-07-01,2025-07-15,6.55,655,13.16,1316,1.2602021484211403,1.1623688840936572,5028
PAK,Pakistan,admin2,PK72022,Sindh,PK7052022,Ghotki,37,2025-07-01,2025-07-15,73.48,7348,97.63999999999999,9764,2.371379606980793,1.3510611007997984,18041
PAK,Pakistan,admin2,PK72022,Sindh,PK7032022,Dadu,37,2025-07-01,2025-07-15,29.14,2914,39.37,3937,0.8648882166287125,0.43629900651500064,14069
PAK,Pakistan,admin2,PK72022,Sindh,PK7012022,Badin,37,2025-07-01,2025-07-15,39.27,3927,71.66000000000001,7166,0.7879198914079997,0.9856695345045584,9343
PAK,Pakistan,admin2,PK62022,Punjab,PK6362022,Vehari,37,2025-07-01,2025-07-15,0.37,37,2.94,294,0.0081739329768684,0.056390596548726864,1312
PAK,Pakistan,admin2,PK62022,Punjab,PK6352022,Toba Tek Singh,37,2025-07-01,2025-07-15,0.77,77,1.28,128,0.0276668929757923,0.03752457290448545,427
PAK,Pakistan,admin2,PK62022,Punjab,PK6342022,Sialkot,37,2025-07-01,2025-07-15,131.82,13182,155.92999999999998,15593,4.308188488004518,4.27817924425316,114030
PAK,Pakistan,admin2,PK62022,Punjab,PK6332022,Sheikhupura,37,2025-07-01,2025-07-15,253.8,25380,271.1,27110,7.099099553279633,6.335153032473693,103374
PAK,Pakistan,admin2,PK62022,Punjab,PK6322022,Sargodha,37,2025-07-01,2025-07-15,23.03,2303,71.91000000000001,7191,0.4876386530529684,1.0389843815695072,25659
PAK,Pakistan,admin2,PK62022,Punjab,PK6312022,Sahiwal,37,2025-07-01,2025-07-15,0.52,52,1.3900000000000001,139,0.0166368065682413,0.036955687529313816,623
PAK,Pakistan,admin2,PK62022,Punjab,PK6302022,Rawalpindi,37,2025-07-01,2025-07-15,1.08,108,14.69,1469,0.0474619498289276,0.23388307453382404,2785
PAK,Pakistan,admin2,PK62022,Punjab,PK6292022,Rajanpur,37,2025-07-01,2025-07-15,80.86,8086,225.35000000000002,22535,1.4775219682263947,1.5581364441653494,27089
PAK,Pakistan,admin2,PK62022,Punjab,PK6282022,Rahim Yar Khan,37,2025-07-01,2025-07-15,44.25,4425,154.35,15435,0.6356671740136205,1.0526780258156927,24360
PAK,Pakistan,admin2,PK62022,Punjab,PK6272022,Pakpattan,37,2025-07-01,2025-07-15,0.61,61,0.64,64,0.0206267073970873,0.020226408367169352,242
PAK,Pakistan,admin2,PK62022,Punjab,PK6262022,Okara,37,2025-07-01,2025-07-15,1.88,188,2.08,208,0.0420729110911539,0.04420697549234121,1076
PAK,Pakistan,admin2,PK72022,Sindh,PK7282022,Umer Kot,35,2025-06-01,2025-06-15,0,0,0.33,33,0,0.019825646923345853,205
PAK,Pakistan,admin2,PK72022,Sindh,PK7272022,Thatta,35,2025-06-01,2025-06-15,24.74,2474,889.24,88924,1.2434099489509522,10.538613702909192,38161
PAK,Pakistan,admin2,PK52022,Khyber Pakhtunkhwa,PK5352022,Upper Dir,35,2025-06-01,2025-06-15,0,0,1.22,122,0,0.050864228365375914,47
PAK,Pakistan,admin2,PK52022,Khyber Pakhtunkhwa,PK5342022,Tor Ghar,35,2025-06-01,2025-06-15,0.48,48,9.65,965,3.5391884155192246,1.7448960858805824,4695
PAK,Pakistan,admin2,PK52022,Khyber Pakhtunkhwa,PK5322022,Swat,35,2025-06-01,2025-06-15,0.27,27,6.720000000000001,672,0.0823026770903176,0.1049970257276345,1174
PAK,Pakistan,admin2,PK52022,Khyber Pakhtunkhwa,PK5312022,Swabi,35,2025-06-01,2025-06-15,5.7,570,47.769999999999996,4777,0.6162962726774562,2.66411898972582,27410
PAK,Pakistan,admin2,PK52022,Khyber Pakhtunkhwa,PK5302022,South Waziristan,35,2025-06-01,2025-06-15,0.05,5,19.25,1925,0.0255300130833808,0.37117656942187127,423
PAK,Pakistan,admin2,PK52022,Khyber Pakhtunkhwa,PK5292022,Shangla,35,2025-06-01,2025-06-15,0.26,26,0.42000000000000004,42,0.6852621101731965,0.8944155399480553,181
PAK,Pakistan,admin2,PK52022,Khyber Pakhtunkhwa,PK5282022,Peshawar,35,2025-06-01,2025-06-15,0.49,49,3.62,362,0.074243796186608,0.19466160733466195,3320
PAK,Pakistan,admin2,PK52022,Khyber Pakhtunkhwa,PK5262022,Nowshera,35,2025-06-01,2025-06-15,5.25,525,22.92,2292,1.0556969547667268,1.0992419751771727,16456
PAK,Pakistan,admin2,PK52022,Khyber Pakhtunkhwa,PK5252022,North Waziristan,35,2025-06-01,2025-06-15,0.01,1,1.3599999999999999,136,0.0065350080380598,0.02308581053022617,54
PAK,Pakistan,admin2,PK52022,Khyber Pakhtunkhwa,PK5242022,Mohmand,35,2025-06-01,2025-06-15,0.14,14,1.51,151,0.0313034575589563,0.05544056850966198,468
PAK,Pakistan,admin2,PK52022,Khyber Pakhtunkhwa,PK5222022,Mansehra,35,2025-06-01,2025-06-15,0.06,6,1.71,171,0.0174971864409842,0.035976242759518086,401
PAK,Pakistan,admin2,PK52022,Khyber Pakhtunkhwa,PK5212022,Malakand,35,2025-06-01,2025-06-15,0,0,0.6000000000000001,60,0,0.06440769379790938,104
PAK,Pakistan,admin2,PK52022,Khyber Pakhtunkhwa,PK5202022,Lower Dir,35,2025-06-01,2025-06-15,0.3,30,2.05,205,0.0769403604590513,0.10460350259950948,1711
PAK,Pakistan,admin2,PK52022,Khyber Pakhtunkhwa,PK5182022,Kurram,35,2025-06-01,2025-06-15,0,0,1.47,147,0,0.44154621864577176,36
PAK,Pakistan,admin2,PK52022,Khyber Pakhtunkhwa,PK5172022,Kolai Palas Kohistan,35,2025-06-01,2025-06-15,0,0,0.32,32,0,0.03374602460664157,12
PAK,Pakistan,admin2,PK52022,Khyber Pakhtunkhwa,PK5162022,Kohistan Upper,35,2025-06-01,2025-06-15,0,0,11.42,1142,0,0.2008573015332974,258
PAK,Pakistan,admin2,PK52022,Khyber Pakhtunkhwa,PK5152022,Kohistan Lower,35,2025-06-01,2025-06-15,0,0,0.72,72,0,0.07203379373625358,102
PAK,Pakistan,admin2,PK52022,Khyber Pakhtunkhwa,PK5142022,Kohat,35,2025-06-01,2025-06-15,0.33,33,22.32,2232,0.0496280110756274,0.5399754654411387,2097
PAK,Pakistan,admin2,PK52022,Khyber Pakhtunkhwa,PK5132022,Khyber,35,2025-06-01,2025-06-15,0.08,8,18.28,1828,0.0482539406202145,0.5573222572538991,1095
PAK,Pakistan,admin2,PK52022,Khyber Pakhtunkhwa,PK5122022,Karak,35,2025-06-01,2025-06-15,0,0,0.25,25,0,0.01174684157833533,24
PAK,Pakistan,admin2,PK52022,Khyber Pakhtunkhwa,PK5112022,Haripur,35,2025-06-01,2025-06-15,1.28,128,59.36,5936,0.2550771608411545,2.5122008987979276,6989
PAK,Pakistan,admin2,PK52022,Khyber Pakhtunkhwa,PK5092022,D. I. Khan,35,2025-06-01,2025-06-15,62.63,6263,260.51,26051,1.5097296033078922,2.444455674204929,31044
PAK,Pakistan,admin2,PK52022,Khyber Pakhtunkhwa,PK5082022,Chitral Upper,35,2025-06-01,2025-06-15,0,0,189.93,18993,0,1.7743215884173578,2597
PAK,Pakistan,admin2,PK52022,Khyber Pakhtunkhwa,PK5072022,Chitral Lower,35,2025-06-01,2025-06-15,0.19,19,120.86,12086,0.6688644627962261,1.6098957283105422,6915
PAK,Pakistan,admin2,PK52022,Khyber Pakhtunkhwa,PK5062022,Charsadda,35,2025-06-01,2025-06-15,2.89,289,15.809999999999999,1581,0.5208182786968261,1.304854594426187,13741
PAK,Pakistan,admin2,PK52022,Khyber Pakhtunkhwa,PK5032022,Bannu,35,2025-06-01,2025-06-15,0.79,79,2.13,213,0.1239996545613991,0.10386385988393372,69
PAK,Pakistan,admin2,PK42022,Islamabad,PK4012022,Islamabad,35,2025-06-01,2025-06-15,0,0,1.25,125,0,0.1646385691428522,1235
PAK,Pakistan,admin2,PK32022,Gilgit Baltistan,PK3142022,Rondu,35,2025-06-01,2025-06-15,0,0,3.62,362,0,0.15656869535890758,22
PAK,Pakistan,admin2,PK32022,Gilgit Baltistan,PK3132022,Gupis-Yasin,35,2025-06-01,2025-06-15,0,0,52.040000000000006,5204,0,0.5444072115728225,246
PAK,Pakistan,admin2,PK32022,Gilgit Baltistan,PK3122022,Tangir,35,2025-06-01,2025-06-15,0,0,3,300,0,0.2459671831548812,24
PAK,Pakistan,admin2,PK32022,Gilgit Baltistan,PK3112022,Darel,35,2025-06-01,2025-06-15,0,0,0.06,6,0,0.014404891562235901,0
PAK,Pakistan,admin2,PK32022,Gilgit Baltistan,PK3102022,Shigar,35,2025-06-01,2025-06-15,0.01,1,114.82,11482,0.0516894336662403,1.0964428208220187,258
PAK,Pakistan,admin2,PK32022,Gilgit Baltistan,PK3092022,Kharmang,35,2025-06-01,2025-06-15,0,0,24.82,2482,0,0.34085011479315497,135
PAK,Pakistan,admin2,PK32022,Gilgit Baltistan,PK3082022,Nagar,35,2025-06-01,2025-06-15,0,0,23.230000000000004,2323,0,0.6193733833676628,686
PAK,Pakistan,admin2,PK32022,Gilgit Baltistan,PK3072022,Skardu,35,2025-06-01,2025-06-15,0,0,24.13,2413,0,0.9364076319090052,936
PAK,Pakistan,admin2,PK32022,Gilgit Baltistan,PK3062022,Hunza,35,2025-06-01,2025-06-15,0,0,343.02,34302,0,2.4076747654436974,987
PAK,Pakistan,admin2,PK32022,Gilgit Baltistan,PK3052022,Gilgit,35,2025-06-01,2025-06-15,0,0,2.5200000000000005,252,0,0.054527949689692864,16
PAK,Pakistan,admin2,PK32022,Gilgit Baltistan,PK3042022,Ghizer,35,2025-06-01,2025-06-15,0.17,17,31.049999999999997,3105,0.9245672556028564,0.5772264172052199,448
PAK,Pakistan,admin2,PK32022,Gilgit Baltistan,PK3032022,Ghanche,35,2025-06-01,2025-06-15,0,0,191.3,19130,0,1.7986814234340347,431
PAK,Pakistan,admin2,PK32022,Gilgit Baltistan,PK3022022,Diamir,35,2025-06-01,2025-06-15,0,0,0.83,83,0,0.030749086985295198,7
PAK,Pakistan,admin2,PK32022,Gilgit Baltistan,PK3012022,Astore,35,2025-06-01,2025-06-15,0,0,2.72,272,0,0.04981929730656871,25
PAK,Pakistan,admin2,PK22022,Balochistan,PK2362022,Usta Muhammad,35,2025-06-01,2025-06-15,0.37,37,0.37,37,0.0384948517062847,0.038494851706284694,22
PAK,Pakistan,admin2,PK22022,Balochistan,PK2342022,Duki,35,2025-06-01,2025-06-15,0,0,0.16,16,0,0.004360200525622154,5
PAK,Pakistan,admin2,PK22022,Balochistan,PK2312022,Zhob,35,2025-06-01,2025-06-15,0.24,24,6.08,608,0.1144993180555321,0.04337043330198706,132
PAK,Pakistan,admin2,PK22022,Balochistan,PK2292022,Sohbatpur,35,2025-06-01,2025-06-15,4.99,499,26.509999999999998,2651,0.71538129662881,2.964809376447304,3130
PAK,Pakistan,admin2,PK22022,Balochistan,PK2272022,Sherani,35,2025-06-01,2025-06-15,0.05,5,16.48,1648,0.2627636137313051,0.5128584827279984,316
PAK,Pakistan,admin2,PK22022,Balochistan,PK2262022,Quetta,35,2025-06-01,2025-06-15,0.02,2,0.69,69,0.0110386456490853,0.01628701129593775,126
PAK,Pakistan,admin2,PK22022,Balochistan,PK2172022,Lasbela,35,2025-06-01,2025-06-15,0.25,25,108.65,10865,0.0261364615199744,0.6929586875967355,1000
PAK,Pakistan,admin2,PK22022,Balochistan,PK2152022,Killa Saifullah,35,2025-06-01,2025-06-15,0.02,2,5.029999999999999,503,0.002544044265173,0.03482541107655669,49
PAK,Pakistan,admin2,PK22022,Balochistan,PK2142022,Killa Abdullah,35,2025-06-01,2025-06-15,0,0,0.28,28,0,0.008615063714006572,2
PAK,Pakistan,admin2,PK22022,Balochistan,PK2132022,Khuzdar,35,2025-06-01,2025-06-15,0.05,5,3.4499999999999997,345,0.0036361921066169,0.009859501437686739,35
PAK,Pakistan,admin2,PK22022,Balochistan,PK2112022,Kech,35,2025-06-01,2025-06-15,0.06,6,21.61,2161,0.0248800108626452,0.07985729606764815,471
PAK,Pakistan,admin2,PK22022,Balochistan,PK2092022,Kachhi,35,2025-06-01,2025-06-15,0.51,51,2.9299999999999997,293,0.0346281934523398,0.04775170295553179,106
PAK,Pakistan,admin2,PK22022,Balochistan,PK2082022,Jhal Magsi,35,2025-06-01,2025-06-15,2.3,230,2.3299999999999996,233,0.134401317751641,0.054027139710471864,96
PAK,Pakistan,admin2,PK22022,Balochistan,PK2072022_1,Jaffarabad,35,2025-06-01,2025-06-15,0.13,13,0.52,52,0.0181521713775247,0.0660855392081615,42
PAK,Pakistan,admin2,PK22022,Balochistan,PK2052022,Gwadar,35,2025-06-01,2025-06-15,0.15,15,230.64999999999998,23065,0.5760828474909144,1.7933665529758238,2935
PAK,Pakistan,admin2,PK22022,Balochistan,PK2042022,Dera Bugti,35,2025-06-01,2025-06-15,1.98,198,8.07,807,0.3300712565595042,0.06837327367825223,984
PAK,Pakistan,admin2,PK22022,Balochistan,PK2032022,Chagai,35,2025-06-01,2025-06-15,0.02,2,6.3,630,0.007745772213242,0.012349382237393272,16
PAK,Pakistan,admin2,PK22022,Balochistan,PK2012022,Awaran,35,2025-06-01,2025-06-15,0.41,41,10.11,1011,0.1470737803954237,0.03619130213139441,86
PAK,Pakistan,admin2,PK12022,Azad Kashmir,PK1082022,Neelum,35,2025-06-01,2025-06-15,0,0,2.04,204,0,0.05340474224255524,39
PAK,Pakistan,admin2,PK12022,Azad Kashmir,PK1072022,Muzaffarabad,35,2025-06-01,2025-06-15,0,0,0.16,16,0,0.009999471351477303,178
PAK,Pakistan,admin2,PK12022,Azad Kashmir,PK1062022,Mirpur,35,2025-06-01,2025-06-15,2.4,240,23.34,2334,0.9826712665958244,2.170728922069712,3579
PAK,Pakistan,admin2,PK12022,Azad Kashmir,PK1052022,Kotli,35,2025-06-01,2025-06-15,0.06,6,1.25,125,0.0336335734286856,0.06614922992335069,288
PAK,Pakistan,admin2,PK62022,Punjab,PK6012022,Attock,35,2025-06-01,2025-06-15,1.46,146,33.77,3377,0.0428264386620661,0.40651400340863997,6658
PAK,Pakistan,admin2,PK62022,Punjab,PK6022022,Bahawalnagar,35,2025-06-01,2025-06-15,1.83,183,3.93,393,0.0285270048493524,0.041525520022866885,986
PAK,Pakistan,admin2,PK62022,Punjab,PK6032022,Bahawalpur,35,2025-06-01,2025-06-15,0.36,36,0.9099999999999999,91,0.0051829245760772,0.008075837209914928,206
PAK,Pakistan,admin2,PK62022,Punjab,PK6042022,Bhakkar,35,2025-06-01,2025-06-15,14.41,1441,82.88,8288,0.3381657196728912,0.8448809268130779,6994
PAK,Pakistan,admin2,PK62022,Punjab,PK6052022,Chakwal,35,2025-06-01,2025-06-15,0.45,45,8.52,852,0.0137775323422619,0.10996640411457977,2999
PAK,Pakistan,admin2,PK62022,Punjab,PK6062022,Chiniot,35,2025-06-01,2025-06-15,1.86,186,12.27,1227,0.0812188853583875,0.41564948990627404,4149
PAK,Pakistan,admin2,PK62022,Punjab,PK6072022,Dera Ghazi Khan,35,2025-06-01,2025-06-15,80.84,8084,250.42999999999998,25043,1.6993816582753885,1.8295120149032764,34312
PAK,Pakistan,admin2,PK62022,Punjab,PK6082022,Faisalabad,35,2025-06-01,2025-06-15,0.47,47,1,100,0.009454043464809,0.01433142100096977,1026
PAK,Pakistan,admin2,PK62022,Punjab,PK6092022,Gujranwala,35,2025-06-01,2025-06-15,8.96,896,46.33,4633,0.2512268309551745,1.080605912024704,27420
PAK,Pakistan,admin2,PK62022,Punjab,PK6102022,Gujrat,35,2025-06-01,2025-06-15,6.45,645,40.99,4099,0.2478706707516736,1.0853793320523386,21523
PAK,Pakistan,admin2,PK62022,Punjab,PK6112022,Hafizabad,35,2025-06-01,2025-06-15,5.37,537,27.740000000000002,2774,0.2272561841613017,1.0296631698507535,11842
PAK,Pakistan,admin2,PK62022,Punjab,PK6122022,Jhang,35,2025-06-01,2025-06-15,3.84,384,24.67,2467,0.0733724428735175,0.3316149845050244,5653
PAK,Pakistan,admin2,PK62022,Punjab,PK6132022,Jhelum,35,2025-06-01,2025-06-15,3.4,340,32.97,3297,0.2073293136316437,0.7741055022559296,9402
PAK,Pakistan,admin2,PK62022,Punjab,PK6142022,Kasur,35,2025-06-01,2025-06-15,2.29,229,2.71,271,0.062427875064498,0.06114575383375168,774
PAK,Pakistan,admin2,PK62022,Punjab,PK6152022,Khanewal,35,2025-06-01,2025-06-15,2.17,217,19.509999999999998,1951,0.053144706808331,0.38518398610149307,7162
PAK,Pakistan,admin2,PK62022,Punjab,PK6162022,Khushab,35,2025-06-01,2025-06-15,0.85,85,8.78,878,0.0265087402098819,0.1122600263310907,2019
PAK,Pakistan,admin2,PK62022,Punjab,PK6172022,Lahore,35,2025-06-01,2025-06-15,0.9,90,3.47,347,0.0887213067755474,0.17057186635038352,5391
PAK,Pakistan,admin2,PK62022,Punjab,PK6182022,Leiah,35,2025-06-01,2025-06-15,109.02,10902,237.04,23704,2.4298014955461844,3.15915894639573,34122
PAK,Pakistan,admin2,PK62022,Punjab,PK6192022,Lodhran,35,2025-06-01,2025-06-15,0.04,4,0.12,12,0.0014528574258591,0.004354766240417537,18
PAK,Pakistan,admin2,PK72022,Sindh,PK7262022,Tharparkar,35,2025-06-01,2025-06-15,0.24,24,23.96,2396,0.0069689978890768,0.11051409958808205,657
PAK,Pakistan,admin2,PK72022,Sindh,PK7252022,Tando Muhammad Khan,35,2025-06-01,2025-06-15,2.55,255,16.759999999999998,1676,0.1841001042511967,0.901928687699248,4040
PAK,Pakistan,admin2,PK72022,Sindh,PK7242022,Tando Allahyar,35,2025-06-01,2025-06-15,0.55,55,2.44,244,0.0512430691693745,0.1459625177075147,603
PAK,Pakistan,admin2,PK72022,Sindh,PK7232022,Sukkur,35,2025-06-01,2025-06-15,7.8,780,55.55,5555,0.4706491344776611,0.947776103198437,9927
PAK,Pakistan,admin2,PK72022,Sindh,PK7222022,Sujawal,35,2025-06-01,2025-06-15,14.51,1451,2014.83,201483,0.5588093679167622,21.05261740994485,55390
PAK,Pakistan,admin2,PK72022,Sindh,PK7212022,South Karachi,35,2025-06-01,2025-06-15,0,0,14.25,1425,0,2.613426673270926,29152
PAK,Pakistan,admin2,PK72022,Sindh,PK7202022,Shikarpur,35,2025-06-01,2025-06-15,4.45,445,22.339999999999996,2234,0.2067682260200922,0.7704644136651786,3281
PAK,Pakistan,admin2,PK72022,Sindh,PK7192022,Shaheed Benazir Abad,35,2025-06-01,2025-06-15,13.55,1355,72.33,7233,0.4471860495088043,1.408633020295116,13609
PAK,Pakistan,admin2,PK72022,Sindh,PK7182022,Sanghar,35,2025-06-01,2025-06-15,4.85,485,75.15,7515,0.123227767000669,0.662393599857688,7891
PAK,Pakistan,admin2,PK72022,Sindh,PK7172022,Naushahro Feroze,35,2025-06-01,2025-06-15,18.31,1831,77.50999999999999,7751,0.7269959624674167,2.2675364041637462,11854
PAK,Pakistan,admin2,PK72022,Sindh,PK7152022,Matiari,35,2025-06-01,2025-06-15,10.95,1095,42.93,4293,0.9734607188335864,2.6407876719772228,11434
PAK,Pakistan,admin2,PK72022,Sindh,PK7142022,Malir Karachi,35,2025-06-01,2025-06-15,0.54,54,196,19600,0.2183506171774544,6.480447460504803,32948
PAK,Pakistan,admin2,PK72022,Sindh,PK7132022,Larkana,35,2025-06-01,2025-06-15,3.92,392,41.57,4157,0.2548408025109209,1.9116551261512749,8830
PAK,Pakistan,admin2,PK72022,Sindh,PK7122022,Korangi Karachi,35,2025-06-01,2025-06-15,0,0,3.47,347,0,3.2574626948090435,6701
PAK,Pakistan,admin2,PK72022,Sindh,PK7112022,Khairpur,35,2025-06-01,2025-06-15,10.35,1035,67.16,6716,0.3226373869575719,0.3729435448950964,14498
PAK,Pakistan,admin2,PK72022,Sindh,PK7102022,Kashmore,35,2025-06-01,2025-06-15,31.78,3178,132.01,13201,1.5017621925405569,4.429839014395216,23194
PAK,Pakistan,admin2,PK72022,Sindh,PK7092022,Kambar Shahdad Kot,35,2025-06-01,2025-06-15,7.46,746,10.969999999999999,1097,0.217310686185309,0.17437739940739547,1483
PAK,Pakistan,admin2,PK72022,Sindh,PK7082022,Jamshoro,35,2025-06-01,2025-06-15,8.42,842,58.55,5855,0.5333970630741842,0.4676444684618335,6949
PAK,Pakistan,admin2,PK72022,Sindh,PK7072022,Jacobabad,35,2025-06-01,2025-06-15,6.64,664,27.25,2725,0.2698309148842503,0.8890019112373659,4272
PAK,Pakistan,admin2,PK72022,Sindh,PK7062022,Hyderabad,35,2025-06-01,2025-06-15,1.86,186,12.530000000000001,1253,0.3578589306966902,1.10672356517428,18780
PAK,Pakistan,admin2,PK72022,Sindh,PK7052022,Ghotki,35,2025-06-01,2025-06-15,10.54,1054,53.25,5325,0.3401516202718775,0.7368292054238966,4526
PAK,Pakistan,admin2,PK72022,Sindh,PK7032022,Dadu,35,2025-06-01,2025-06-15,3.74,374,23.91,2391,0.1110048706311388,0.26670386463197454,2609
PAK,Pakistan,admin2,PK72022,Sindh,PK7012022,Badin,35,2025-06-01,2025-06-15,6.43,643,63.34,6334,0.1290126025401945,0.8816638563655124,4222
PAK,Pakistan,admin2,PK62022,Punjab,PK6362022,Vehari,35,2025-06-01,2025-06-15,0.57,57,2.9499999999999997,295,0.012592275126527,0.059593874695577975,1260
PAK,Pakistan,admin2,PK62022,Punjab,PK6352022,Toba Tek Singh,35,2025-06-01,2025-06-15,0.05,5,0.12,12,0.0017965514919345,0.004248509599229615,41
PAK,Pakistan,admin2,PK62022,Punjab,PK6342022,Sialkot,35,2025-06-01,2025-06-15,4.3,430,18.65,1865,0.1405341412412337,0.5116914186193895,12305
PAK,Pakistan,admin2,PK62022,Punjab,PK6332022,Sheikhupura,35,2025-06-01,2025-06-15,1.6,160,4.29,429,0.0447539766952222,0.10633860724351815,1899
PAK,Pakistan,admin2,PK62022,Punjab,PK6322022,Sargodha,35,2025-06-01,2025-06-15,7.83,783,38.42,3842,0.1657929072255641,0.5551074946447011,13386
PAK,Pakistan,admin2,PK62022,Punjab,PK6302022,Rawalpindi,35,2025-06-01,2025-06-15,0.93,93,21.18,2118,0.0408700123526876,0.3372119481706189,4028
PAK,Pakistan,admin2,PK62022,Punjab,PK6292022,Rajanpur,35,2025-06-01,2025-06-15,49.77,4977,160.94,16094,0.90942701408147,1.1127866843752885,18497
PAK,Pakistan,admin2,PK62022,Punjab,PK6282022,Rahim Yar Khan,35,2025-06-01,2025-06-15,20.89,2089,110.02,11002,0.3000923675738877,0.7503442591528506,13724
PAK,Pakistan,admin2,PK62022,Punjab,PK6262022,Okara,35,2025-06-01,2025-06-15,0.94,94,1.7999999999999998,180,0.0210364555455769,0.03825603648375672,918
PAK,Pakistan,admin2,PK62022,Punjab,PK6252022,Narowal,35,2025-06-01,2025-06-15,0.09,9,0.16,16,0.0036306746158876,0.006095205587474841,56
PAK,Pakistan,admin2,PK62022,Punjab,PK6242022,Nankana Sahib,35,2025-06-01,2025-06-15,1.15,115,1.74,174,0.0532369219484636,0.06744513174365989,660
PAK,Pakistan,admin2,PK62022,Punjab,PK6232022,Muzaffargarh,35,2025-06-01,2025-06-15,91.94,9194,288.1,28810,1.6225738939780254,3.232630853599442,60825
PAK,Pakistan,admin2,PK62022,Punjab,PK6222022,Multan,35,2025-06-01,2025-06-15,0.55,55,4.54,454,0.0187459099832763,0.11808002431242877,1541
PAK,Pakistan,admin2,PK62022,Punjab,PK6212022,Mianwali,35,2025-06-01,2025-06-15,182.66,18266,393.02,39302,5.08995156731044,5.535153511132648,50389
PAK,Pakistan,admin2,PK62022,Punjab,PK6202022,Mandi Bahauddin,35,2025-06-01,2025-06-15,13.91,1391,55.18000000000001,5518,0.5545692082844244,1.6938518519026775,25183
PAK,Pakistan,admin2,PK52022,Khyber Pakhtunkhwa,PK5192022,Lakki Marwat,34,2025-05-16,2025-05-31,0,0,0.16,16,0,0.18331863339553284,1003
PAK,Pakistan,admin2,PK52022,Khyber Pakhtunkhwa,PK5182022,Kurram,34,2025-05-16,2025-05-31,0,0,0.89,89,0,0.2673307038059435,22
PAK,Pakistan,admin2,PK52022,Khyber Pakhtunkhwa,PK5172022,Kolai Palas Kohistan,34,2025-05-16,2025-05-31,0,0,1.81,181,0,0.12218280352817185,77
PAK,Pakistan,admin2,PK52022,Khyber Pakhtunkhwa,PK5162022,Kohistan Upper,34,2025-05-16,2025-05-31,0,0,43.980000000000004,4398,0,0.6538342719801196,928
PAK,Pakistan,admin2,PK52022,Khyber Pakhtunkhwa,PK5152022,Kohistan Lower,34,2025-05-16,2025-05-31,0,0,0.97,97,0,0.1592279808656053,36
PAK,Pakistan,admin2,PK52022,Khyber Pakhtunkhwa,PK5142022,Kohat,34,2025-05-16,2025-05-31,0.19,19,16.61,1661,0.0285737033465733,0.4103678019583233,1484
PAK,Pakistan,admin2,PK52022,Khyber Pakhtunkhwa,PK5132022,Khyber,34,2025-05-16,2025-05-31,0.24,24,12.3,1230,0.1447618218606435,0.3750034881960041,883
PAK,Pakistan,admin2,PK52022,Khyber Pakhtunkhwa,PK5122022,Karak,34,2025-05-16,2025-05-31,0,0,0.67,67,0,0.02482263980500102,103
PAK,Pakistan,admin2,PK52022,Khyber Pakhtunkhwa,PK5112022,Haripur,34,2025-05-16,2025-05-31,1.16,116,60.58,6058,0.2311636770122962,2.563833060127669,6588
PAK,Pakistan,admin2,PK52022,Khyber Pakhtunkhwa,PK5092022,D. I. Khan,34,2025-05-16,2025-05-31,41.1,4110,221.5,22150,0.9907374532325464,2.0784113156362203,22298
PAK,Pakistan,admin2,PK52022,Khyber Pakhtunkhwa,PK5082022,Chitral Upper,34,2025-05-16,2025-05-31,0.04,4,1002.37,100237,0.181653042688465,9.34269860791775,9088
PAK,Pakistan,admin2,PK52022,Khyber Pakhtunkhwa,PK5072022,Chitral Lower,34,2025-05-16,2025-05-31,0.15,15,496.45,49645,0.5280508916812312,6.612880475920639,5744
PAK,Pakistan,admin2,PK52022,Khyber Pakhtunkhwa,PK5062022,Charsadda,34,2025-05-16,2025-05-31,5.08,508,24.43,2443,0.9154868013079156,2.0162933423043485,24313
PAK,Pakistan,admin2,PK52022,Khyber Pakhtunkhwa,PK5042022,Batagram,34,2025-05-16,2025-05-31,0,0,0.09,9,0,0.04515075927051318,6
PAK,Pakistan,admin2,PK52022,Khyber Pakhtunkhwa,PK5032022,Bannu,34,2025-05-16,2025-05-31,0.76,76,2.4,240,0.119290806919827,0.11702970127767175,92
PAK,Pakistan,admin2,PK52022,Khyber Pakhtunkhwa,PK5022022,Bajaur,34,2025-05-16,2025-05-31,0.09,9,0.12,12,0.0174225418084066,0.009983877668917193,97
PAK,Pakistan,admin2,PK42022,Islamabad,PK4012022,Islamabad,34,2025-05-16,2025-05-31,0.04,4,2.6900000000000004,269,0.015120333394457,0.2627509176459447,3188
PAK,Pakistan,admin2,PK32022,Gilgit Baltistan,PK3142022,Rondu,34,2025-05-16,2025-05-31,0,0,7.7,770,0,0.333032860293809,52
PAK,Pakistan,admin2,PK32022,Gilgit Baltistan,PK3132022,Gupis-Yasin,34,2025-05-16,2025-05-31,0.01,1,448.41,44841,0.0285388127853881,4.6735804784897175,1888
PAK,Pakistan,admin2,PK32022,Gilgit Baltistan,PK3122022,Tangir,34,2025-05-16,2025-05-31,0,0,4.68,468,0,0.3867815101584918,29
PAK,Pakistan,admin2,PK32022,Gilgit Baltistan,PK3102022,Shigar,34,2025-05-16,2025-05-31,0.01,1,211.41,21141,0.0516894336662403,2.0106268952022983,583
PAK,Pakistan,admin2,PK32022,Gilgit Baltistan,PK3092022,Kharmang,34,2025-05-16,2025-05-31,0,0,120.56,12056,0,1.6556361740315377,770
PAK,Pakistan,admin2,PK32022,Gilgit Baltistan,PK3082022,Nagar,34,2025-05-16,2025-05-31,0,0,47.42,4742,0,1.2643429117216778,914
PAK,Pakistan,admin2,PK32022,Gilgit Baltistan,PK3072022,Skardu,34,2025-05-16,2025-05-31,0.13,13,61.55,6155,0.569763844487986,2.3675939104855592,2023
PAK,Pakistan,admin2,PK32022,Gilgit Baltistan,PK3062022,Hunza,34,2025-05-16,2025-05-31,0,0,645.79,64579,0,4.53283274087775,1457
PAK,Pakistan,admin2,PK32022,Gilgit Baltistan,PK3052022,Gilgit,34,2025-05-16,2025-05-31,0,0,11.469999999999999,1147,0,0.23265379562515243,73
PAK,Pakistan,admin2,PK32022,Gilgit Baltistan,PK3042022,Ghizer,34,2025-05-16,2025-05-31,0.24,24,116.9,11690,1.305271419674621,2.1723974125868275,782
PAK,Pakistan,admin2,PK32022,Gilgit Baltistan,PK3032022,Ghanche,34,2025-05-16,2025-05-31,0,0,137.34000000000003,13734,0,1.2913272697042886,423
PAK,Pakistan,admin2,PK32022,Gilgit Baltistan,PK3022022,Diamir,34,2025-05-16,2025-05-31,0,0,4.3,430,0,0.09409399254437464,48
PAK,Pakistan,admin2,PK32022,Gilgit Baltistan,PK3012022,Astore,34,2025-05-16,2025-05-31,0,0,9.55,955,0,0.15773107982098117,80
PAK,Pakistan,admin2,PK22022,Balochistan,PK2362022,Usta Muhammad,34,2025-05-16,2025-05-31,0.05,5,0.060000000000000005,6,0.0052020069873357,0.005491854037000796,3
PAK,Pakistan,admin2,PK22022,Balochistan,PK2332022,Shaheed Sikandarabad,34,2025-05-16,2025-05-31,0,0,0.28,28,0,0.0071234481695367,6
PAK,Pakistan,admin2,PK22022,Balochistan,PK2312022,Zhob,34,2025-05-16,2025-05-31,0.52,52,7.5600000000000005,756,0.2480818557869864,0.05392770982944444,151
PAK,Pakistan,admin2,PK22022,Balochistan,PK2302022,Washuk,34,2025-05-16,2025-05-31,0,0,0.16,16,0,0.0003634310089206454,0
PAK,Pakistan,admin2,PK22022,Balochistan,PK2292022,Sohbatpur,34,2025-05-16,2025-05-31,1.9,190,22.26,2226,0.272389672063074,2.489500442086647,2657
PAK,Pakistan,admin2,PK22022,Balochistan,PK2272022,Sherani,34,2025-05-16,2025-05-31,0.05,5,16.69,1669,0.2627636137313051,0.5193936939763529,323
PAK,Pakistan,admin2,PK22022,Balochistan,PK2262022,Quetta,34,2025-05-16,2025-05-31,0.02,2,1.14,114,0.0110386456490853,0.026908975184592995,187
PAK,Pakistan,admin2,PK22022,Balochistan,PK2242022,Panjgur,34,2025-05-16,2025-05-31,0,0,0.28,28,0,0.0014332953267843,3
PAK,Pakistan,admin2,PK22022,Balochistan,PK2172022,Lasbela,34,2025-05-16,2025-05-31,0.19,19,113.75,11375,0.0198637107551805,0.7254859706776683,1001
PAK,Pakistan,admin2,PK22022,Balochistan,PK2152022,Killa Saifullah,34,2025-05-16,2025-05-31,0.02,2,6.36,636,0.002544044265173,0.044033720565984154,61
PAK,Pakistan,admin2,PK22022,Balochistan,PK2142022,Killa Abdullah,34,2025-05-16,2025-05-31,0,0,0.6,60,0,0.01846085081572871,5
PAK,Pakistan,admin2,PK22022,Balochistan,PK2132022,Khuzdar,34,2025-05-16,2025-05-31,0.05,5,2.61,261,0.0036361921066169,0.00787842926079046,32
PAK,Pakistan,admin2,PK22022,Balochistan,PK2112022,Kech,34,2025-05-16,2025-05-31,0.01,1,22.85,2285,0.0041466684771075,0.08375775880495198,425
PAK,Pakistan,admin2,PK22022,Balochistan,PK2092022,Kachhi,34,2025-05-16,2025-05-31,0.57,57,3.17,317,0.0387020985643798,0.051617510207316884,115
PAK,Pakistan,admin2,PK22022,Balochistan,PK2072022_1,Jaffarabad,34,2025-05-16,2025-05-31,0.01,1,0.24000000000000002,24,0.0013963208751942,0.03325097739944078,16
PAK,Pakistan,admin2,PK22022,Balochistan,PK2052022,Gwadar,34,2025-05-16,2025-05-31,0.49,49,246.77,24677,1.8818706351369872,1.917776516076711,2936
PAK,Pakistan,admin2,PK22022,Balochistan,PK2042022,Dera Bugti,34,2025-05-16,2025-05-31,1.76,176,7.470000000000001,747,0.2933966724973371,0.06328975890663384,895
PAK,Pakistan,admin2,PK22022,Balochistan,PK2032022,Chagai,34,2025-05-16,2025-05-31,0.01,1,14.46,1446,0.003872886106621,0.028344772563921723,39
PAK,Pakistan,admin2,PK22022,Balochistan,PK2012022,Awaran,34,2025-05-16,2025-05-31,0.45,45,11.27,1127,0.1614224418974163,0.04034381553123781,98
PAK,Pakistan,admin2,PK12022,Azad Kashmir,PK1082022,Neelum,34,2025-05-16,2025-05-31,0,0,6.180000000000001,618,0,0.16178495444068294,99
PAK,Pakistan,admin2,PK12022,Azad Kashmir,PK1062022,Mirpur,34,2025-05-16,2025-05-31,1.66,166,21.84,2184,0.6796809593954453,2.031221921936697,3166
PAK,Pakistan,admin2,PK12022,Azad Kashmir,PK1052022,Kotli,34,2025-05-16,2025-05-31,0.02,2,1.06,106,0.0112111911428952,0.05609454697500132,243
PAK,Pakistan,admin2,PK52022,Khyber Pakhtunkhwa,PK5202022,Lower Dir,34,2025-05-16,2025-05-31,0.2,20,0.5800000000000001,58,0.0512935736393675,0.03066726748799345,1035
PAK,Pakistan,admin2,PK52022,Khyber Pakhtunkhwa,PK5222022,Mansehra,34,2025-05-16,2025-05-31,0.03,3,3.3899999999999997,339,0.0087485932204921,0.10530004501426173,264
PAK,Pakistan,admin2,PK52022,Khyber Pakhtunkhwa,PK5242022,Mohmand,34,2025-05-16,2025-05-31,0.19,19,2.1,210,0.0424832638300122,0.07635885719751485,1148
PAK,Pakistan,admin2,PK52022,Khyber Pakhtunkhwa,PK5252022,North Waziristan,34,2025-05-16,2025-05-31,0.02,2,1.7600000000000002,176,0.0130700160761197,0.03004207919329024,102
PAK,Pakistan,admin2,PK52022,Khyber Pakhtunkhwa,PK5262022,Nowshera,34,2025-05-16,2025-05-31,6.73,673,26.89,2689,1.353302953443823,1.2896429630241788,18956
PAK,Pakistan,admin2,PK52022,Khyber Pakhtunkhwa,PK5282022,Peshawar,34,2025-05-16,2025-05-31,1.36,136,6.75,675,0.2060644139056877,0.3629739915770631,6515
PAK,Pakistan,admin2,PK52022,Khyber Pakhtunkhwa,PK5292022,Shangla,34,2025-05-16,2025-05-31,0.59,59,1.99,199,1.5550178653930231,0.12017131321183934,923
PAK,Pakistan,admin2,PK52022,Khyber Pakhtunkhwa,PK5302022,South Waziristan,34,2025-05-16,2025-05-31,0.05,5,18.12,1812,0.0255300130833808,0.2458397268634757,434
PAK,Pakistan,admin2,PK52022,Khyber Pakhtunkhwa,PK5312022,Swabi,34,2025-05-16,2025-05-31,5.27,527,39.769999999999996,3977,0.5698037468438938,2.2179613192672365,23956
PAK,Pakistan,admin2,PK52022,Khyber Pakhtunkhwa,PK5322022,Swat,34,2025-05-16,2025-05-31,0.62,62,41.269999999999996,4127,0.1889913325777663,0.6448254838957583,4185
PAK,Pakistan,admin2,PK52022,Khyber Pakhtunkhwa,PK5342022,Tor Ghar,34,2025-05-16,2025-05-31,1.24,124,15.39,1539,9.142903406757998,2.7827928250468563,6915
PAK,Pakistan,admin2,PK52022,Khyber Pakhtunkhwa,PK5352022,Upper Dir,34,2025-05-16,2025-05-31,0,0,17.669999999999998,1767,0,0.7366974714886868,634
PAK,Pakistan,admin2,PK62022,Punjab,PK6012022,Attock,34,2025-05-16,2025-05-31,1.16,116,32.400000000000006,3240,0.0340264855123265,0.3900223189351478,5816
PAK,Pakistan,admin2,PK62022,Punjab,PK6022022,Bahawalnagar,34,2025-05-16,2025-05-31,2.91,291,5.09,509,0.0453626142686423,0.05272121316558376,1177
PAK,Pakistan,admin2,PK62022,Punjab,PK6032022,Bahawalpur,34,2025-05-16,2025-05-31,0.08,8,0.48,48,0.001151761016906,0.006596110238224918,107
PAK,Pakistan,admin2,PK62022,Punjab,PK6042022,Bhakkar,34,2025-05-16,2025-05-31,10.79,1079,74.41,7441,0.2532136096648505,0.7585375212857279,5958
PAK,Pakistan,admin2,PK62022,Punjab,PK6052022,Chakwal,34,2025-05-16,2025-05-31,0.3,30,8.88,888,0.0091850215615079,0.11461287189406892,3060
PAK,Pakistan,admin2,PK62022,Punjab,PK6062022,Chiniot,34,2025-05-16,2025-05-31,6.21,621,30.45,3045,0.2711662785352618,0.99304232833093,10417
PAK,Pakistan,admin2,PK62022,Punjab,PK6072022,Dera Ghazi Khan,34,2025-05-16,2025-05-31,73.69,7369,240.24,24024,1.5490776150211945,1.7550691469087696,33069
PAK,Pakistan,admin2,PK62022,Punjab,PK6082022,Faisalabad,34,2025-05-16,2025-05-31,0.31,31,1.2,120,0.0062356456895548,0.018766566439504886,761
PAK,Pakistan,admin2,PK62022,Punjab,PK6092022,Gujranwala,34,2025-05-16,2025-05-31,10.35,1035,50.56999999999999,5057,0.290200636203801,1.179500128881703,30138
PAK,Pakistan,admin2,PK62022,Punjab,PK6102022,Gujrat,34,2025-05-16,2025-05-31,11.79,1179,56.3,5630,0.4530845283972453,1.4907747351682523,31381
PAK,Pakistan,admin2,PK62022,Punjab,PK6112022,Hafizabad,34,2025-05-16,2025-05-31,5.72,572,31.369999999999997,3137,0.242068039739785,1.1644027987821963,12381
PAK,Pakistan,admin2,PK62022,Punjab,PK6122022,Jhang,34,2025-05-16,2025-05-31,3.98,398,25.03,2503,0.0760474798532812,0.3364541168285677,6532
PAK,Pakistan,admin2,PK62022,Punjab,PK6132022,Jhelum,34,2025-05-16,2025-05-31,5.86,586,39.81,3981,0.3573381699651272,0.934702458137961,16089
PAK,Pakistan,admin2,PK62022,Punjab,PK6142022,Kasur,34,2025-05-16,2025-05-31,0.39,39,1.3399999999999999,134,0.0106318215175345,0.030234431784954493,381
PAK,Pakistan,admin2,PK62022,Punjab,PK6152022,Khanewal,34,2025-05-16,2025-05-31,2.78,278,21.54,2154,0.0680840022705807,0.42526207384039766,8307
PAK,Pakistan,admin2,PK62022,Punjab,PK6162022,Khushab,34,2025-05-16,2025-05-31,0.96,96,10.780000000000001,1078,0.0299392830605725,0.13783178631539378,2388
PAK,Pakistan,admin2,PK62022,Punjab,PK6172022,Lahore,34,2025-05-16,2025-05-31,0.97,97,4.17,417,0.09562185285809,0.20498117656515807,8465
PAK,Pakistan,admin2,PK62022,Punjab,PK6182022,Leiah,34,2025-05-16,2025-05-31,97.16,9716,221.16,22116,2.1654697606610465,2.9475176872463713,31029
PAK,Pakistan,admin2,PK62022,Punjab,PK6202022,Mandi Bahauddin,34,2025-05-16,2025-05-31,14.94,1494,64.69999999999999,6470,0.5956336428302875,1.9860858067796885,31810
PAK,Pakistan,admin2,PK62022,Punjab,PK6212022,Mianwali,34,2025-05-16,2025-05-31,161.28,16128,353.11,35311,4.494182572954275,4.973075304859929,42720
PAK,Pakistan,admin2,PK62022,Punjab,PK6222022,Multan,34,2025-05-16,2025-05-31,1.17,117,7.04,704,0.0398776630553334,0.16665485823419815,2235
PAK,Pakistan,admin2,PK62022,Punjab,PK6232022,Muzaffargarh,34,2025-05-16,2025-05-31,80.17,8017,269.94,26994,1.4148547866023309,3.028866270810945,57560
PAK,Pakistan,admin2,PK62022,Punjab,PK6242022,Nankana Sahib,34,2025-05-16,2025-05-31,1.16,116,1.6800000000000002,168,0.0536998517045372,0.06783782775041247,470
PAK,Pakistan,admin2,PK62022,Punjab,PK6262022,Okara,34,2025-05-16,2025-05-31,0.55,55,1.79,179,0.0123085644149652,0.03562327475005336,916
PAK,Pakistan,admin2,PK62022,Punjab,PK6272022,Pakpattan,34,2025-05-16,2025-05-31,0.12,12,0.12,12,0.0040577129305745,0.0040577129305745,38
PAK,Pakistan,admin2,PK62022,Punjab,PK6282022,Rahim Yar Khan,34,2025-05-16,2025-05-31,21.81,2181,118.35,11835,0.3133084986494251,0.8071554541968722,14275
PAK,Pakistan,admin2,PK62022,Punjab,PK6292022,Rajanpur,34,2025-05-16,2025-05-31,44.55,4455,137.10999999999999,13711,0.8140440722790736,0.9480190275549635,15837
PAK,Pakistan,admin2,PK62022,Punjab,PK6302022,Rawalpindi,34,2025-05-16,2025-05-31,0.95,95,20.130000000000003,2013,0.0417489373495196,0.3204946419581945,3635
PAK,Pakistan,admin2,PK62022,Punjab,PK6322022,Sargodha,34,2025-05-16,2025-05-31,4.06,406,28.41,2841,0.0859666926354777,0.43018577775196193,10318
PAK,Pakistan,admin2,PK62022,Punjab,PK6332022,Sheikhupura,34,2025-05-16,2025-05-31,2.62,262,6.29,629,0.0732846368384264,0.15591371551555466,2748
PAK,Pakistan,admin2,PK62022,Punjab,PK6342022,Sialkot,34,2025-05-16,2025-05-31,4.52,452,21.509999999999998,2151,0.1477242600954363,0.6346878401074253,13594
PAK,Pakistan,admin2,PK62022,Punjab,PK6352022,Toba Tek Singh,34,2025-05-16,2025-05-31,0.05,5,0.12,12,0.0017965514919345,0.004248509599229615,41
PAK,Pakistan,admin2,PK62022,Punjab,PK6362022,Vehari,34,2025-05-16,2025-05-31,1.13,113,4.09,409,0.0249636331455711,0.07844814281778682,2044
PAK,Pakistan,admin2,PK72022,Sindh,PK7012022,Badin,34,2025-05-16,2025-05-31,10.69,1069,69.27000000000001,6927,0.214485959744118,0.9527955436105325,6456
PAK,Pakistan,admin2,PK72022,Sindh,PK7032022,Dadu,34,2025-05-16,2025-05-31,2.82,282,27.57,2757,0.0836988596737463,0.30553120674672507,2748
PAK,Pakistan,admin2,PK72022,Sindh,PK7052022,Ghotki,34,2025-05-16,2025-05-31,8.42,842,55.959999999999994,5596,0.271734026820608,0.774334359940356,4398
PAK,Pakistan,admin2,PK72022,Sindh,PK7062022,Hyderabad,34,2025-05-16,2025-05-31,1.59,159,7.43,743,0.3059116665632996,0.6562614596364642,5356
PAK,Pakistan,admin2,PK72022,Sindh,PK7072022,Jacobabad,34,2025-05-16,2025-05-31,9.81,981,34.660000000000004,3466,0.398650794429894,1.1308226561777097,5965
PAK,Pakistan,admin2,PK72022,Sindh,PK7082022,Jamshoro,34,2025-05-16,2025-05-31,5.61,561,53.98,5398,0.3553868793166476,0.43114343992433446,5805
PAK,Pakistan,admin2,PK72022,Sindh,PK7092022,Kambar Shahdad Kot,34,2025-05-16,2025-05-31,13.92,1392,19.15,1915,0.4054912535790216,0.3044053964130924,1790
PAK,Pakistan,admin2,PK72022,Sindh,PK7102022,Kashmore,34,2025-05-16,2025-05-31,14.82,1482,95.56,9556,0.7003183037586863,3.2066920401151937,17196
PAK,Pakistan,admin2,PK72022,Sindh,PK7112022,Khairpur,34,2025-05-16,2025-05-31,9.14,914,57.64,5764,0.2849184267432084,0.32007840869197973,14133
PAK,Pakistan,admin2,PK72022,Sindh,PK7122022,Korangi Karachi,34,2025-05-16,2025-05-31,0,0,2.4699999999999998,247,0,2.319148058742177,3892
PAK,Pakistan,admin2,PK72022,Sindh,PK7132022,Larkana,34,2025-05-16,2025-05-31,3.18,318,30.03,3003,0.2067330999961042,1.4289802338070028,6262
PAK,Pakistan,admin2,PK72022,Sindh,PK7142022,Malir Karachi,34,2025-05-16,2025-05-31,0.55,55,183.26,18326,0.222394147125185,6.059218375571991,27170
PAK,Pakistan,admin2,PK72022,Sindh,PK7152022,Matiari,34,2025-05-16,2025-05-31,7.14,714,28.959999999999997,2896,0.6347497289928591,1.7814398085362302,7711
PAK,Pakistan,admin2,PK72022,Sindh,PK7162022,Mirpur Khas,34,2025-05-16,2025-05-31,0,0,0.16,16,0,0.4942716580027791,21
PAK,Pakistan,admin2,PK72022,Sindh,PK7172022,Naushahro Feroze,34,2025-05-16,2025-05-31,12.74,1274,47.39,4739,0.5058398996086777,1.3863830498428582,7857
PAK,Pakistan,admin2,PK72022,Sindh,PK7182022,Sanghar,34,2025-05-16,2025-05-31,9.26,926,108.47999999999999,10848,0.2352761077167413,0.9561737553235129,12163
PAK,Pakistan,admin2,PK72022,Sindh,PK7192022,Shaheed Benazir Abad,34,2025-05-16,2025-05-31,12.8,1280,65.35,6535,0.4224340541485384,1.2726696513112343,12168
PAK,Pakistan,admin2,PK72022,Sindh,PK7202022,Shikarpur,34,2025-05-16,2025-05-31,1.89,189,13.549999999999999,1355,0.087818415096174,0.4673139124961133,2482
PAK,Pakistan,admin2,PK72022,Sindh,PK7212022,South Karachi,34,2025-05-16,2025-05-31,0,0,11.34,1134,0,2.079737436834548,22959
PAK,Pakistan,admin2,PK72022,Sindh,PK7222022,Sujawal,34,2025-05-16,2025-05-31,14.47,1447,2353.9999999999995,235400,0.5572688872333251,24.596547293325088,61260
PAK,Pakistan,admin2,PK72022,Sindh,PK7232022,Sukkur,34,2025-05-16,2025-05-31,6.65,665,47.489999999999995,4749,0.4012585569585187,0.8102589944355313,10383
PAK,Pakistan,admin2,PK72022,Sindh,PK7242022,Tando Allahyar,34,2025-05-16,2025-05-31,1.48,148,4.609999999999999,461,0.1378904406739534,0.2683949699967507,1213
PAK,Pakistan,admin2,PK72022,Sindh,PK7252022,Tando Muhammad Khan,34,2025-05-16,2025-05-31,0.22,22,2.01,201,0.0158831462491228,0.10979427481176017,396
PAK,Pakistan,admin2,PK72022,Sindh,PK7262022,Tharparkar,34,2025-05-16,2025-05-31,1.52,152,140.34,14034,0.0441369866308202,0.646268779166606,3851
PAK,Pakistan,admin2,PK72022,Sindh,PK7272022,Thatta,34,2025-05-16,2025-05-31,21.22,2122,884.4300000000001,88443,1.0664979432796768,10.481609146309184,37823
PAK,Pakistan,admin2,PK72022,Sindh,PK7282022,Umer Kot,34,2025-05-16,2025-05-31,0.02,2,1.2,120,0.0010423573561549,0.020091913280675167,642
PAK,Pakistan,admin2,PK12022,Azad Kashmir,PK1052022,Kotli,33,2025-05-01,2025-05-15,0.04,4,1.5100000000000002,151,0.0224223822857904,0.0799082697474076,405
PAK,Pakistan,admin2,PK12022,Azad Kashmir,PK1062022,Mirpur,33,2025-05-01,2025-05-15,0.38,38,15.799999999999999,1580,0.1555896172110055,1.4694737347344238,2287
PAK,Pakistan,admin2,PK12022,Azad Kashmir,PK1082022,Neelum,33,2025-05-01,2025-05-15,0.01,1,5.05,505,0.1099531297835001,0.13271535881791136,83
PAK,Pakistan,admin2,PK22022,Balochistan,PK2012022,Awaran,33,2025-05-01,2025-05-15,0.58,58,11.719999999999999,1172,0.2080555917788922,0.04195470435014266,101
PAK,Pakistan,admin2,PK22022,Balochistan,PK2032022,Chagai,33,2025-05-01,2025-05-15,0.01,1,8.5,850,0.003872886106621,0.016661864923467072,30
PAK,Pakistan,admin2,PK22022,Balochistan,PK2042022,Dera Bugti,33,2025-05-01,2025-05-15,2.87,287,9.440000000000001,944,0.4784366193564531,0.07998063240678076,1162
PAK,Pakistan,admin2,PK22022,Balochistan,PK2052022,Gwadar,33,2025-05-01,2025-05-15,0.28,28,249.98999999999998,24999,1.0753546486497072,1.9428007912388738,3633
PAK,Pakistan,admin2,PK22022,Balochistan,PK2072022_1,Jaffarabad,33,2025-05-01,2025-05-15,0.02,2,0.8300000000000001,83,0.0027926417503884,0.10548268758225728,49
PAK,Pakistan,admin2,PK22022,Balochistan,PK2082022,Jhal Magsi,33,2025-05-01,2025-05-15,0.08,8,0.18,18,0.0046748284435353,0.0104057767794478,6
PAK,Pakistan,admin2,PK22022,Balochistan,PK2092022,Kachhi,33,2025-05-01,2025-05-15,0.55,55,3.01,301,0.0373441301936998,0.0495514059668348,109
PAK,Pakistan,admin2,PK22022,Balochistan,PK2112022,Kech,33,2025-05-01,2025-05-15,0,0,26.259999999999998,2626,0,0.09711575363045949,449
PAK,Pakistan,admin2,PK22022,Balochistan,PK2132022,Khuzdar,33,2025-05-01,2025-05-15,0.05,5,2.5300000000000002,253,0.0036361921066169,0.007636944839003727,27
PAK,Pakistan,admin2,PK22022,Balochistan,PK2142022,Killa Abdullah,33,2025-05-01,2025-05-15,0,0,0.6,60,0,0.01846085081572871,5
PAK,Pakistan,admin2,PK22022,Balochistan,PK2152022,Killa Saifullah,33,2025-05-01,2025-05-15,0.02,2,8.15,815,0.002544044265173,0.05642685890137912,90
PAK,Pakistan,admin2,PK22022,Balochistan,PK2172022,Lasbela,33,2025-05-01,2025-05-15,0.33,33,156.06,15606,0.0345001292063662,0.9953348622765446,1364
PAK,Pakistan,admin2,PK22022,Balochistan,PK2222022,Nasirabad,33,2025-05-01,2025-05-15,0.11,11,0.16,16,0.0039886231669557,0.004399974695831751,16
PAK,Pakistan,admin2,PK22022,Balochistan,PK2242022,Panjgur,33,2025-05-01,2025-05-15,0,0,0.52,52,0,0.0026618341783137,4
PAK,Pakistan,admin2,PK22022,Balochistan,PK2252022,Pishin,33,2025-05-01,2025-05-15,0,0,0.32,32,0,0.0053226165406296,6
PAK,Pakistan,admin2,PK22022,Balochistan,PK2262022,Quetta,33,2025-05-01,2025-05-15,0.01,1,0.69,69,0.0055193228245426,0.0162870112959378,91
PAK,Pakistan,admin2,PK22022,Balochistan,PK2272022,Sherani,33,2025-05-01,2025-05-15,0.05,5,16.84,1684,0.2627636137313051,0.524061702010892,323
PAK,Pakistan,admin2,PK22022,Balochistan,PK2292022,Sohbatpur,33,2025-05-01,2025-05-15,2.53,253,24.869999999999997,2487,0.3627083527997775,2.78139604648225,2910
PAK,Pakistan,admin2,PK22022,Balochistan,PK2312022,Zhob,33,2025-05-01,2025-05-15,0.46,46,7.5600000000000005,756,0.2194570262731033,0.053927709829444455,156
PAK,Pakistan,admin2,PK22022,Balochistan,PK2342022,Duki,33,2025-05-01,2025-05-15,0,0,0.16,16,0,0.004360200525622021,5
PAK,Pakistan,admin2,PK22022,Balochistan,PK2362022,Usta Muhammad,33,2025-05-01,2025-05-15,0.63,63,0.81,81,0.0655452880404308,0.07276529944585279,42
PAK,Pakistan,admin2,PK32022,Gilgit Baltistan,PK3012022,Astore,33,2025-05-01,2025-05-15,0.01,1,1.99,199,0.0519750519750519,0.03183065402067502,28
PAK,Pakistan,admin2,PK32022,Gilgit Baltistan,PK3022022,Diamir,33,2025-05-01,2025-05-15,0,0,0.32,32,0,0.01347482761013966,2
PAK,Pakistan,admin2,PK32022,Gilgit Baltistan,PK3032022,Ghanche,33,2025-05-01,2025-05-15,0.19,19,30.930000000000003,3093,2.0629750271444083,0.2905649861468124,355
PAK,Pakistan,admin2,PK32022,Gilgit Baltistan,PK3042022,Ghizer,33,2025-05-01,2025-05-15,0,0,34.28,3428,0,0.6394586218391639,133
PAK,Pakistan,admin2,PK32022,Gilgit Baltistan,PK3052022,Gilgit,33,2025-05-01,2025-05-15,0.02,2,3.7300000000000004,373,0.1213257334259532,0.07506830967570727,49
PAK,Pakistan,admin2,PK32022,Gilgit Baltistan,PK3062022,Hunza,33,2025-05-01,2025-05-15,0,0,93.52,9352,0,0.6564216199180648,460
PAK,Pakistan,admin2,PK32022,Gilgit Baltistan,PK3072022,Skardu,33,2025-05-01,2025-05-15,0.09,9,15.01,1501,0.3944518923378364,0.5773774914116689,797
PAK,Pakistan,admin2,PK32022,Gilgit Baltistan,PK3082022,Nagar,33,2025-05-01,2025-05-15,0,0,15.76,1576,0,0.4202033801926115,761
PAK,Pakistan,admin2,PK32022,Gilgit Baltistan,PK3092022,Kharmang,33,2025-05-01,2025-05-15,0,0,3.4499999999999997,345,0,0.047652619763098855,24
PAK,Pakistan,admin2,PK32022,Gilgit Baltistan,PK3102022,Shigar,33,2025-05-01,2025-05-15,0.04,4,30.049999999999997,3005,0.2067577346649612,0.2857922435117971,132
PAK,Pakistan,admin2,PK32022,Gilgit Baltistan,PK3122022,Tangir,33,2025-05-01,2025-05-15,0,0,4.7299999999999995,473,0,0.35136621929656725,45
PAK,Pakistan,admin2,PK32022,Gilgit Baltistan,PK3132022,Gupis-Yasin,33,2025-05-01,2025-05-15,0.01,1,34.14,3414,0.0285388127853881,0.3557502144841941,334
PAK,Pakistan,admin2,PK32022,Gilgit Baltistan,PK3142022,Rondu,33,2025-05-01,2025-05-15,0,0,0.32,32,0,0.016946633990399522,5
PAK,Pakistan,admin2,PK42022,Islamabad,PK4012022,Islamabad,33,2025-05-01,2025-05-15,0.01,1,2.25,225,0.0037800833486142,0.2197730723804362,2432
PAK,Pakistan,admin2,PK52022,Khyber Pakhtunkhwa,PK5022022,Bajaur,33,2025-05-01,2025-05-15,0.17,17,2.37,237,0.0329092456381015,0.14360507940207223,765
PAK,Pakistan,admin2,PK52022,Khyber Pakhtunkhwa,PK5032022,Bannu,33,2025-05-01,2025-05-15,0.94,94,3.3,330,0.1475438927692597,0.14361980902712712,127
PAK,Pakistan,admin2,PK52022,Khyber Pakhtunkhwa,PK5062022,Charsadda,33,2025-05-01,2025-05-15,4.15,415,22.020000000000003,2202,0.7478878396511517,1.8173876134892246,20006
PAK,Pakistan,admin2,PK52022,Khyber Pakhtunkhwa,PK5072022,Chitral Lower,33,2025-05-01,2025-05-15,0,0,128.51,12851,0,1.721444493021055,4158
PAK,Pakistan,admin2,PK52022,Khyber Pakhtunkhwa,PK5082022,Chitral Upper,33,2025-05-01,2025-05-15,0.03,3,62.28,6228,0.1362397820163487,0.5803917638924475,557
PAK,Pakistan,admin2,PK52022,Khyber Pakhtunkhwa,PK5092022,D. I. Khan,33,2025-05-01,2025-05-15,41.51,4151,189.75,18975,1.00062072223073,1.780490054817033,20542
PAK,Pakistan,admin2,PK52022,Khyber Pakhtunkhwa,PK5112022,Haripur,33,2025-05-01,2025-05-15,0.28,28,36.78,3678,0.0557981289340025,1.5565826997605754,3432
PAK,Pakistan,admin2,PK52022,Khyber Pakhtunkhwa,PK5122022,Karak,33,2025-05-01,2025-05-15,0.02,2,1.11,111,0.0050857274145837,0.036759809005356955,122
PAK,Pakistan,admin2,PK52022,Khyber Pakhtunkhwa,PK5132022,Khyber,33,2025-05-01,2025-05-15,0.1,10,6.7,670,0.0603174257752681,0.20427019275717304,1139
PAK,Pakistan,admin2,PK52022,Khyber Pakhtunkhwa,PK5142022,Kohat,33,2025-05-01,2025-05-15,0.12,12,16.349999999999998,1635,0.0180465494820463,0.3955465439051351,1180
PAK,Pakistan,admin2,PK52022,Khyber Pakhtunkhwa,PK5152022,Kohistan Lower,33,2025-05-01,2025-05-15,0,0,0.84,84,0,0.08562171216322774,73
PAK,Pakistan,admin2,PK52022,Khyber Pakhtunkhwa,PK5162022,Kohistan Upper,33,2025-05-01,2025-05-15,0,0,9.42,942,0,0.1400436298784159,234
PAK,Pakistan,admin2,PK52022,Khyber Pakhtunkhwa,PK5172022,Kolai Palas Kohistan,33,2025-05-01,2025-05-15,0,0,0.56,56,0,0.04236870870293323,90
PAK,Pakistan,admin2,PK52022,Khyber Pakhtunkhwa,PK5212022,Malakand,33,2025-05-01,2025-05-15,0.2,20,1.28,128,0.1201450787162285,0.11657228621039131,1096
PAK,Pakistan,admin2,PK52022,Khyber Pakhtunkhwa,PK5222022,Mansehra,33,2025-05-01,2025-05-15,0,0,1.4100000000000001,141,0,0.04786338603524109,30
PAK,Pakistan,admin2,PK52022,Khyber Pakhtunkhwa,PK5232022,Mardan,33,2025-05-01,2025-05-15,0.28,28,0.37,37,0.0333171273972758,0.02308172967705681,208
PAK,Pakistan,admin2,PK52022,Khyber Pakhtunkhwa,PK5242022,Mohmand,33,2025-05-01,2025-05-15,0.08,8,1.88,188,0.0178876900336893,0.06902534357494336,662
PAK,Pakistan,admin2,PK52022,Khyber Pakhtunkhwa,PK5252022,North Waziristan,33,2025-05-01,2025-05-15,0.03,3,1.56,156,0.0196050241141796,0.029844429048913598,29
PAK,Pakistan,admin2,PK52022,Khyber Pakhtunkhwa,PK5262022,Nowshera,33,2025-05-01,2025-05-15,5.12,512,19.32,1932,1.02955588731536,0.9265861675577217,11573
PAK,Pakistan,admin2,PK52022,Khyber Pakhtunkhwa,PK5282022,Peshawar,33,2025-05-01,2025-05-15,0.68,68,3.9899999999999998,399,0.1030322069528438,0.21455795946555278,3596
PAK,Pakistan,admin2,PK52022,Khyber Pakhtunkhwa,PK5292022,Shangla,33,2025-05-01,2025-05-15,0.1,10,0.62,62,0.263562350066614,0.03714256623135051,149
PAK,Pakistan,admin2,PK52022,Khyber Pakhtunkhwa,PK5302022,South Waziristan,33,2025-05-01,2025-05-15,0.05,5,18.700000000000003,1870,0.0255300130833808,0.3605715245812462,404
PAK,Pakistan,admin2,PK52022,Khyber Pakhtunkhwa,PK5312022,Swabi,33,2025-05-01,2025-05-15,0.25,25,12.629999999999999,1263,0.027030538275327,0.7043714222364893,11100
PAK,Pakistan,admin2,PK52022,Khyber Pakhtunkhwa,PK5322022,Swat,33,2025-05-01,2025-05-15,0.5,50,10.77,1077,0.1524123649820696,0.16584373127362578,5255
PAK,Pakistan,admin2,PK52022,Khyber Pakhtunkhwa,PK5342022,Tor Ghar,33,2025-05-01,2025-05-15,0.51,51,9.25,925,3.7603876914891767,1.6779022391378628,2366
PAK,Pakistan,admin2,PK52022,Khyber Pakhtunkhwa,PK5352022,Upper Dir,33,2025-05-01,2025-05-15,0.03,3,10.849999999999998,1085,0.0302146305165398,0.2399697522323043,616
PAK,Pakistan,admin2,PK62022,Punjab,PK6012022,Attock,33,2025-05-01,2025-05-15,0.59,59,21.740000000000002,2174,0.0173065745278212,0.26170016091512666,3260
PAK,Pakistan,admin2,PK62022,Punjab,PK6022022,Bahawalnagar,33,2025-05-01,2025-05-15,2.31,231,5.68,568,0.0360094979245923,0.05883231645982625,1671
PAK,Pakistan,admin2,PK62022,Punjab,PK6032022,Bahawalpur,33,2025-05-01,2025-05-15,0.35,35,0.96,96,0.005038954448964,0.008098507814206497,209
PAK,Pakistan,admin2,PK62022,Punjab,PK6042022,Bhakkar,33,2025-05-01,2025-05-15,9.11,911,61.62,6162,0.2137883210423344,0.6281559207314412,5032
PAK,Pakistan,admin2,PK62022,Punjab,PK6052022,Chakwal,33,2025-05-01,2025-05-15,0.45,45,11.059999999999999,1106,0.0137775323422619,0.14274981566986533,3251
PAK,Pakistan,admin2,PK62022,Punjab,PK6062022,Chiniot,33,2025-05-01,2025-05-15,5.06,506,30.629999999999995,3063,0.2209503010287318,0.9989125292865805,10113
PAK,Pakistan,admin2,PK62022,Punjab,PK6072022,Dera Ghazi Khan,33,2025-05-01,2025-05-15,58.1,5810,182.81,18281,1.2213517360935189,1.3355152794971368,25683
PAK,Pakistan,admin2,PK62022,Punjab,PK6082022,Faisalabad,33,2025-05-01,2025-05-15,0.67,67,2.42,242,0.0134770406838766,0.03784590898633513,1382
PAK,Pakistan,admin2,PK62022,Punjab,PK6092022,Gujranwala,33,2025-05-01,2025-05-15,16.36,1636,73.73,7373,0.4587132761636893,1.7196663623256823,43229
PAK,Pakistan,admin2,PK62022,Punjab,PK6102022,Gujrat,33,2025-05-01,2025-05-15,10.64,1064,52.95,5295,0.4088905328368694,1.4020696665569976,29167
PAK,Pakistan,admin2,PK62022,Punjab,PK6112022,Hafizabad,33,2025-05-01,2025-05-15,8.72,872,47.82,4782,0.3690268018410709,1.7749997398076072,18859
PAK,Pakistan,admin2,PK62022,Punjab,PK6122022,Jhang,33,2025-05-01,2025-05-15,2.7,270,18.200000000000003,1820,0.051589998895442,0.2446450230235689,5768
PAK,Pakistan,admin2,PK62022,Punjab,PK6132022,Jhelum,33,2025-05-01,2025-05-15,6.08,608,40.31,4031,0.3707535961412924,0.9464420016965889,11905
PAK,Pakistan,admin2,PK62022,Punjab,PK6142022,Kasur,33,2025-05-01,2025-05-15,1.11,111,3.27,327,0.0302597997037523,0.07378103875880741,1105
PAK,Pakistan,admin2,PK62022,Punjab,PK6152022,Khanewal,33,2025-05-01,2025-05-15,3.53,353,26.71,2671,0.0864519884946583,0.5273328687222391,10310
PAK,Pakistan,admin2,PK62022,Punjab,PK6162022,Khushab,33,2025-05-01,2025-05-15,0.26,26,4.75,475,0.008108555828905,0.06073292996271951,833
PAK,Pakistan,admin2,PK62022,Punjab,PK6172022,Lahore,33,2025-05-01,2025-05-15,2.11,211,5.86,586,0.2080021747737833,0.2880550826551145,29871
PAK,Pakistan,admin2,PK62022,Punjab,PK6182022,Leiah,33,2025-05-01,2025-05-15,65.02,6502,151.40999999999997,15141,1.4491441317227385,2.0179221062849204,20996
PAK,Pakistan,admin2,PK62022,Punjab,PK6202022,Mandi Bahauddin,33,2025-05-01,2025-05-15,21.99,2199,92,9200,0.8767057433626522,2.824109647971119,41412
PAK,Pakistan,admin2,PK62022,Punjab,PK6212022,Mianwali,33,2025-05-01,2025-05-15,81.62,8162,233.57999999999998,23358,2.2743996875280748,3.2896574147126456,30474
PAK,Pakistan,admin2,PK62022,Punjab,PK6222022,Multan,33,2025-05-01,2025-05-15,0.99,99,6.07,607,0.0337426379698975,0.1436924700968158,1587
PAK,Pakistan,admin2,PK62022,Punjab,PK6232022,Muzaffargarh,33,2025-05-01,2025-05-15,60,6000,201.47,20147,1.0588909466900318,2.260597494184934,46723
PAK,Pakistan,admin2,PK62022,Punjab,PK6242022,Nankana Sahib,33,2025-05-01,2025-05-15,0.78,78,2.1,210,0.0361085209737405,0.08139929693200328,578
PAK,Pakistan,admin2,PK62022,Punjab,PK6252022,Narowal,33,2025-05-01,2025-05-15,0,0,0.12,12,0,0.11951831774452493,105
PAK,Pakistan,admin2,PK62022,Punjab,PK6262022,Okara,33,2025-05-01,2025-05-15,0.85,85,1.6,160,0.0190223268231281,0.03181846678771667,994
PAK,Pakistan,admin2,PK62022,Punjab,PK6272022,Pakpattan,33,2025-05-01,2025-05-15,0.07,7,0.07,7,0.0023669992095018,0.0023669992095018,29
PAK,Pakistan,admin2,PK62022,Punjab,PK6282022,Rahim Yar Khan,33,2025-05-01,2025-05-15,20.88,2088,96.28,9628,0.2999487139752406,0.6566364776516677,11792
PAK,Pakistan,admin2,PK62022,Punjab,PK6292022,Rajanpur,33,2025-05-01,2025-05-15,35.82,3582,104.47,10447,0.6545243247819622,0.7223364292076948,12619
PAK,Pakistan,admin2,PK62022,Punjab,PK6302022,Rawalpindi,33,2025-05-01,2025-05-15,0.54,54,13.69,1369,0.0237309749144638,0.21796183052199122,2509
PAK,Pakistan,admin2,PK62022,Punjab,PK6322022,Sargodha,33,2025-05-01,2025-05-15,7.08,708,46.120000000000005,4612,0.1499123605564488,0.6663601679597505,17090
PAK,Pakistan,admin2,PK62022,Punjab,PK6332022,Sheikhupura,33,2025-05-01,2025-05-15,0.45,45,2.67,267,0.0125870559455312,0.06618276954316842,679
PAK,Pakistan,admin2,PK62022,Punjab,PK6342022,Sialkot,33,2025-05-01,2025-05-15,3.72,372,21.72,2172,0.1215783733528812,0.6408842346412494,13778
PAK,Pakistan,admin2,PK62022,Punjab,PK6362022,Vehari,33,2025-05-01,2025-05-15,0.9,90,4.4,440,0.0198825396734637,0.08439409007292467,2263
PAK,Pakistan,admin2,PK72022,Sindh,PK7012022,Badin,33,2025-05-01,2025-05-15,7.55,755,74.11000000000001,7411,0.1514844711008504,1.0193688138729111,5945
PAK,Pakistan,admin2,PK72022,Sindh,PK7032022,Dadu,33,2025-05-01,2025-05-15,3.8,380,29.97,2997,0.1127856974327078,0.3321280473775608,2832
PAK,Pakistan,admin2,PK72022,Sindh,PK7052022,Ghotki,33,2025-05-01,2025-05-15,5.87,587,60.900000000000006,6090,0.1894392799806376,0.8426905382481716,4364
PAK,Pakistan,admin2,PK72022,Sindh,PK7062022,Hyderabad,33,2025-05-01,2025-05-15,1.04,104,5.04,504,0.2000931655508375,0.44516255135501753,4911
PAK,Pakistan,admin2,PK72022,Sindh,PK7072022,Jacobabad,33,2025-05-01,2025-05-15,14.62,1462,43.959999999999994,4396,0.5941156589770693,1.4342459309166795,7430
PAK,Pakistan,admin2,PK72022,Sindh,PK7082022,Jamshoro,33,2025-05-01,2025-05-15,2.98,298,40.93,4093,0.1887794831307682,0.32691183764547993,3677
PAK,Pakistan,admin2,PK72022,Sindh,PK7092022,Kambar Shahdad Kot,33,2025-05-01,2025-05-15,11.23,1123,16.240000000000002,1624,0.3271312340296273,0.2581484928328261,1466
PAK,Pakistan,admin2,PK72022,Sindh,PK7102022,Kashmore,33,2025-05-01,2025-05-15,15.79,1579,97.36,9736,0.7461556016430267,3.267094359832727,16572
PAK,Pakistan,admin2,PK72022,Sindh,PK7112022,Khairpur,33,2025-05-01,2025-05-15,10.58,1058,60.33,6033,0.3298071066677402,0.3350161415056755,15890
PAK,Pakistan,admin2,PK72022,Sindh,PK7122022,Korangi Karachi,33,2025-05-01,2025-05-15,0,0,3.72,372,0,3.4921502088442766,9526
PAK,Pakistan,admin2,PK72022,Sindh,PK7132022,Larkana,33,2025-05-01,2025-05-15,1.15,115,14.309999999999999,1431,0.0747619701243773,0.6809426288970432,3132
PAK,Pakistan,admin2,PK72022,Sindh,PK7142022,Malir Karachi,33,2025-05-01,2025-05-15,0.65,65,194.60000000000002,19460,0.2628294466024914,6.4341585500726275,40078
PAK,Pakistan,admin2,PK72022,Sindh,PK7152022,Matiari,33,2025-05-01,2025-05-15,2.59,259,10.030000000000001,1003,0.2302523526738802,0.6169834696000824,2654
PAK,Pakistan,admin2,PK72022,Sindh,PK7162022,Mirpur Khas,33,2025-05-01,2025-05-15,0,0,1.04,104,0,0.09948179064972142,149
PAK,Pakistan,admin2,PK72022,Sindh,PK7172022,Naushahro Feroze,33,2025-05-01,2025-05-15,5.17,517,18.49,1849,0.205274119385939,0.5409205020382872,4468
PAK,Pakistan,admin2,PK72022,Sindh,PK7182022,Sanghar,33,2025-05-01,2025-05-15,10.91,1091,114.9,11490,0.2771989562839793,1.0127614720379023,13926
PAK,Pakistan,admin2,PK72022,Sindh,PK7192022,Shaheed Benazir Abad,33,2025-05-01,2025-05-15,8.79,879,45.32,4532,0.2900933856223166,0.8825920213837055,9216
PAK,Pakistan,admin2,PK72022,Sindh,PK7202022,Shikarpur,33,2025-05-01,2025-05-15,3.09,309,17.59,1759,0.1435761389667607,0.6066458834543643,3669
PAK,Pakistan,admin2,PK72022,Sindh,PK7212022,South Karachi,33,2025-05-01,2025-05-15,0,0,17.740000000000002,1774,0,3.2524729133146995,37903
PAK,Pakistan,admin2,PK72022,Sindh,PK7222022,Sujawal,33,2025-05-01,2025-05-15,16.35,1635,3039.83,303983,0.629671479354863,31.76266880147341,78468
PAK,Pakistan,admin2,PK72022,Sindh,PK7232022,Sukkur,33,2025-05-01,2025-05-15,7.52,752,53.72,5372,0.4537540373425655,0.9165532360723679,11762
PAK,Pakistan,admin2,PK72022,Sindh,PK7242022,Tando Allahyar,33,2025-05-01,2025-05-15,1.52,152,4.53,453,0.141617209340817,0.2637373566345512,1136
PAK,Pakistan,admin2,PK72022,Sindh,PK7252022,Tando Muhammad Khan,33,2025-05-01,2025-05-15,0.89,89,3.27,327,0.0642545461896333,0.17597295995086745,660
PAK,Pakistan,admin2,PK72022,Sindh,PK7262022,Tharparkar,33,2025-05-01,2025-05-15,0.9,90,134.46,13446,0.0261337420840382,0.6191912501549215,3218
PAK,Pakistan,admin2,PK72022,Sindh,PK7272022,Thatta,33,2025-05-01,2025-05-15,22.68,2268,1051.6699999999998,105167,1.13987621835924,12.46361372963262,44516
PAK,Pakistan,admin2,PK72022,Sindh,PK7282022,Umer Kot,33,2025-05-01,2025-05-15,0,0,0.77,77,0,0.019432724383240337,424
PAK,Pakistan,admin2,PK12022,Azad Kashmir,PK1022022,Bhimber,32,2025-04-16,2025-04-30,0.51,51,0.81,81,0.1443475048803996,0.07042175728519974,147
PAK,Pakistan,admin2,PK12022,Azad Kashmir,PK1052022,Kotli,32,2025-04-16,2025-04-30,0.03,3,1.48,148,0.0168167867143428,0.0783206882292472,482
PAK,Pakistan,admin2,PK12022,Azad Kashmir,PK1062022,Mirpur,32,2025-04-16,2025-04-30,0.65,65,16.75,1675,0.2661401347030357,1.557828168152,2676
PAK,Pakistan,admin2,PK12022,Azad Kashmir,PK1072022,Muzaffarabad,32,2025-04-16,2025-04-30,0,0,0.33,33,0,0.0343548081299275,27
PAK,Pakistan,admin2,PK12022,Azad Kashmir,PK1082022,Neelum,32,2025-04-16,2025-04-30,0.03,3,4.329999999999999,433,0.3298593893505003,0.12249066368540037,105
PAK,Pakistan,admin2,PK22022,Balochistan,PK2012022,Awaran,32,2025-04-16,2025-04-30,1.53,153,17.380000000000003,1738,0.5488363024512156,0.06218557437373426,150
PAK,Pakistan,admin2,PK22022,Balochistan,PK2032022,Chagai,32,2025-04-16,2025-04-30,0.02,2,27.889999999999997,2789,0.007745772213242,0.0546705191429999,90
PAK,Pakistan,admin2,PK22022,Balochistan,PK2042022,Dera Bugti,32,2025-04-16,2025-04-30,4.26,426,12.819999999999999,1282,0.7101533095674182,0.10858262280652778,1506
PAK,Pakistan,admin2,PK22022,Balochistan,PK2052022,Gwadar,32,2025-04-16,2025-04-30,0.93,93,276.16,27616,3.57171365444367,2.1461813132866414,3685
PAK,Pakistan,admin2,PK22022,Balochistan,PK2072022_1,Jaffarabad,32,2025-04-16,2025-04-30,0.28,28,2.86,286,0.0390969845054379,0.3621381554331918,272
PAK,Pakistan,admin2,PK22022,Balochistan,PK2082022,Jhal Magsi,32,2025-04-16,2025-04-30,0.19,19,0.5,50,0.0111027175533964,0.028904935498466275,22
PAK,Pakistan,admin2,PK22022,Balochistan,PK2092022,Kachhi,32,2025-04-16,2025-04-30,0.72,72,4.050000000000001,405,0.0488868613444797,0.06594666130587824,145
PAK,Pakistan,admin2,PK22022,Balochistan,PK2112022,Kech,32,2025-04-16,2025-04-30,0.02,2,33.120000000000005,3312,0.008293336954215,0.12140293092428943,611
PAK,Pakistan,admin2,PK22022,Balochistan,PK2132022,Khuzdar,32,2025-04-16,2025-04-30,0.12,12,7.629999999999999,763,0.0087268610558806,0.02180521622305798,104
PAK,Pakistan,admin2,PK22022,Balochistan,PK2142022,Killa Abdullah,32,2025-04-16,2025-04-30,0,0,0.6,60,0,0.01846085081572871,5
PAK,Pakistan,admin2,PK22022,Balochistan,PK2152022,Killa Saifullah,32,2025-04-16,2025-04-30,0.02,2,10.81,1081,0.002544044265173,0.07484347788023411,111
PAK,Pakistan,admin2,PK22022,Balochistan,PK2172022,Lasbela,32,2025-04-16,2025-04-30,0.65,65,187.67000000000002,18767,0.0679547999519335,1.196940238391895,1802
PAK,Pakistan,admin2,PK22022,Balochistan,PK2192022,Loralai,32,2025-04-16,2025-04-30,0,0,0.24,24,0,0.0061289507196308525,16
PAK,Pakistan,admin2,PK22022,Balochistan,PK2222022,Nasirabad,32,2025-04-16,2025-04-30,0.97,97,1.25,125,0.0351724042904275,0.03431313933048554,140
PAK,Pakistan,admin2,PK22022,Balochistan,PK2232022,Nushki,32,2025-04-16,2025-04-30,0.32,32,2.12,212,0.1476396651329752,0.03137947935174822,58
PAK,Pakistan,admin2,PK22022,Balochistan,PK2242022,Panjgur,32,2025-04-16,2025-04-30,0,0,0.28,28,0,0.0014310371588520162,3
PAK,Pakistan,admin2,PK22022,Balochistan,PK2252022,Pishin,32,2025-04-16,2025-04-30,0,0,0.32,32,0,0.0053226165406296,6
PAK,Pakistan,admin2,PK22022,Balochistan,PK2262022,Quetta,32,2025-04-16,2025-04-30,0.02,2,1.3,130,0.0110386456490853,0.030685673456114844,221
PAK,Pakistan,admin2,PK22022,Balochistan,PK2272022,Sherani,32,2025-04-16,2025-04-30,0.05,5,19.15,1915,0.2627636137313051,0.5329158083165386,413
PAK,Pakistan,admin2,PK22022,Balochistan,PK2292022,Sohbatpur,32,2025-04-16,2025-04-30,6.1,610,36.15,3615,0.8745142103077639,4.023047272229271,4354
PAK,Pakistan,admin2,PK22022,Balochistan,PK2302022,Washuk,32,2025-04-16,2025-04-30,0,0,0.16,16,0,0.0003634310089206454,0
PAK,Pakistan,admin2,PK22022,Balochistan,PK2312022,Zhob,32,2025-04-16,2025-04-30,0.52,52,9.65,965,0.2480818557869864,0.06883629627700266,208
PAK,Pakistan,admin2,PK22022,Balochistan,PK2332022,Shaheed Sikandarabad,32,2025-04-16,2025-04-30,0,0,0.28,28,0,0.0071206464390111,5
PAK,Pakistan,admin2,PK22022,Balochistan,PK2342022,Duki,32,2025-04-16,2025-04-30,0,0,0.32,32,0,0.007641939258588866,10
PAK,Pakistan,admin2,PK22022,Balochistan,PK2362022,Usta Muhammad,32,2025-04-16,2025-04-30,0.94,94,1.94,194,0.0977977313619126,0.17315592440727062,301
PAK,Pakistan,admin2,PK32022,Gilgit Baltistan,PK3012022,Astore,32,2025-04-16,2025-04-30,0.02,2,13.25,1325,0.1039501039501039,0.2342248270510912,264
PAK,Pakistan,admin2,PK32022,Gilgit Baltistan,PK3022022,Diamir,32,2025-04-16,2025-04-30,0,0,2.13,213,0,0.04160688254670057,36
PAK,Pakistan,admin2,PK32022,Gilgit Baltistan,PK3032022,Ghanche,32,2025-04-16,2025-04-30,0,0,19.41,1941,0,0.1825008177148698,215
PAK,Pakistan,admin2,PK32022,Gilgit Baltistan,PK3042022,Ghizer,32,2025-04-16,2025-04-30,0.06,6,13.899999999999999,1390,0.3263178549186551,0.2584040965910646,130
PAK,Pakistan,admin2,PK32022,Gilgit Baltistan,PK3052022,Gilgit,32,2025-04-16,2025-04-30,0,0,4.970000000000001,497,0,0.10080988354463889,80
PAK,Pakistan,admin2,PK32022,Gilgit Baltistan,PK3062022,Hunza,32,2025-04-16,2025-04-30,0,0,62.49,6249,0,0.43862047721000724,428
PAK,Pakistan,admin2,PK32022,Gilgit Baltistan,PK3072022,Skardu,32,2025-04-16,2025-04-30,0.38,38,18.84,1884,1.6654635454264206,0.7669190684236856,1088
PAK,Pakistan,admin2,PK32022,Gilgit Baltistan,PK3082022,Nagar,32,2025-04-16,2025-04-30,0,0,11.29,1129,0,0.30102133009991006,832
PAK,Pakistan,admin2,PK32022,Gilgit Baltistan,PK3092022,Kharmang,32,2025-04-16,2025-04-30,0,0,18.03,1803,0,0.25575499783198036,337
PAK,Pakistan,admin2,PK32022,Gilgit Baltistan,PK3102022,Shigar,32,2025-04-16,2025-04-30,0,0,8.1,810,0,0.07717751539598014,62
PAK,Pakistan,admin2,PK32022,Gilgit Baltistan,PK3112022,Darel,32,2025-04-16,2025-04-30,0,0,0.56,56,0,0.03535165451808376,8
PAK,Pakistan,admin2,PK32022,Gilgit Baltistan,PK3122022,Tangir,32,2025-04-16,2025-04-30,0.19,19,4.050000000000001,405,1.4551778200264904,0.31836185401366524,112
PAK,Pakistan,admin2,PK32022,Gilgit Baltistan,PK3132022,Gupis-Yasin,32,2025-04-16,2025-04-30,0.19,19,30.200000000000003,3020,0.5422374429223744,0.3147613354974007,330
PAK,Pakistan,admin2,PK32022,Gilgit Baltistan,PK3142022,Rondu,32,2025-04-16,2025-04-30,0,0,1.1900000000000002,119,0,0.052509220001276675,33
PAK,Pakistan,admin2,PK42022,Islamabad,PK4012022,Islamabad,32,2025-04-16,2025-04-30,0.06,6,3.1399999999999997,314,0.0226805000916855,0.30670553212203205,4105
PAK,Pakistan,admin2,PK52022,Khyber Pakhtunkhwa,PK5012022,Abbottabad,32,2025-04-16,2025-04-30,0,0,0.16,16,0,0.008913894207063278,37
PAK,Pakistan,admin2,PK52022,Khyber Pakhtunkhwa,PK5022022,Bajaur,32,2025-04-16,2025-04-30,0.36,36,0.45,45,0.0696901672336267,0.03743954125843955,394
PAK,Pakistan,admin2,PK52022,Khyber Pakhtunkhwa,PK5032022,Bannu,32,2025-04-16,2025-04-30,0.99,99,3.77,377,0.1553919721718799,0.17547692496233597,153
PAK,Pakistan,admin2,PK52022,Khyber Pakhtunkhwa,PK5042022,Batagram,32,2025-04-16,2025-04-30,0,0,1.21,121,0,0.07126885541086397,146
PAK,Pakistan,admin2,PK52022,Khyber Pakhtunkhwa,PK5052022,Buner,32,2025-04-16,2025-04-30,0,0,0.13,13,0,0.007757418525810542,34
PAK,Pakistan,admin2,PK52022,Khyber Pakhtunkhwa,PK5062022,Charsadda,32,2025-04-16,2025-04-30,5.11,511,23.18,2318,0.920893219425876,1.913126470512272,22968
PAK,Pakistan,admin2,PK72022,Sindh,PK7282022,Umer Kot,32,2025-04-16,2025-04-30,0.27,27,2.11,211,0.0140718243080923,0.03532828085185494,902
PAK,Pakistan,admin2,PK72022,Sindh,PK7272022,Thatta,32,2025-04-16,2025-04-30,56.7,5670,1178.24,117824,2.8496905458981,13.963627602577175,60654
PAK,Pakistan,admin2,PK72022,Sindh,PK7262022,Tharparkar,32,2025-04-16,2025-04-30,2.99,299,58.32,5832,0.086822098701416,0.2685648795852677,2561
PAK,Pakistan,admin2,PK72022,Sindh,PK7252022,Tando Muhammad Khan,32,2025-04-16,2025-04-30,6.65,665,17.29,1729,0.4801041934393953,0.9304502989451071,3839
PAK,Pakistan,admin2,PK72022,Sindh,PK7242022,Tando Allahyar,32,2025-04-16,2025-04-30,6.34,634,13.89,1389,0.5906928336978815,0.8086781200119023,3782
PAK,Pakistan,admin2,PK72022,Sindh,PK7232022,Sukkur,32,2025-04-16,2025-04-30,10.86,1086,75.78999999999999,7579,0.655288410311205,1.2931044259479663,20796
PAK,Pakistan,admin2,PK72022,Sindh,PK7222022,Sujawal,32,2025-04-16,2025-04-30,43.05,4305,3024.63,302463,1.6579423355490428,31.60384657596002,86216
PAK,Pakistan,admin2,PK72022,Sindh,PK7212022,South Karachi,32,2025-04-16,2025-04-30,0,0,25.32,2532,0,4.642199220131238,54130
PAK,Pakistan,admin2,PK72022,Sindh,PK7202022,Shikarpur,32,2025-04-16,2025-04-30,8.03,803,31.29,3129,0.3731121022340091,1.079133012693977,6766
PAK,Pakistan,admin2,PK72022,Sindh,PK7192022,Shaheed Benazir Abad,32,2025-04-16,2025-04-30,28.27,2827,111.41999999999999,11142,0.9329852117796236,2.1698676748140433,22585
PAK,Pakistan,admin2,PK72022,Sindh,PK7182022,Sanghar,32,2025-04-16,2025-04-30,26.86,2686,216.16999999999996,21617,0.6824531591006127,1.9053842246338843,28979
PAK,Pakistan,admin2,PK72022,Sindh,PK7172022,Naushahro Feroze,32,2025-04-16,2025-04-30,13.35,1335,45.95,4595,0.5300598634046976,1.3442561962498278,10877
PAK,Pakistan,admin2,PK72022,Sindh,PK7162022,Mirpur Khas,32,2025-04-16,2025-04-30,0,0,2.89,289,0,0.27644459132471394,413
PAK,Pakistan,admin2,PK72022,Sindh,PK7152022,Matiari,32,2025-04-16,2025-04-30,10.85,1085,35.099999999999994,3510,0.9645706666067958,2.159134574572572,9522
PAK,Pakistan,admin2,PK72022,Sindh,PK7142022,Malir Karachi,32,2025-04-16,2025-04-30,1.42,142,245.29000000000002,24529,0.5741812525777505,8.110147742791955,50730
PAK,Pakistan,admin2,PK72022,Sindh,PK7132022,Larkana,32,2025-04-16,2025-04-30,4.07,407,28.96,2896,0.2645923638314919,1.3317664771070703,7037
PAK,Pakistan,admin2,PK72022,Sindh,PK7122022,Korangi Karachi,32,2025-04-16,2025-04-30,0,0,4.46,446,0,4.186825250388569,9452
PAK,Pakistan,admin2,PK72022,Sindh,PK7112022,Khairpur,32,2025-04-16,2025-04-30,21.02,2102,103.3,10330,0.6552500361205954,0.5736311522880208,25115
PAK,Pakistan,admin2,PK72022,Sindh,PK7102022,Kashmore,32,2025-04-16,2025-04-30,31.95,3195,139.92000000000002,13992,1.5097955334068844,4.695273652709482,27095
PAK,Pakistan,admin2,PK72022,Sindh,PK7092022,Kambar Shahdad Kot,32,2025-04-16,2025-04-30,22.46,2246,34.04,3404,0.6542624680592547,0.5470820024252572,2248
PAK,Pakistan,admin2,PK72022,Sindh,PK7082022,Jamshoro,32,2025-04-16,2025-04-30,13.14,1314,75.65,7565,0.8324034927309715,0.6042238093789535,8546
PAK,Pakistan,admin2,PK72022,Sindh,PK7072022,Jacobabad,32,2025-04-16,2025-04-30,23.37,2337,64.22,6422,0.9496910362718268,2.095108357418849,11864
PAK,Pakistan,admin2,PK72022,Sindh,PK7062022,Hyderabad,32,2025-04-16,2025-04-30,3.52,352,14.579999999999998,1458,0.6772384064797579,1.2877916664198723,16147
PAK,Pakistan,admin2,PK72022,Sindh,PK7052022,Ghotki,32,2025-04-16,2025-04-30,9.45,945,88.85,8885,0.3049746500540078,1.2294425997266019,6334
PAK,Pakistan,admin2,PK72022,Sindh,PK7032022,Dadu,32,2025-04-16,2025-04-30,12.54,1254,51.29,5129,0.372192801527936,0.568396648314818,7617
PAK,Pakistan,admin2,PK72022,Sindh,PK7012022,Badin,32,2025-04-16,2025-04-30,29.82,2982,110.13999999999999,11014,0.598313500427465,1.5149545427062805,13642
PAK,Pakistan,admin2,PK62022,Punjab,PK6362022,Vehari,32,2025-04-16,2025-04-30,1.46,146,5.46,546,0.0322538976925078,0.10472539359049292,2947
PAK,Pakistan,admin2,PK62022,Punjab,PK6342022,Sialkot,32,2025-04-16,2025-04-30,6.25,625,23.060000000000002,2306,0.2042647401762117,0.6804231330951758,14946
PAK,Pakistan,admin2,PK62022,Punjab,PK6332022,Sheikhupura,32,2025-04-16,2025-04-30,0.22,22,2.27,227,0.006153671795593,0.05626774788876092,584
PAK,Pakistan,admin2,PK62022,Punjab,PK6322022,Sargodha,32,2025-04-16,2025-04-30,11.74,1174,61.15,6115,0.2485834905272188,0.8835196069110741,22300
PAK,Pakistan,admin2,PK62022,Punjab,PK6312022,Sahiwal,32,2025-04-16,2025-04-30,0,0,0.28,28,0,0.045276356990758215,532
PAK,Pakistan,admin2,PK62022,Punjab,PK6302022,Rawalpindi,32,2025-04-16,2025-04-30,0.95,95,19.29,1929,0.0417489373495196,0.3071207969882548,3728
PAK,Pakistan,admin2,PK62022,Punjab,PK6292022,Rajanpur,32,2025-04-16,2025-04-30,68.17,6817,148.95,14895,1.2456427476378102,1.0298842838181883,19920
PAK,Pakistan,admin2,PK62022,Punjab,PK6282022,Rahim Yar Khan,32,2025-04-16,2025-04-30,37.9,3790,142.57999999999998,14258,0.5444471388726829,0.9724057850392062,19551
PAK,Pakistan,admin2,PK62022,Punjab,PK6262022,Okara,32,2025-04-16,2025-04-30,2.29,229,4.39,439,0.0512483863823098,0.08478910175594288,2453
PAK,Pakistan,admin2,PK62022,Punjab,PK6252022,Narowal,32,2025-04-16,2025-04-30,0,0,0.12,12,0,0.11951831774452493,105
PAK,Pakistan,admin2,PK62022,Punjab,PK6242022,Nankana Sahib,32,2025-04-16,2025-04-30,1.03,103,2.7800000000000002,278,0.0476817648755805,0.10775716450998545,738
PAK,Pakistan,admin2,PK62022,Punjab,PK6232022,Muzaffargarh,32,2025-04-16,2025-04-30,72.56,7256,236.40999999999997,23641,1.280552118197145,2.652642346752669,55018
PAK,Pakistan,admin2,PK62022,Punjab,PK6222022,Multan,32,2025-04-16,2025-04-30,1.14,114,7.120000000000001,712,0.0388551588744274,0.16854866344140496,2011
PAK,Pakistan,admin2,PK62022,Punjab,PK6212022,Mianwali,32,2025-04-16,2025-04-30,84.05,8405,237.75,23775,2.342113375848256,3.3483862075003485,32398
PAK,Pakistan,admin2,PK62022,Punjab,PK6202022,Mandi Bahauddin,32,2025-04-16,2025-04-30,28.34,2834,104.66,10466,1.1298699757570514,3.212731693007144,46263
PAK,Pakistan,admin2,PK62022,Punjab,PK6192022,Lodhran,32,2025-04-16,2025-04-30,0.01,1,0.09,9,0.0003632143564647792,0.0031808818660253252,80
PAK,Pakistan,admin2,PK62022,Punjab,PK6182022,Leiah,32,2025-04-16,2025-04-30,66.52,6652,144.8,14480,1.4825756327621735,1.92982709854076,20042
PAK,Pakistan,admin2,PK62022,Punjab,PK6172022,Lahore,32,2025-04-16,2025-04-30,1.17,117,2.23,223,0.1153376988082116,0.15688487039720547,3954
PAK,Pakistan,admin2,PK62022,Punjab,PK6162022,Khushab,32,2025-04-16,2025-04-30,0.31,31,5.24,524,0.0096678934883098,0.06699801115887387,623
PAK,Pakistan,admin2,PK62022,Punjab,PK6152022,Khanewal,32,2025-04-16,2025-04-30,3.3,330,25.95,2595,0.0808191393859412,0.5123282644456049,9681
PAK,Pakistan,admin2,PK62022,Punjab,PK6142022,Kasur,32,2025-04-16,2025-04-30,0.6,60,2.62,262,0.0163566484885147,0.059115083042224736,890
PAK,Pakistan,admin2,PK62022,Punjab,PK6132022,Jhelum,32,2025-04-16,2025-04-30,7.2,720,42.6,4260,0.4390503112199515,1.0002027014864505,15078
PAK,Pakistan,admin2,PK62022,Punjab,PK6122022,Jhang,32,2025-04-16,2025-04-30,6.02,602,27.810000000000002,2781,0.1150265901298373,0.3738229719937061,9598
PAK,Pakistan,admin2,PK62022,Punjab,PK6112022,Hafizabad,32,2025-04-16,2025-04-30,12.05,1205,52.5,5250,0.5099510277734982,1.9487136415704593,20101
PAK,Pakistan,admin2,PK62022,Punjab,PK6102022,Gujrat,32,2025-04-16,2025-04-30,12.65,1265,53.88,5388,0.4861339511641351,1.4266952527684804,29167
PAK,Pakistan,admin2,PK62022,Punjab,PK6092022,Gujranwala,32,2025-04-16,2025-04-30,18.15,1815,78.19,7819,0.5089025649371003,1.8236906668960409,45353
PAK,Pakistan,admin2,PK62022,Punjab,PK6082022,Faisalabad,32,2025-04-16,2025-04-30,1.38,138,3.75,375,0.0277586808115669,0.053742828753636784,2546
PAK,Pakistan,admin2,PK62022,Punjab,PK6072022,Dera Ghazi Khan,32,2025-04-16,2025-04-30,68.28,6828,197.53,19753,1.435351059216273,1.4430519838032352,30276
PAK,Pakistan,admin2,PK62022,Punjab,PK6062022,Chiniot,32,2025-04-16,2025-04-30,10.44,1044,55.26,5526,0.4558737436244981,1.802151693384801,18898
PAK,Pakistan,admin2,PK62022,Punjab,PK6052022,Chakwal,32,2025-04-16,2025-04-30,0.7,70,13.78,1378,0.0214317169768518,0.17785646111489536,4277
PAK,Pakistan,admin2,PK62022,Punjab,PK6042022,Bhakkar,32,2025-04-16,2025-04-30,8.43,843,53.279999999999994,5328,0.1978304661236969,0.5431377386655499,4496
PAK,Pakistan,admin2,PK62022,Punjab,PK6032022,Bahawalpur,32,2025-04-16,2025-04-30,0.77,77,1.65,165,0.0110856997877208,0.00600945529624477,528
PAK,Pakistan,admin2,PK62022,Punjab,PK6022022,Bahawalnagar,32,2025-04-16,2025-04-30,3.52,352,7.569999999999999,757,0.0548716158850931,0.07840856260578964,2331
PAK,Pakistan,admin2,PK62022,Punjab,PK6012022,Attock,32,2025-04-16,2025-04-30,1.23,123,29.57,2957,0.0360798079139324,0.3559555546577875,4430
PAK,Pakistan,admin2,PK52022,Khyber Pakhtunkhwa,PK5352022,Upper Dir,32,2025-04-16,2025-04-30,0,0,3.2499999999999996,325,0,0.07349426871074297,258
PAK,Pakistan,admin2,PK52022,Khyber Pakhtunkhwa,PK5342022,Tor Ghar,32,2025-04-16,2025-04-30,1.1,110,14.59,1459,8.110640118898225,2.6381382272536475,5515
PAK,Pakistan,admin2,PK52022,Khyber Pakhtunkhwa,PK5322022,Swat,32,2025-04-16,2025-04-30,0.13,13,8.74,874,0.0396272148953381,0.13509376423744404,696
PAK,Pakistan,admin2,PK52022,Khyber Pakhtunkhwa,PK5312022,Swabi,32,2025-04-16,2025-04-30,0.43,43,14.26,1426,0.0464925258335624,0.7952760475924254,12231
PAK,Pakistan,admin2,PK52022,Khyber Pakhtunkhwa,PK5302022,South Waziristan,32,2025-04-16,2025-04-30,0.13,13,21.14,2114,0.0663780340167901,0.4076193598742007,467
PAK,Pakistan,admin2,PK52022,Khyber Pakhtunkhwa,PK5292022,Shangla,32,2025-04-16,2025-04-30,0.73,73,1.9500000000000002,195,1.9240051554862827,0.11681936153408691,782
PAK,Pakistan,admin2,PK52022,Khyber Pakhtunkhwa,PK5282022,Peshawar,32,2025-04-16,2025-04-30,0.78,78,4.199999999999999,420,0.1181840020929679,0.2258504836479503,4066
PAK,Pakistan,admin2,PK52022,Khyber Pakhtunkhwa,PK5262022,Nowshera,32,2025-04-16,2025-04-30,7.11,711,22.299999999999997,2230,1.42971530445551,1.0695068083093784,11906
PAK,Pakistan,admin2,PK52022,Khyber Pakhtunkhwa,PK5252022,North Waziristan,32,2025-04-16,2025-04-30,0.08,8,2.2800000000000002,228,0.052280064304479,0.043348303807489344,39
PAK,Pakistan,admin2,PK52022,Khyber Pakhtunkhwa,PK5242022,Mohmand,32,2025-04-16,2025-04-30,0.2,20,2.3899999999999997,239,0.0447192250842234,0.08690365176288624,1081
PAK,Pakistan,admin2,PK52022,Khyber Pakhtunkhwa,PK5232022,Mardan,32,2025-04-16,2025-04-30,0.83,83,1.2,120,0.0987614847847819,0.07090067420285218,1493
PAK,Pakistan,admin2,PK52022,Khyber Pakhtunkhwa,PK5222022,Mansehra,32,2025-04-16,2025-04-30,0,0,2.67,267,0,0.05960288119548566,150
PAK,Pakistan,admin2,PK52022,Khyber Pakhtunkhwa,PK5172022,Kolai Palas Kohistan,32,2025-04-16,2025-04-30,0,0,0.44000000000000006,44,0,0.029701896990273795,30
PAK,Pakistan,admin2,PK52022,Khyber Pakhtunkhwa,PK5162022,Kohistan Upper,32,2025-04-16,2025-04-30,0,0,8.4,840,0,0.12487966995527532,251
PAK,Pakistan,admin2,PK52022,Khyber Pakhtunkhwa,PK5152022,Kohistan Lower,32,2025-04-16,2025-04-30,0,0,0.64,64,0,0.06523559021960205,77
PAK,Pakistan,admin2,PK52022,Khyber Pakhtunkhwa,PK5142022,Kohat,32,2025-04-16,2025-04-30,0.25,25,27.28,2728,0.0375969780875965,0.6599700133169475,2213
PAK,Pakistan,admin2,PK52022,Khyber Pakhtunkhwa,PK5132022,Khyber,32,2025-04-16,2025-04-30,0.18,18,2.55,255,0.1085713663954826,0.07774462560161047,304
PAK,Pakistan,admin2,PK52022,Khyber Pakhtunkhwa,PK5122022,Karak,32,2025-04-16,2025-04-30,0.02,2,1.56,156,0.0050857274145837,0.051662434277798965,152
PAK,Pakistan,admin2,PK52022,Khyber Pakhtunkhwa,PK5112022,Haripur,32,2025-04-16,2025-04-30,0.47,47,35.84,3584,0.0936611449963614,1.5168005426704467,4318
PAK,Pakistan,admin2,PK52022,Khyber Pakhtunkhwa,PK5102022,Hangu,32,2025-04-16,2025-04-30,0,0,0.32,32,0,0.0304997473305241,56
PAK,Pakistan,admin2,PK52022,Khyber Pakhtunkhwa,PK5092022,D. I. Khan,32,2025-04-16,2025-04-30,34.81,3481,156.83,15683,0.8391136434799255,1.4715902782448238,16567
PAK,Pakistan,admin2,PK52022,Khyber Pakhtunkhwa,PK5082022,Chitral Upper,32,2025-04-16,2025-04-30,0.03,3,36.51,3651,0.1362397820163487,0.3402392951142142,504
PAK,Pakistan,admin2,PK52022,Khyber Pakhtunkhwa,PK5072022,Chitral Lower,32,2025-04-16,2025-04-30,0,0,19.54,1954,0,0.26174636521384637,349
PAK,Pakistan,admin2,PK12022,Azad Kashmir,PK1022022,Bhimber,31,2025-04-01,2025-04-15,0.51,51,1.6300000000000001,163,0.1443475048803996,0.11775872383484154,358
PAK,Pakistan,admin2,PK12022,Azad Kashmir,PK1052022,Kotli,31,2025-04-01,2025-04-15,0.07,7,2.17,217,0.0392391690001332,0.1148350631469368,668
PAK,Pakistan,admin2,PK12022,Azad Kashmir,PK1062022,Mirpur,31,2025-04-01,2025-04-15,0.32,32,10.059999999999999,1006,0.1310228355461099,0.9356269475587533,2237
PAK,Pakistan,admin2,PK12022,Azad Kashmir,PK1072022,Muzaffarabad,31,2025-04-01,2025-04-15,0,0,0.33,33,0,0.0343548081299275,27
PAK,Pakistan,admin2,PK12022,Azad Kashmir,PK1082022,Neelum,31,2025-04-01,2025-04-15,0.01,1,6.08,608,0.1099531297835001,0.15878901336931994,169
PAK,Pakistan,admin2,PK22022,Balochistan,PK2012022,Awaran,31,2025-04-01,2025-04-15,1.65,165,18.099999999999998,1810,0.5918822869571934,0.06476173165503987,162
PAK,Pakistan,admin2,PK22022,Balochistan,PK2032022,Chagai,31,2025-04-01,2025-04-15,0.02,2,63.04,6304,0.007745772213242,0.12357223115004354,175
PAK,Pakistan,admin2,PK22022,Balochistan,PK2042022,Dera Bugti,31,2025-04-01,2025-04-15,5.08,508,14.379999999999999,1438,0.8468494865264048,0.1217954848641083,1606
PAK,Pakistan,admin2,PK22022,Balochistan,PK2052022,Gwadar,31,2025-04-01,2025-04-15,1.3,130,271.43,27143,4.992718011587925,2.1094220519459483,4082
PAK,Pakistan,admin2,PK22022,Balochistan,PK2072022_1,Jaffarabad,31,2025-04-01,2025-04-15,0.56,56,5.119999999999999,512,0.0781939690108758,0.6337139921001255,679
PAK,Pakistan,admin2,PK22022,Balochistan,PK2082022,Jhal Magsi,31,2025-04-01,2025-04-15,0.26,26,0.5700000000000001,57,0.0151931924414898,0.03295162646825153,25
PAK,Pakistan,admin2,PK22022,Balochistan,PK2092022,Kachhi,31,2025-04-01,2025-04-15,0.91,91,4.29,429,0.0617875608659396,0.06985461160548587,151
PAK,Pakistan,admin2,PK22022,Balochistan,PK2112022,Kech,31,2025-04-01,2025-04-15,0.02,2,33.82,3382,0.008293336954215,0.12396881412619172,649
PAK,Pakistan,admin2,PK22022,Balochistan,PK2132022,Khuzdar,31,2025-04-01,2025-04-15,0.19,19,9.83,983,0.0138175300051442,0.029672398327038458,142
PAK,Pakistan,admin2,PK22022,Balochistan,PK2142022,Killa Abdullah,31,2025-04-01,2025-04-15,0.01,1,1.32,132,0.0048247481197672,0.0381791356196055,10
PAK,Pakistan,admin2,PK22022,Balochistan,PK2152022,Killa Saifullah,31,2025-04-01,2025-04-15,0.02,2,13.36,1336,0.002544044265173,0.09249850735244482,130
PAK,Pakistan,admin2,PK22022,Balochistan,PK2172022,Lasbela,31,2025-04-01,2025-04-15,0.82,82,199.04,19904,0.0857275937855161,1.269456945966445,2038
PAK,Pakistan,admin2,PK22022,Balochistan,PK2192022,Loralai,31,2025-04-01,2025-04-15,0,0,0.24,24,0,0.0061289507196308525,16
PAK,Pakistan,admin2,PK22022,Balochistan,PK2212022,Musakhel,31,2025-04-01,2025-04-15,0,0,0.12,12,0,0.0031981315219672835,4
PAK,Pakistan,admin2,PK22022,Balochistan,PK2222022,Nasirabad,31,2025-04-01,2025-04-15,0,0,0.16,16,0,0.018084450661318342,24
PAK,Pakistan,admin2,PK22022,Balochistan,PK2232022,Nushki,31,2025-04-01,2025-04-15,0.6,60,2.9299999999999997,293,0.2768243721243285,0.04336328883526104,72
PAK,Pakistan,admin2,PK22022,Balochistan,PK2242022,Panjgur,31,2025-04-01,2025-04-15,0,0,0.28,28,0,0.0014310371588520162,3
PAK,Pakistan,admin2,PK22022,Balochistan,PK2252022,Pishin,31,2025-04-01,2025-04-15,0,0,0.76,76,0,0.012641214283995502,15
PAK,Pakistan,admin2,PK22022,Balochistan,PK2262022,Quetta,31,2025-04-01,2025-04-15,0.01,1,0.8,80,0.0055193228245426,0.018883491357608976,161
PAK,Pakistan,admin2,PK22022,Balochistan,PK2272022,Sherani,31,2025-04-01,2025-04-15,0.05,5,19.88,1988,0.2627636137313051,0.5532306145865685,444
PAK,Pakistan,admin2,PK22022,Balochistan,PK2292022,Sohbatpur,31,2025-04-01,2025-04-15,9.7,970,40.11,4011,1.3906209573746409,4.48579796640141,4645
PAK,Pakistan,admin2,PK22022,Balochistan,PK2302022,Washuk,31,2025-04-01,2025-04-15,0,0,4.4,440,0,0.0099943527453177,9
PAK,Pakistan,admin2,PK22022,Balochistan,PK2312022,Zhob,31,2025-04-01,2025-04-15,0.67,67,10.98,1098,0.319643929571694,0.07832357856181232,220
PAK,Pakistan,admin2,PK22022,Balochistan,PK2332022,Shaheed Sikandarabad,31,2025-04-01,2025-04-15,0.04,4,1.01,101,0.0141219139291498,0.023959340399312273,19
PAK,Pakistan,admin2,PK22022,Balochistan,PK2342022,Duki,31,2025-04-01,2025-04-15,0.07,7,1.08,108,0.0156848809873408,0.02330746562921071,34
PAK,Pakistan,admin2,PK22022,Balochistan,PK2362022,Usta Muhammad,31,2025-04-01,2025-04-15,2.15,215,5.34,534,0.2236863004554385,0.47486467385546477,812
PAK,Pakistan,admin2,PK32022,Gilgit Baltistan,PK3012022,Astore,31,2025-04-01,2025-04-15,0.27,27,16.669999999999998,1667,1.4033264033264037,0.2928573579535373,401
PAK,Pakistan,admin2,PK32022,Gilgit Baltistan,PK3022022,Diamir,31,2025-04-01,2025-04-15,0,0,2.21,221,0,0.045484533527355424,45
PAK,Pakistan,admin2,PK32022,Gilgit Baltistan,PK3032022,Ghanche,31,2025-04-01,2025-04-15,0.05,5,15.06,1506,0.5428881650380022,0.14147781090756523,278
PAK,Pakistan,admin2,PK32022,Gilgit Baltistan,PK3042022,Ghizer,31,2025-04-01,2025-04-15,0.04,4,6.7,670,0.2175452366124367,0.1245544926014484,35
PAK,Pakistan,admin2,PK32022,Gilgit Baltistan,PK3052022,Gilgit,31,2025-04-01,2025-04-15,0,0,4.57,457,0,0.10476597204823908,52
PAK,Pakistan,admin2,PK32022,Gilgit Baltistan,PK3062022,Hunza,31,2025-04-01,2025-04-15,0,0,79.65,7965,0,0.5592046264024401,398
PAK,Pakistan,admin2,PK32022,Gilgit Baltistan,PK3072022,Skardu,31,2025-04-01,2025-04-15,0.12,12,14.16,1416,0.5259358564504486,0.5765043809814544,791
PAK,Pakistan,admin2,PK32022,Gilgit Baltistan,PK3082022,Nagar,31,2025-04-01,2025-04-15,0,0,10.3,1030,0,0.2800311677408446,786
PAK,Pakistan,admin2,PK32022,Gilgit Baltistan,PK3092022,Kharmang,31,2025-04-01,2025-04-15,0.06,6,14.969999999999999,1497,3.125,0.21253489126296043,297
PAK,Pakistan,admin2,PK32022,Gilgit Baltistan,PK3102022,Shigar,31,2025-04-01,2025-04-15,0,0,6.65,665,0,0.06336178733126759,29
PAK,Pakistan,admin2,PK32022,Gilgit Baltistan,PK3112022,Darel,31,2025-04-01,2025-04-15,0,0,0.52,52,0,0.02599207955081762,8
PAK,Pakistan,admin2,PK32022,Gilgit Baltistan,PK3122022,Tangir,31,2025-04-01,2025-04-15,0.14,14,4.449999999999999,445,1.072236288440572,0.34980500008908894,103
PAK,Pakistan,admin2,PK32022,Gilgit Baltistan,PK3132022,Gupis-Yasin,31,2025-04-01,2025-04-15,0.97,97,23.89,2389,2.768264840182648,0.30098766315455067,394
PAK,Pakistan,admin2,PK32022,Gilgit Baltistan,PK3142022,Rondu,31,2025-04-01,2025-04-15,0,0,3.82,382,0,0.16756715303974656,65
PAK,Pakistan,admin2,PK42022,Islamabad,PK4012022,Islamabad,31,2025-04-01,2025-04-15,0.09,9,3.34,334,0.0340207501375283,0.3075292009212804,4992
PAK,Pakistan,admin2,PK52022,Khyber Pakhtunkhwa,PK5012022,Abbottabad,31,2025-04-01,2025-04-15,0,0,0.16,16,0,0.008913894207063278,37
PAK,Pakistan,admin2,PK52022,Khyber Pakhtunkhwa,PK5022022,Bajaur,31,2025-04-01,2025-04-15,0.36,36,0.5700000000000001,57,0.0696901672336267,0.04742341892735686,433
PAK,Pakistan,admin2,PK52022,Khyber Pakhtunkhwa,PK5032022,Bannu,31,2025-04-01,2025-04-15,1.36,136,4.97,497,0.2134677597512694,0.20503314593323738,256
PAK,Pakistan,admin2,PK52022,Khyber Pakhtunkhwa,PK5042022,Batagram,31,2025-04-01,2025-04-15,0,0,2.3699999999999997,237,0,0.13959271679648572,253
PAK,Pakistan,admin2,PK52022,Khyber Pakhtunkhwa,PK5052022,Buner,31,2025-04-01,2025-04-15,0,0,0.12000000000000001,12,0,0.0071990918980784175,53
PAK,Pakistan,admin2,PK52022,Khyber Pakhtunkhwa,PK5062022,Charsadda,31,2025-04-01,2025-04-15,5.2,520,21.759999999999998,2176,0.9371124737797564,1.795928904156472,21359
PAK,Pakistan,admin2,PK52022,Khyber Pakhtunkhwa,PK5072022,Chitral Lower,31,2025-04-01,2025-04-15,0.08,8,58.699999999999996,5870,0.2816271422299899,0.7819036840296939,1548
PAK,Pakistan,admin2,PK52022,Khyber Pakhtunkhwa,PK5082022,Chitral Upper,31,2025-04-01,2025-04-15,0.06,6,45.98,4598,0.2724795640326975,0.4285615910213368,1507
PAK,Pakistan,admin2,PK52022,Khyber Pakhtunkhwa,PK5092022,D. I. Khan,31,2025-04-01,2025-04-15,38.02,3802,127.88,12788,0.91649240807546,1.1999423884585094,14378
PAK,Pakistan,admin2,PK52022,Khyber Pakhtunkhwa,PK5102022,Hangu,31,2025-04-01,2025-04-15,0.03,3,0.8,80,0.0102323492310155,0.0494494890195227,158
PAK,Pakistan,admin2,PK52022,Khyber Pakhtunkhwa,PK5112022,Haripur,31,2025-04-01,2025-04-15,0.42,42,18.630000000000003,1863,0.0836971934010038,0.7884484963713844,3374
PAK,Pakistan,admin2,PK52022,Khyber Pakhtunkhwa,PK5122022,Karak,31,2025-04-01,2025-04-15,0.02,2,3.01,301,0.0050857274145837,0.09733520542921317,358
PAK,Pakistan,admin2,PK52022,Khyber Pakhtunkhwa,PK5132022,Khyber,31,2025-04-01,2025-04-15,0.24,24,2.9699999999999998,297,0.1447618218606435,0.08943939514664878,537
PAK,Pakistan,admin2,PK52022,Khyber Pakhtunkhwa,PK5142022,Kohat,31,2025-04-01,2025-04-15,0.27,27,24.13,2413,0.0406047363346042,0.5837637984361415,2337
PAK,Pakistan,admin2,PK52022,Khyber Pakhtunkhwa,PK5152022,Kohistan Lower,31,2025-04-01,2025-04-15,0,0,1.04,104,0,0.10600783410685347,159
PAK,Pakistan,admin2,PK52022,Khyber Pakhtunkhwa,PK5162022,Kohistan Upper,31,2025-04-01,2025-04-15,0.03,3,9.22,922,0.2074688796680498,0.136776274487591,445
PAK,Pakistan,admin2,PK52022,Khyber Pakhtunkhwa,PK5172022,Kolai Palas Kohistan,31,2025-04-01,2025-04-15,0.01,1,1.04,104,0.1018887374986514,0.07276463381979992,248
PAK,Pakistan,admin2,PK52022,Khyber Pakhtunkhwa,PK5182022,Kurram,31,2025-04-01,2025-04-15,0.03,3,1.9200000000000002,192,0.0111106818531048,0.047312500204141315,176
PAK,Pakistan,admin2,PK52022,Khyber Pakhtunkhwa,PK5192022,Lakki Marwat,31,2025-04-01,2025-04-15,0.38,38,1.24,124,0.0291469070288864,0.03188998025392994,232
PAK,Pakistan,admin2,PK52022,Khyber Pakhtunkhwa,PK5222022,Mansehra,31,2025-04-01,2025-04-15,0.2,20,8.799999999999999,880,0.0583239548032807,0.18514089841155532,669
PAK,Pakistan,admin2,PK52022,Khyber Pakhtunkhwa,PK5232022,Mardan,31,2025-04-01,2025-04-15,0.83,83,1.2,120,0.0987614847847819,0.07090067420285218,1493
PAK,Pakistan,admin2,PK52022,Khyber Pakhtunkhwa,PK5242022,Mohmand,31,2025-04-01,2025-04-15,0.32,32,3.2800000000000002,328,0.0715507601347574,0.11926526267040471,1781
PAK,Pakistan,admin2,PK52022,Khyber Pakhtunkhwa,PK5252022,North Waziristan,31,2025-04-01,2025-04-15,0.08,8,2.5999999999999996,260,0.052280064304479,0.04943227627169835,43
PAK,Pakistan,admin2,PK52022,Khyber Pakhtunkhwa,PK5262022,Nowshera,31,2025-04-01,2025-04-15,7.01,701,22.53,2253,1.409606791031382,1.080537596018399,14262
PAK,Pakistan,admin2,PK52022,Khyber Pakhtunkhwa,PK5282022,Peshawar,31,2025-04-01,2025-04-15,1.03,103,5.08,508,0.1560634899432782,0.2731715373646638,5328
PAK,Pakistan,admin2,PK52022,Khyber Pakhtunkhwa,PK5292022,Shangla,31,2025-04-01,2025-04-15,0.97,97,1.93,193,2.5565547956461563,0.11562121423630128,878
PAK,Pakistan,admin2,PK52022,Khyber Pakhtunkhwa,PK5302022,South Waziristan,31,2025-04-01,2025-04-15,0.14,14,20.02,2002,0.0714840366334663,0.38602363219874586,468
PAK,Pakistan,admin2,PK52022,Khyber Pakhtunkhwa,PK5312022,Swabi,31,2025-04-01,2025-04-15,0.33,33,10.719999999999999,1072,0.0356803105234316,0.597851278414502,10002
PAK,Pakistan,admin2,PK52022,Khyber Pakhtunkhwa,PK5322022,Swat,31,2025-04-01,2025-04-15,0.36,36,7.8500000000000005,785,0.1097369027870901,0.12265277558957358,1018
PAK,Pakistan,admin2,PK52022,Khyber Pakhtunkhwa,PK5332022,Tank,31,2025-04-01,2025-04-15,1.27,127,1.6800000000000002,168,0.1780784322631378,0.050810911427365615,180
PAK,Pakistan,admin2,PK52022,Khyber Pakhtunkhwa,PK5342022,Tor Ghar,31,2025-04-01,2025-04-15,0.77,77,9.719999999999999,972,5.677448083228756,1.7575533631874882,4067
PAK,Pakistan,admin2,PK52022,Khyber Pakhtunkhwa,PK5352022,Upper Dir,31,2025-04-01,2025-04-15,0,0,2.17,217,0,0.05017958369345168,163
PAK,Pakistan,admin2,PK62022,Punjab,PK6012022,Attock,31,2025-04-01,2025-04-15,1.48,148,28.75,2875,0.0434131022053821,0.34608461942547836,4594
PAK,Pakistan,admin2,PK62022,Punjab,PK6022022,Bahawalnagar,31,2025-04-01,2025-04-15,5.99,599,11.799999999999999,1180,0.0933752781680988,0.11920224580358767,4567
PAK,Pakistan,admin2,PK62022,Punjab,PK6032022,Bahawalpur,31,2025-04-01,2025-04-15,1.8,180,3.1399999999999997,314,0.0259146228803864,0.011436175533459774,949
PAK,Pakistan,admin2,PK62022,Punjab,PK6042022,Bhakkar,31,2025-04-01,2025-04-15,7.74,774,37.78,3778,0.1816379368680206,0.37837337068394605,3540
PAK,Pakistan,admin2,PK62022,Punjab,PK6052022,Chakwal,31,2025-04-01,2025-04-15,1.33,133,14.57,1457,0.0407202622560185,0.18805287651988592,5161
PAK,Pakistan,admin2,PK62022,Punjab,PK6062022,Chiniot,31,2025-04-01,2025-04-15,9.63,963,46.550000000000004,4655,0.4205042290329422,1.5180991915863646,18106
PAK,Pakistan,admin2,PK62022,Punjab,PK6072022,Dera Ghazi Khan,31,2025-04-01,2025-04-15,59.14,5914,164.49,16449,1.243214142385038,1.201678837724873,27172
PAK,Pakistan,admin2,PK62022,Punjab,PK6082022,Faisalabad,31,2025-04-01,2025-04-15,1.66,166,3.7299999999999995,373,0.0333908769182616,0.05345620033361733,2539
PAK,Pakistan,admin2,PK62022,Punjab,PK6092022,Gujranwala,31,2025-04-01,2025-04-15,22.95,2295,80.31,8031,0.6434883672345152,1.8731371973196191,47328
PAK,Pakistan,admin2,PK62022,Punjab,PK6102022,Gujrat,31,2025-04-01,2025-04-15,12.76,1276,49.519999999999996,4952,0.4903612029133884,1.311246267949056,26811
PAK,Pakistan,admin2,PK62022,Punjab,PK6112022,Hafizabad,31,2025-04-01,2025-04-15,19.1,1910,62.14,6214,0.80830411871152,2.3065345845178733,23459
PAK,Pakistan,admin2,PK62022,Punjab,PK6122022,Jhang,31,2025-04-01,2025-04-15,7.6,760,33.21,3321,0.1452162931871701,0.4464099568468531,11343
PAK,Pakistan,admin2,PK62022,Punjab,PK6132022,Jhelum,31,2025-04-01,2025-04-15,6.27,627,25.71,2571,0.3823396460207077,0.6036434613900621,12429
PAK,Pakistan,admin2,PK62022,Punjab,PK6142022,Kasur,31,2025-04-01,2025-04-15,1.12,112,4.220000000000001,422,0.0305324105118942,0.0952158971138126,1687
PAK,Pakistan,admin2,PK62022,Punjab,PK6152022,Khanewal,31,2025-04-01,2025-04-15,4.15,415,29.340000000000003,2934,0.1016361904398957,0.5792566966795393,10994
PAK,Pakistan,admin2,PK62022,Punjab,PK6162022,Khushab,31,2025-04-01,2025-04-15,0.6,60,6.16,616,0.0187120519128578,0.07876102075165356,783
PAK,Pakistan,admin2,PK62022,Punjab,PK6172022,Lahore,31,2025-04-01,2025-04-15,1.41,141,3.13,313,0.1389967139483576,0.22020163423464276,5407
PAK,Pakistan,admin2,PK62022,Punjab,PK6182022,Leiah,31,2025-04-01,2025-04-15,54.53,5453,110.07000000000001,11007,1.2153465011202846,1.4669618006656182,15806
PAK,Pakistan,admin2,PK62022,Punjab,PK6192022,Lodhran,31,2025-04-01,2025-04-15,0.07,7,0.26,26,0.0025425004952534,0.009096181458694739,89
PAK,Pakistan,admin2,PK62022,Punjab,PK6202022,Mandi Bahauddin,31,2025-04-01,2025-04-15,35.51,3551,111.84,11184,1.4157262822559242,3.433100813678548,50172
PAK,Pakistan,admin2,PK62022,Punjab,PK6212022,Mianwali,31,2025-04-01,2025-04-15,69.84,6984,196.25,19625,1.9461415606096637,2.7639150082941892,29094
PAK,Pakistan,admin2,PK62022,Punjab,PK6222022,Multan,31,2025-04-01,2025-04-15,0.62,62,6,600,0.021131753072057,0.1420353905405097,1714
PAK,Pakistan,admin2,PK62022,Punjab,PK6232022,Muzaffargarh,31,2025-04-01,2025-04-15,66.28,6628,207.22000000000003,20722,1.1697215324435883,2.325115465056843,57197
PAK,Pakistan,admin2,PK62022,Punjab,PK6242022,Nankana Sahib,31,2025-04-01,2025-04-15,2.99,299,5.9,590,0.1384159970660055,0.2286932628089619,1722
PAK,Pakistan,admin2,PK62022,Punjab,PK6252022,Narowal,31,2025-04-01,2025-04-15,0.04,4,0.16,16,0.0016136331626167,0.006146153542785845,134
PAK,Pakistan,admin2,PK62022,Punjab,PK6262022,Okara,31,2025-04-01,2025-04-15,3.12,312,5.220000000000001,522,0.0698231290448937,0.10081984309020998,2470
PAK,Pakistan,admin2,PK62022,Punjab,PK6282022,Rahim Yar Khan,31,2025-04-01,2025-04-15,30.03,3003,138.97,13897,0.431391756737379,0.9477853271629856,34590
PAK,Pakistan,admin2,PK62022,Punjab,PK6292022,Rajanpur,31,2025-04-01,2025-04-15,47.07,4707,118.41,11841,0.8600910097009201,0.8187217055851742,15451
PAK,Pakistan,admin2,PK62022,Punjab,PK6302022,Rawalpindi,31,2025-04-01,2025-04-15,0.61,61,15.479999999999999,1548,0.0268072124033757,0.24646085730317172,3208
PAK,Pakistan,admin2,PK62022,Punjab,PK6312022,Sahiwal,31,2025-04-01,2025-04-15,0.01,1,0.53,53,0.00031993858785079503,0.014155891569997405,1081
PAK,Pakistan,admin2,PK62022,Punjab,PK6322022,Sargodha,31,2025-04-01,2025-04-15,16.78,1678,68.5,6850,0.3553007641436739,0.989715340529985,25621
PAK,Pakistan,admin2,PK62022,Punjab,PK6332022,Sheikhupura,31,2025-04-01,2025-04-15,1.31,131,4.5,450,0.0366423184192132,0.10515746457444324,1366
PAK,Pakistan,admin2,PK62022,Punjab,PK6342022,Sialkot,31,2025-04-01,2025-04-15,6.5,650,22.26,2226,0.2124353297832602,0.6568178205853692,14720
PAK,Pakistan,admin2,PK62022,Punjab,PK6352022,Toba Tek Singh,31,2025-04-01,2025-04-15,0.03,3,0.04,4,0.0010779308951607,0.0014219327947720569,7
PAK,Pakistan,admin2,PK62022,Punjab,PK6362022,Vehari,31,2025-04-01,2025-04-15,1.42,142,3.59,359,0.0313702292625761,0.06885790530949995,1968
PAK,Pakistan,admin2,PK72022,Sindh,PK7012022,Badin,31,2025-04-01,2025-04-15,72.8,7280,182.95999999999998,18296,1.4606714564426375,2.516579654381161,28990
PAK,Pakistan,admin2,PK72022,Sindh,PK7032022,Dadu,31,2025-04-01,2025-04-15,35.31,3531,81.35000000000001,8135,1.0480165727233983,0.9015220772160352,17922
PAK,Pakistan,admin2,PK72022,Sindh,PK7052022,Ghotki,31,2025-04-01,2025-04-15,16.28,1628,126.31,12631,0.5253954817861638,1.74777271243366,10499
PAK,Pakistan,admin2,PK72022,Sindh,PK7062022,Hyderabad,31,2025-04-01,2025-04-15,7.14,714,26.990000000000002,2699,1.373716540416327,2.3838740116635906,51086
PAK,Pakistan,admin2,PK72022,Sindh,PK7072022,Jacobabad,31,2025-04-01,2025-04-15,33.4,3340,83.34,8334,1.3572820116165605,2.7188777718356727,15887
PAK,Pakistan,admin2,PK72022,Sindh,PK7082022,Jamshoro,31,2025-04-01,2025-04-15,16.85,1685,79.34,7934,1.0674276143467938,0.633696193471595,10656
PAK,Pakistan,admin2,PK72022,Sindh,PK7092022,Kambar Shahdad Kot,31,2025-04-01,2025-04-15,44.62,4462,67.66,6766,1.2997859004810306,1.075512747849078,3696
PAK,Pakistan,admin2,PK72022,Sindh,PK7102022,Kashmore,31,2025-04-01,2025-04-15,52.91,5291,170.23,17023,2.500259207278819,5.7121132503712895,35680
PAK,Pakistan,admin2,PK72022,Sindh,PK7112022,Khairpur,31,2025-04-01,2025-04-15,49.86,4986,195.95999999999998,19596,1.5542705423869116,1.0881683045490804,50522
PAK,Pakistan,admin2,PK72022,Sindh,PK7122022,Korangi Karachi,31,2025-04-01,2025-04-15,0,0,5.83,583,0,5.4729128273016485,14332
PAK,Pakistan,admin2,PK72022,Sindh,PK7132022,Larkana,31,2025-04-01,2025-04-15,9.51,951,46.400000000000006,4640,0.6182489877241985,2.1337694937074616,12702
PAK,Pakistan,admin2,PK72022,Sindh,PK7142022,Malir Karachi,31,2025-04-01,2025-04-15,1.64,164,228.88,22888,0.6631389114278246,7.567575585511935,55187
PAK,Pakistan,admin2,PK72022,Sindh,PK7152022,Matiari,31,2025-04-01,2025-04-15,19.16,1916,53.879999999999995,5388,1.7033340066531066,3.3143638426772126,14766
PAK,Pakistan,admin2,PK72022,Sindh,PK7162022,Mirpur Khas,31,2025-04-01,2025-04-15,0.42,42,6.88,688,0.0180205306846058,0.18257997430080675,999
PAK,Pakistan,admin2,PK72022,Sindh,PK7172022,Naushahro Feroze,31,2025-04-01,2025-04-15,29.24,2924,88.48,8848,1.1609700678616748,2.5884611152162087,25399
PAK,Pakistan,admin2,PK72022,Sindh,PK7182022,Sanghar,31,2025-04-01,2025-04-15,37.1,3710,247.91000000000003,24791,0.9426288980875924,2.185149665212501,39323
PAK,Pakistan,admin2,PK72022,Sindh,PK7192022,Shaheed Benazir Abad,31,2025-04-01,2025-04-15,46.25,4625,159.1,15910,1.5263730472163983,3.098419916199195,33314
PAK,Pakistan,admin2,PK72022,Sindh,PK7202022,Shikarpur,31,2025-04-01,2025-04-15,18.14,1814,54.129999999999995,5413,0.8428709258437019,1.866841482170821,12937
PAK,Pakistan,admin2,PK72022,Sindh,PK7212022,South Karachi,31,2025-04-01,2025-04-15,0,0,29.75,2975,0,5.454400742452779,72638
PAK,Pakistan,admin2,PK72022,Sindh,PK7222022,Sujawal,31,2025-04-01,2025-04-15,83.31,8331,2569.78,256978,3.2084361434283566,26.85119596577781,88182
PAK,Pakistan,admin2,PK72022,Sindh,PK7232022,Sukkur,31,2025-04-01,2025-04-15,12.57,1257,82.67,8267,0.7584691821005385,1.4104887570011664,21460
PAK,Pakistan,admin2,PK72022,Sindh,PK7242022,Tando Allahyar,31,2025-04-01,2025-04-15,11.98,1198,24.590000000000003,2459,1.11616721572565,1.4316339072060964,6690
PAK,Pakistan,admin2,PK72022,Sindh,PK7252022,Tando Muhammad Khan,31,2025-04-01,2025-04-15,14.06,1406,35.870000000000005,3587,1.0150774375575786,1.9303107355315732,8150
PAK,Pakistan,admin2,PK72022,Sindh,PK7262022,Tharparkar,31,2025-04-01,2025-04-15,4.78,478,101.7,10170,0.1387992079574477,0.46833073137554393,4548
PAK,Pakistan,admin2,PK72022,Sindh,PK7272022,Thatta,31,2025-04-01,2025-04-15,88.85,8885,1027.53,102753,4.465520370424095,12.177524333307414,68351
PAK,Pakistan,admin2,PK72022,Sindh,PK7282022,Umer Kot,31,2025-04-01,2025-04-15,0.7,70,2.91,291,0.0364825074654246,0.04768868456542747,1232
PAK,Pakistan,admin2,PK72022,Sindh,PK7292022,West Karachi,31,2025-04-01,2025-04-15,0,0,0.13999999999999999,14,0,0.5389484617323945,21
PAK,Pakistan,admin2,PK62022,Punjab,PK6062022,Chiniot,30,2025-03-16,2025-03-31,19.28,1928,72.1,7210,0.8418817794138241,2.3513416050134666,29691
PAK,Pakistan,admin2,PK62022,Punjab,PK6052022,Chakwal,30,2025-03-16,2025-03-31,2.14,214,16.54,1654,0.0655198204720899,0.2134793807576467,4614
PAK,Pakistan,admin2,PK62022,Punjab,PK6042022,Bhakkar,30,2025-03-16,2025-03-31,19.12,1912,51.980000000000004,5198,0.4486973324181595,0.5205888779288386,5799
PAK,Pakistan,admin2,PK62022,Punjab,PK6032022,Bahawalpur,30,2025-03-16,2025-03-31,6.14,614,12.74,1274,0.0883976580475402,0.046400279075246326,2011
PAK,Pakistan,admin2,PK62022,Punjab,PK6022022,Bahawalnagar,30,2025-03-16,2025-03-31,22.87,2287,34.48,3448,0.3565096179807046,0.3483130029921783,13633
PAK,Pakistan,admin2,PK62022,Punjab,PK6012022,Attock,30,2025-03-16,2025-03-31,2.86,286,38.33,3833,0.0838928866941844,0.4614060334809944,6964
PAK,Pakistan,admin2,PK52022,Khyber Pakhtunkhwa,PK5352022,Upper Dir,30,2025-03-16,2025-03-31,0,0,3.42,342,0,0.07854096270092298,255
PAK,Pakistan,admin2,PK52022,Khyber Pakhtunkhwa,PK5342022,Tor Ghar,30,2025-03-16,2025-03-31,1.1,110,12.719999999999999,1272,8.110640118898225,2.300008104912022,5390
PAK,Pakistan,admin2,PK52022,Khyber Pakhtunkhwa,PK5332022,Tank,30,2025-03-16,2025-03-31,2.66,266,3.73,373,0.3729831730865721,0.12177705310875057,453
PAK,Pakistan,admin2,PK52022,Khyber Pakhtunkhwa,PK5322022,Swat,30,2025-03-16,2025-03-31,0.54,54,10.379999999999999,1038,0.1646053541806352,0.1757586631759823,989
PAK,Pakistan,admin2,PK52022,Khyber Pakhtunkhwa,PK5312022,Swabi,30,2025-03-16,2025-03-31,0.36,36,13.469999999999999,1347,0.0389239751164709,0.7512179776346408,13367
PAK,Pakistan,admin2,PK52022,Khyber Pakhtunkhwa,PK5302022,South Waziristan,30,2025-03-16,2025-03-31,0.14,14,20.35,2035,0.0714840366334663,0.3923866591031209,465
PAK,Pakistan,admin2,PK62022,Punjab,PK6102022,Gujrat,30,2025-03-16,2025-03-31,19.07,1907,59.709999999999994,5971,0.7328517350751033,1.581068551277022,32255
PAK,Pakistan,admin2,PK62022,Punjab,PK6092022,Gujranwala,30,2025-03-16,2025-03-31,48,4800,111.22,11122,1.3458580229741497,2.594076940429437,64796
PAK,Pakistan,admin2,PK62022,Punjab,PK6082022,Faisalabad,30,2025-03-16,2025-03-31,9.13,913,15.490000000000002,1549,0.1836498230504391,0.22199371130502257,7323
PAK,Pakistan,admin2,PK62022,Punjab,PK6072022,Dera Ghazi Khan,30,2025-03-16,2025-03-31,75.42,7542,184.42,18442,1.585444887025356,1.3472771065306164,30751
PAK,Pakistan,admin2,PK62022,Punjab,PK6112022,Hafizabad,30,2025-03-16,2025-03-31,51.16,5116,100.41999999999999,10042,2.1650700897005946,3.7274252168858193,36462
PAK,Pakistan,admin2,PK62022,Punjab,PK6122022,Jhang,30,2025-03-16,2025-03-31,22.85,2285,60.980000000000004,6098,0.4366042499114259,0.8196952474712766,20074
PAK,Pakistan,admin2,PK62022,Punjab,PK6132022,Jhelum,30,2025-03-16,2025-03-31,8.85,885,35.28999999999999,3529,0.5396660075411903,0.8285716745412404,17705
PAK,Pakistan,admin2,PK62022,Punjab,PK6142022,Kasur,30,2025-03-16,2025-03-31,6.64,664,10.780000000000001,1078,0.18101357660623,0.23092139940098586,4265
PAK,Pakistan,admin2,PK62022,Punjab,PK6152022,Khanewal,30,2025-03-16,2025-03-31,10.18,1018,43.65,4365,0.2493147996814792,0.8617776008882719,17194
PAK,Pakistan,admin2,PK62022,Punjab,PK6162022,Khushab,30,2025-03-16,2025-03-31,4.42,442,18.99,1899,0.1378454490913861,0.24280386105095825,4345
PAK,Pakistan,admin2,PK62022,Punjab,PK6172022,Lahore,30,2025-03-16,2025-03-31,2.69,269,5.23,523,0.2651781280291361,0.2570867034618169,8516
PAK,Pakistan,admin2,PK62022,Punjab,PK6182022,Leiah,30,2025-03-16,2025-03-31,68.79,6879,131.79000000000002,13179,1.53316863766852,1.7564358654467322,19861
PAK,Pakistan,admin2,PK62022,Punjab,PK6192022,Lodhran,30,2025-03-16,2025-03-31,0.85,85,1.4200000000000002,142,0.0308732202995062,0.047248779634875504,348
PAK,Pakistan,admin2,PK62022,Punjab,PK6202022,Mandi Bahauddin,30,2025-03-16,2025-03-31,50.66,5066,134.35999999999999,13436,2.019732285527601,4.124386850195365,60511
PAK,Pakistan,admin2,PK62022,Punjab,PK6212022,Mianwali,30,2025-03-16,2025-03-31,75.98,7598,202.82,20282,2.117237052908394,2.8564445451323692,30815
PAK,Pakistan,admin2,PK72022,Sindh,PK7292022,West Karachi,30,2025-03-16,2025-03-31,0.03,3,0.5900000000000001,59,0.1492642152214378,0.3511221204835473,71
PAK,Pakistan,admin2,PK72022,Sindh,PK7282022,Umer Kot,30,2025-03-16,2025-03-31,1.6,160,4.64,464,0.0833885884923993,0.07603968947889468,1922
PAK,Pakistan,admin2,PK72022,Sindh,PK7272022,Thatta,30,2025-03-16,2025-03-31,107.42,10742,1049.05,104905,5.398831718525113,12.432563430611406,74085
PAK,Pakistan,admin2,PK72022,Sindh,PK7262022,Tharparkar,30,2025-03-16,2025-03-31,6.15,615,148.17,14817,0.1785805709075948,0.6823261009627762,6244
PAK,Pakistan,admin2,PK72022,Sindh,PK7252022,Tando Muhammad Khan,30,2025-03-16,2025-03-31,21.12,2112,51.4,5140,1.524782039915794,2.7660432619549167,11780
PAK,Pakistan,admin2,PK72022,Sindh,PK7242022,Tando Allahyar,30,2025-03-16,2025-03-31,14.05,1405,27.43,2743,1.3090274942358415,1.5969791815641812,7391
PAK,Pakistan,admin2,PK72022,Sindh,PK7232022,Sukkur,30,2025-03-16,2025-03-31,18.35,1835,110.63,11063,1.1072322586750103,1.887533218665042,31042
PAK,Pakistan,admin2,PK72022,Sindh,PK7222022,Sujawal,30,2025-03-16,2025-03-31,125.33,12533,2536.7799999999997,253678,4.826711101378898,26.50638455512372,99594
PAK,Pakistan,admin2,PK72022,Sindh,PK7212022,South Karachi,30,2025-03-16,2025-03-31,0,0,31.91,3191,0,5.85224176449651,119934
PAK,Pakistan,admin2,PK72022,Sindh,PK7202022,Shikarpur,30,2025-03-16,2025-03-31,31.51,3151,83.67,8367,1.4641048993018215,2.885620299523971,20725
PAK,Pakistan,admin2,PK72022,Sindh,PK7192022,Shaheed Benazir Abad,30,2025-03-16,2025-03-31,63.28,6328,204.76,20476,2.0884083551968367,3.987633325210227,44734
PAK,Pakistan,admin2,PK72022,Sindh,PK7182022,Sanghar,30,2025-03-16,2025-03-31,50.43,5043,308.19,30819,1.2813146989368538,2.716474830873465,47745
PAK,Pakistan,admin2,PK72022,Sindh,PK7172022,Naushahro Feroze,30,2025-03-16,2025-03-31,56.02,5602,137.01,13701,2.22426618336563,4.0081945908202155,43272
PAK,Pakistan,admin2,PK72022,Sindh,PK7162022,Mirpur Khas,30,2025-03-16,2025-03-31,0.79,79,9.04,904,0.0338957600972347,0.2399015941394321,1216
PAK,Pakistan,admin2,PK72022,Sindh,PK7152022,Matiari,30,2025-03-16,2025-03-31,24.91,2491,67.72,6772,2.2145120096935744,4.165714911397566,18407
PAK,Pakistan,admin2,PK72022,Sindh,PK7142022,Malir Karachi,30,2025-03-16,2025-03-31,1.93,193,224.24,22424,0.7804012799120131,7.41416091093672,50892
PAK,Pakistan,admin2,PK72022,Sindh,PK7132022,Larkana,30,2025-03-16,2025-03-31,14.53,1453,63.49,6349,0.9446012399193062,2.919677266282041,17145
PAK,Pakistan,admin2,PK72022,Sindh,PK7122022,Korangi Karachi,30,2025-03-16,2025-03-31,0,0,4.8100000000000005,481,0,4.515387770037896,9575
PAK,Pakistan,admin2,PK72022,Sindh,PK7112022,Khairpur,30,2025-03-16,2025-03-31,82.03,8203,303.68999999999994,30369,2.557096120978708,1.6863943274571862,76409
PAK,Pakistan,admin2,PK72022,Sindh,PK7102022,Kashmore,30,2025-03-16,2025-03-31,83.51,8351,227.64000000000001,22764,3.9462605632178063,7.638521179078427,50395
PAK,Pakistan,admin2,PK72022,Sindh,PK7092022,Kambar Shahdad Kot,30,2025-03-16,2025-03-31,85.58,8558,122.22999999999999,12223,2.4929555661848184,1.92723758883763,7180
PAK,Pakistan,admin2,PK72022,Sindh,PK7082022,Jamshoro,30,2025-03-16,2025-03-31,22.8,2280,94.93,9493,1.4443530924099048,0.7582150194890159,17465
PAK,Pakistan,admin2,PK72022,Sindh,PK7072022,Jacobabad,30,2025-03-16,2025-03-31,55.88,5588,118.69,11869,2.270805952369263,3.8721334621931356,25063
PAK,Pakistan,admin2,PK72022,Sindh,PK7062022,Hyderabad,30,2025-03-16,2025-03-31,12.88,1288,41.900000000000006,4190,2.478076896437296,3.700789962530732,71419
PAK,Pakistan,admin2,PK72022,Sindh,PK7052022,Ghotki,30,2025-03-16,2025-03-31,26.1,2610,171,17100,0.8423109382444026,2.366155758262654,15558
PAK,Pakistan,admin2,PK72022,Sindh,PK7032022,Dadu,30,2025-03-16,2025-03-31,60.87,6087,120.86999999999999,12087,1.8066487901918236,1.3394833862704631,30352
PAK,Pakistan,admin2,PK72022,Sindh,PK7012022,Badin,30,2025-03-16,2025-03-31,105.17,10517,237.66000000000003,23766,2.1101485861823104,3.2689676468092856,41157
PAK,Pakistan,admin2,PK62022,Punjab,PK6362022,Vehari,30,2025-03-16,2025-03-31,4.52,452,6.23,623,0.0998545325822847,0.11949435935325506,3537
PAK,Pakistan,admin2,PK62022,Punjab,PK6352022,Toba Tek Singh,30,2025-03-16,2025-03-31,1.62,162,2.6500000000000004,265,0.0582082683386799,0.07768759234131756,1466
PAK,Pakistan,admin2,PK62022,Punjab,PK6342022,Sialkot,30,2025-03-16,2025-03-31,16.29,1629,36.8,3680,0.5323956187952784,1.0096645686430852,23781
PAK,Pakistan,admin2,PK62022,Punjab,PK6332022,Sheikhupura,30,2025-03-16,2025-03-31,9.86,986,14.989999999999998,1499,0.2757963813843072,0.3502911986602013,5357
PAK,Pakistan,admin2,PK62022,Punjab,PK6322022,Sargodha,30,2025-03-16,2025-03-31,26.46,2646,86.97,8697,0.5602656864863892,1.2565772724947852,32683
PAK,Pakistan,admin2,PK62022,Punjab,PK6312022,Sahiwal,30,2025-03-16,2025-03-31,1.29,129,2.26,226,0.0412720778327525,0.06036285839281907,2548
PAK,Pakistan,admin2,PK62022,Punjab,PK6302022,Rawalpindi,30,2025-03-16,2025-03-31,1.79,179,25.679999999999996,2568,0.0786637872164634,0.4088575462238669,5730
PAK,Pakistan,admin2,PK62022,Punjab,PK6292022,Rajanpur,30,2025-03-16,2025-03-31,67.92,6792,158.84,15884,1.2410745990840557,1.0982666642610341,22674
PAK,Pakistan,admin2,PK62022,Punjab,PK6282022,Rahim Yar Khan,30,2025-03-16,2025-03-31,41.37,4137,178.51,17851,0.5942949376032425,1.2174509516576568,41364
PAK,Pakistan,admin2,PK62022,Punjab,PK6272022,Pakpattan,30,2025-03-16,2025-03-31,0.5,50,0.6000000000000001,60,0.0169071372107273,0.01863019528718643,179
PAK,Pakistan,admin2,PK62022,Punjab,PK6262022,Okara,30,2025-03-16,2025-03-31,8.21,821,11.3,1130,0.1837332979033903,0.21824985190026322,5381
PAK,Pakistan,admin2,PK62022,Punjab,PK6252022,Narowal,30,2025-03-16,2025-03-31,3.51,351,4.269999999999999,427,0.1415963100196197,0.1516011854478959,2795
PAK,Pakistan,admin2,PK62022,Punjab,PK6242022,Nankana Sahib,30,2025-03-16,2025-03-31,13.92,1392,20.87,2087,0.6443982204544471,0.8089539652242433,7235
PAK,Pakistan,admin2,PK62022,Punjab,PK6232022,Muzaffargarh,30,2025-03-16,2025-03-31,87.31,8731,258.26,25826,1.5408628092584449,2.8978106360659215,76819
PAK,Pakistan,admin2,PK62022,Punjab,PK6222022,Multan,30,2025-03-16,2025-03-31,4.78,478,19.509999999999998,1951,0.1629189994910203,0.46185174490755804,6746
PAK,Pakistan,admin2,PK12022,Azad Kashmir,PK1052022,Kotli,30,2025-03-16,2025-03-31,0.15,15,5.06,506,0.084083933571714,0.26336145019065077,1555
PAK,Pakistan,admin2,PK12022,Azad Kashmir,PK1062022,Mirpur,30,2025-03-16,2025-03-31,0.49,49,10.89,1089,0.2006287169299808,1.0128208209656884,2379
PAK,Pakistan,admin2,PK52022,Khyber Pakhtunkhwa,PK5292022,Shangla,30,2025-03-16,2025-03-31,0.94,94,3.5,350,2.477486090626172,0.2084593675555332,1343
PAK,Pakistan,admin2,PK52022,Khyber Pakhtunkhwa,PK5282022,Peshawar,30,2025-03-16,2025-03-31,0.75,75,4.0600000000000005,406,0.1136384635509307,0.21832213419301869,3466
PAK,Pakistan,admin2,PK52022,Khyber Pakhtunkhwa,PK5262022,Nowshera,30,2025-03-16,2025-03-31,7.53,753,24.310000000000002,2431,1.514171060836848,1.1659063008969055,16628
PAK,Pakistan,admin2,PK52022,Khyber Pakhtunkhwa,PK5252022,North Waziristan,30,2025-03-16,2025-03-31,0.27,27,5,500,0.1764452170276168,0.08487430341994977,183
PAK,Pakistan,admin2,PK52022,Khyber Pakhtunkhwa,PK5242022,Mohmand,30,2025-03-16,2025-03-31,0.25,25,3.7800000000000002,378,0.0558990313552792,0.13878499931557778,1264
PAK,Pakistan,admin2,PK52022,Khyber Pakhtunkhwa,PK5222022,Mansehra,30,2025-03-16,2025-03-31,0.23,23,6.92,692,0.0670725480237728,0.14558807011454122,1195
PAK,Pakistan,admin2,PK52022,Khyber Pakhtunkhwa,PK5202022,Lower Dir,30,2025-03-16,2025-03-31,0,0,0.17,17,0,0.011323105534739128,42
PAK,Pakistan,admin2,PK52022,Khyber Pakhtunkhwa,PK5192022,Lakki Marwat,30,2025-03-16,2025-03-31,1.96,196,8.48,848,0.1503366783595194,0.21329854060357292,1624
PAK,Pakistan,admin2,PK52022,Khyber Pakhtunkhwa,PK5182022,Kurram,30,2025-03-16,2025-03-31,0.02,2,1.56,156,0.0074071212354032,0.0384414064158648,96
PAK,Pakistan,admin2,PK52022,Khyber Pakhtunkhwa,PK5172022,Kolai Palas Kohistan,30,2025-03-16,2025-03-31,0,0,1.7599999999999998,176,0,0.12518551542221099,221
PAK,Pakistan,admin2,PK52022,Khyber Pakhtunkhwa,PK5162022,Kohistan Upper,30,2025-03-16,2025-03-31,0,0,11.440000000000001,1144,0,0.17007421717718438,527
PAK,Pakistan,admin2,PK52022,Khyber Pakhtunkhwa,PK5142022,Kohat,30,2025-03-16,2025-03-31,0.77,77,25,2500,0.1157986925097973,0.6048112292127452,2581
PAK,Pakistan,admin2,PK52022,Khyber Pakhtunkhwa,PK5132022,Khyber,30,2025-03-16,2025-03-31,0.32,32,4.67,467,0.193015762480858,0.14063366172890573,1448
PAK,Pakistan,admin2,PK52022,Khyber Pakhtunkhwa,PK5122022,Karak,30,2025-03-16,2025-03-31,0.02,2,4.49,449,0.0050857274145837,0.14519437620503897,459
PAK,Pakistan,admin2,PK52022,Khyber Pakhtunkhwa,PK5112022,Haripur,30,2025-03-16,2025-03-31,0.73,73,21.259999999999998,2126,0.1454736932922209,0.8997538933363195,4127
PAK,Pakistan,admin2,PK52022,Khyber Pakhtunkhwa,PK5102022,Hangu,30,2025-03-16,2025-03-31,0.03,3,0.64,64,0.0102323492310155,0.04767662766385467,123
PAK,Pakistan,admin2,PK52022,Khyber Pakhtunkhwa,PK5092022,D. I. Khan,30,2025-03-16,2025-03-31,53.41,5341,151.65,15165,1.287476578519472,1.4229845418340084,18329
PAK,Pakistan,admin2,PK52022,Khyber Pakhtunkhwa,PK5082022,Chitral Upper,30,2025-03-16,2025-03-31,0.07,7,65.11999999999999,6512,0.3178928247048138,0.6071006381839457,2098
PAK,Pakistan,admin2,PK52022,Khyber Pakhtunkhwa,PK5072022,Chitral Lower,30,2025-03-16,2025-03-31,0.23,23,55.33,5533,0.8096780339112211,0.7370141539584832,2879
PAK,Pakistan,admin2,PK52022,Khyber Pakhtunkhwa,PK5062022,Charsadda,30,2025-03-16,2025-03-31,2.97,297,13.29,1329,0.5352353936780532,1.09687018089336,11521
PAK,Pakistan,admin2,PK52022,Khyber Pakhtunkhwa,PK5052022,Buner,30,2025-03-16,2025-03-31,0,0,0.15,15,0,0.008998864872598038,66
PAK,Pakistan,admin2,PK52022,Khyber Pakhtunkhwa,PK5042022,Batagram,30,2025-03-16,2025-03-31,0,0,0.49,49,0,0.03150997144962053,190
PAK,Pakistan,admin2,PK52022,Khyber Pakhtunkhwa,PK5032022,Bannu,30,2025-03-16,2025-03-31,2.13,213,7.390000000000001,739,0.3343281825516205,0.30486819888262073,789
PAK,Pakistan,admin2,PK52022,Khyber Pakhtunkhwa,PK5022022,Bajaur,30,2025-03-16,2025-03-31,0.42,42,1.1500000000000001,115,0.0813051951058979,0.069681789583284,527
PAK,Pakistan,admin2,PK42022,Islamabad,PK4012022,Islamabad,30,2025-03-16,2025-03-31,0.1,10,4.3100000000000005,431,0.0378008334861425,0.3968415736439277,6304
PAK,Pakistan,admin2,PK32022,Gilgit Baltistan,PK3142022,Rondu,30,2025-03-16,2025-03-31,0.02,2,4.69,469,0.3605565296080538,0.25956496178820476,117
PAK,Pakistan,admin2,PK32022,Gilgit Baltistan,PK3132022,Gupis-Yasin,30,2025-03-16,2025-03-31,0.39,39,26.53,2653,1.1130136986301369,0.2764661625670323,346
PAK,Pakistan,admin2,PK32022,Gilgit Baltistan,PK3122022,Tangir,30,2025-03-16,2025-03-31,0,0,1.04,104,0,0.09182561263559204,8
PAK,Pakistan,admin2,PK32022,Gilgit Baltistan,PK3112022,Darel,30,2025-03-16,2025-03-31,0,0,0.62,62,0,0.03099055638751334,30
PAK,Pakistan,admin2,PK32022,Gilgit Baltistan,PK3102022,Shigar,30,2025-03-16,2025-03-31,0,0,13.349999999999998,1335,0,0.1271999790785595,102
PAK,Pakistan,admin2,PK32022,Gilgit Baltistan,PK3092022,Kharmang,30,2025-03-16,2025-03-31,0,0,1.09,109,0,0.018190328598551176,26
PAK,Pakistan,admin2,PK32022,Gilgit Baltistan,PK3082022,Nagar,30,2025-03-16,2025-03-31,0,0,3.6100000000000003,361,0,0.0962521702090914,176
PAK,Pakistan,admin2,PK32022,Gilgit Baltistan,PK3072022,Skardu,30,2025-03-16,2025-03-31,0.33,33,13.950000000000001,1395,1.4463236052387336,0.6717625760195503,854
PAK,Pakistan,admin2,PK32022,Gilgit Baltistan,PK3062022,Hunza,30,2025-03-16,2025-03-31,0,0,33.8,3380,0,0.2373021515681414,207
PAK,Pakistan,admin2,PK32022,Gilgit Baltistan,PK3052022,Gilgit,30,2025-03-16,2025-03-31,0,0,4.45,445,0,0.10201500560495926,84
PAK,Pakistan,admin2,PK32022,Gilgit Baltistan,PK3042022,Ghizer,30,2025-03-16,2025-03-31,0.02,2,5.63,563,0.1087726183062183,0.10466295423076928,82
PAK,Pakistan,admin2,PK32022,Gilgit Baltistan,PK3032022,Ghanche,30,2025-03-16,2025-03-31,0,0,11.78,1178,0,0.11076041384240941,290
PAK,Pakistan,admin2,PK32022,Gilgit Baltistan,PK3022022,Diamir,30,2025-03-16,2025-03-31,0,0,2.69,269,0,0.05536352723465431,49
PAK,Pakistan,admin2,PK32022,Gilgit Baltistan,PK3012022,Astore,30,2025-03-16,2025-03-31,0.17,17,5.81,581,0.8835758835758836,0.10206966105039274,160
PAK,Pakistan,admin2,PK22022,Balochistan,PK2362022,Usta Muhammad,30,2025-03-16,2025-03-31,6.92,692,13.200000000000001,1320,0.719957767047272,1.1738227893056437,1681
PAK,Pakistan,admin2,PK22022,Balochistan,PK2342022,Duki,30,2025-03-16,2025-03-31,0.07,7,1.08,108,0.0156848809873408,0.02330746562921071,34
PAK,Pakistan,admin2,PK22022,Balochistan,PK2332022,Shaheed Sikandarabad,30,2025-03-16,2025-03-31,0.08,8,1.9300000000000002,193,0.0282438278582996,0.04578369006997312,42
PAK,Pakistan,admin2,PK22022,Balochistan,PK2312022,Zhob,30,2025-03-16,2025-03-31,0.72,72,13.129999999999999,1313,0.3434979541665965,0.09366016270642943,263
PAK,Pakistan,admin2,PK22022,Balochistan,PK2302022,Washuk,30,2025-03-16,2025-03-31,0,0,11.02,1102,0,0.025030613399511816,15
PAK,Pakistan,admin2,PK22022,Balochistan,PK2292022,Sohbatpur,30,2025-03-16,2025-03-31,16.36,1636,56.849999999999994,5685,2.3454184394483635,6.326700896991261,6691
PAK,Pakistan,admin2,PK22022,Balochistan,PK2282022,Sibi,30,2025-03-16,2025-03-31,0,0,0.5800000000000001,58,0,0.01149626331022834,5
PAK,Pakistan,admin2,PK22022,Balochistan,PK2272022,Sherani,30,2025-03-16,2025-03-31,0.05,5,20.94,2094,0.2627636137313051,0.5827288264307218,470
PAK,Pakistan,admin2,PK22022,Balochistan,PK2262022,Quetta,30,2025-03-16,2025-03-31,0.01,1,1.58,158,0.0055193228245426,0.03729489543127799,264
PAK,Pakistan,admin2,PK22022,Balochistan,PK2252022,Pishin,30,2025-03-16,2025-03-31,0,0,1.4100000000000001,141,0,0.021505082690855833,60
PAK,Pakistan,admin2,PK22022,Balochistan,PK2242022,Panjgur,30,2025-03-16,2025-03-31,0,0,1.21,121,0,0.006184124865039005,13
PAK,Pakistan,admin2,PK22022,Balochistan,PK2232022,Nushki,30,2025-03-16,2025-03-31,1.03,103,18.669999999999998,1867,0.4752151721467639,0.27647841443640764,320
PAK,Pakistan,admin2,PK22022,Balochistan,PK2222022,Nasirabad,30,2025-03-16,2025-03-31,1.5,150,1.85,185,0.0543903159130323,0.05078815191168478,225
PAK,Pakistan,admin2,PK22022,Balochistan,PK2212022,Musakhel,30,2025-03-16,2025-03-31,0,0,0.68,68,0,0.01016514586743957,16
PAK,Pakistan,admin2,PK22022,Balochistan,PK2172022,Lasbela,30,2025-03-16,2025-03-31,0.88,88,193.75,19375,0.0920003445503099,1.2357178621432814,1919
PAK,Pakistan,admin2,PK22022,Balochistan,PK2152022,Killa Saifullah,30,2025-03-16,2025-03-31,0.02,2,16.99,1699,0.002544044265173,0.11763096107170938,206
PAK,Pakistan,admin2,PK22022,Balochistan,PK2142022,Killa Abdullah,30,2025-03-16,2025-03-31,0.01,1,1.04,104,0.0048247481197672,0.03008053109423467,8
PAK,Pakistan,admin2,PK22022,Balochistan,PK2132022,Khuzdar,30,2025-03-16,2025-03-31,0.17,17,7.12,712,0.0123630531624975,0.021492113539014587,90
PAK,Pakistan,admin2,PK22022,Balochistan,PK2122022,Kharan,30,2025-03-16,2025-03-31,0,0,1.79,179,0,0.020056615856543798,20
PAK,Pakistan,admin2,PK22022,Balochistan,PK2112022,Kech,30,2025-03-16,2025-03-31,0.18,18,40.730000000000004,4073,0.0746400325879357,0.14929774687639832,806
PAK,Pakistan,admin2,PK22022,Balochistan,PK2092022,Kachhi,30,2025-03-16,2025-03-31,1.02,102,4.890000000000001,489,0.0692563869046796,0.07962448735450471,169
PAK,Pakistan,admin2,PK22022,Balochistan,PK2082022,Jhal Magsi,30,2025-03-16,2025-03-31,3.07,307,4.31,431,0.1793965415206687,0.09788251020826244,181
PAK,Pakistan,admin2,PK22022,Balochistan,PK2072022_1,Jaffarabad,30,2025-03-16,2025-03-31,0.86,86,7.12,712,0.1200835952667021,0.8749235237038924,1072
PAK,Pakistan,admin2,PK22022,Balochistan,PK2052022,Gwadar,30,2025-03-16,2025-03-31,1.21,121,254.60000000000002,25460,4.647068303093377,1.9786274708965053,3701
PAK,Pakistan,admin2,PK22022,Balochistan,PK2042022,Dera Bugti,30,2025-03-16,2025-03-31,6.7,670,17.5,1750,1.1169077873478173,0.14822120897926971,1776
PAK,Pakistan,admin2,PK22022,Balochistan,PK2032022,Chagai,30,2025-03-16,2025-03-31,0.03,3,102.52,10252,0.011618658319863,0.20095892164833518,247
PAK,Pakistan,admin2,PK22022,Balochistan,PK2012022,Awaran,30,2025-03-16,2025-03-31,1.71,171,19.1,1910,0.6134052792101821,0.06833972787907512,170
PAK,Pakistan,admin2,PK12022,Azad Kashmir,PK1102022,Sudhnoti,30,2025-03-16,2025-03-31,0,0,0.18000000000000002,18,0,0.02660100526300017,46
PAK,Pakistan,admin2,PK12022,Azad Kashmir,PK1082022,Neelum,30,2025-03-16,2025-03-31,0.08,8,4.81,481,0.8796250382680011,0.13606930538724604,218
PAK,Pakistan,admin2,PK62022,Punjab,PK6302022,Rawalpindi,29,2025-01-03,2025-03-15,1.29,129,20.54,2054,0.0566906622956635,0.327022352003046,4681
PAK,Pakistan,admin2,PK72022,Sindh,PK7292022,West Karachi,29,2025-01-03,2025-03-15,0,0,0.12,12,0,0.12244535375903236,20
PAK,Pakistan,admin2,PK72022,Sindh,PK7282022,Umer Kot,29,2025-01-03,2025-03-15,3.22,322,7.22,722,0.1678195343409536,0.11832037888741817,2526
PAK,Pakistan,admin2,PK72022,Sindh,PK7272022,Thatta,29,2025-01-03,2025-03-15,96.35,9635,1044.7199999999998,104472,4.84246356432596,12.381247478412227,71612
PAK,Pakistan,admin2,PK72022,Sindh,PK7262022,Tharparkar,29,2025-01-03,2025-03-15,7.13,713,147.39,14739,0.2070373122879921,0.6787341838489814,6318
PAK,Pakistan,admin2,PK72022,Sindh,PK7252022,Tando Muhammad Khan,29,2025-01-03,2025-03-15,23.07,2307,52.81,5281,1.665564472578474,2.841921102409323,12873
PAK,Pakistan,admin2,PK72022,Sindh,PK7242022,Tando Allahyar,29,2025-01-03,2025-03-15,10.97,1097,22.5,2250,1.0220663068873437,1.309953758118632,6117
PAK,Pakistan,admin2,PK72022,Sindh,PK7232022,Sukkur,29,2025-01-03,2025-03-15,20.72,2072,117.35999999999999,11736,1.2502371879970688,2.002358298314465,39567
PAK,Pakistan,admin2,PK72022,Sindh,PK7222022,Sujawal,29,2025-01-03,2025-03-15,135.17,13517,2717.6600000000003,271766,5.205669349504393,28.39636903873317,105269
PAK,Pakistan,admin2,PK72022,Sindh,PK7212022,South Karachi,29,2025-01-03,2025-03-15,0,0,28.35,2835,0,5.197723060455002,112761
PAK,Pakistan,admin2,PK72022,Sindh,PK7202022,Shikarpur,29,2025-01-03,2025-03-15,37.53,3753,94.05,9405,1.7438228140525984,3.2436068981741313,23510
PAK,Pakistan,admin2,PK72022,Sindh,PK7192022,Shaheed Benazir Abad,29,2025-01-03,2025-03-15,63.94,6394,209.34999999999997,20935,2.110190111113871,4.077022058179142,43017
PAK,Pakistan,admin2,PK72022,Sindh,PK7182022,Sanghar,29,2025-01-03,2025-03-15,55.18,5518,329.06,32906,1.4020016872364782,2.900428981625693,49743
PAK,Pakistan,admin2,PK72022,Sindh,PK7172022,Naushahro Feroze,29,2025-01-03,2025-03-15,63.78,6378,146.26000000000002,14626,2.5323758867379484,4.278801115636558,49525
PAK,Pakistan,admin2,PK72022,Sindh,PK7162022,Mirpur Khas,29,2025-01-03,2025-03-15,3.67,367,15.17,1517,0.1574651133631033,0.39420813492486856,2514
PAK,Pakistan,admin2,PK72022,Sindh,PK7152022,Matiari,29,2025-01-03,2025-03-15,20.46,2046,59.120000000000005,5912,1.8189046856013864,3.6366961837245153,15696
PAK,Pakistan,admin2,PK72022,Sindh,PK7142022,Malir Karachi,29,2025-01-03,2025-03-15,2.18,218,232.37,23237,0.8814895286052791,7.682967226517865,54210
PAK,Pakistan,admin2,PK72022,Sindh,PK7132022,Larkana,29,2025-01-03,2025-03-15,17.04,1704,64.41,6441,1.1077773660168604,2.9619847648641717,20933
PAK,Pakistan,admin2,PK72022,Sindh,PK7122022,Korangi Karachi,29,2025-01-03,2025-03-15,0,0,5.31,531,0,4.984762798108363,15909
PAK,Pakistan,admin2,PK72022,Sindh,PK7112022,Khairpur,29,2025-01-03,2025-03-15,105.79,10579,345.77,34577,3.297759339733482,1.9200650880992833,94083
PAK,Pakistan,admin2,PK72022,Sindh,PK7102022,Kashmore,29,2025-01-03,2025-03-15,91.46,9146,241.62,24162,4.321937386084309,8.10762382397175,52375
PAK,Pakistan,admin2,PK72022,Sindh,PK7092022,Kambar Shahdad Kot,29,2025-01-03,2025-03-15,123.47,12347,170.55999999999997,17056,3.596695767198405,2.6892713994285047,13399
PAK,Pakistan,admin2,PK72022,Sindh,PK7082022,Jamshoro,29,2025-01-03,2025-03-15,20.28,2028,89.5,8950,1.284714066406705,0.7148450884258604,16718
PAK,Pakistan,admin2,PK72022,Sindh,PK7072022,Jacobabad,29,2025-01-03,2025-03-15,66.8,6680,137.32,13732,2.714564023233121,4.479917154169361,28807
PAK,Pakistan,admin2,PK72022,Sindh,PK7062022,Hyderabad,29,2025-01-03,2025-03-15,9.68,968,34.43,3443,1.8624056178193336,3.041007121955444,66663
PAK,Pakistan,admin2,PK72022,Sindh,PK7052022,Ghotki,29,2025-01-03,2025-03-15,26.69,2669,169.26999999999998,16927,0.8613516835916898,2.3422174573164876,16952
PAK,Pakistan,admin2,PK72022,Sindh,PK7032022,Dadu,29,2025-01-03,2025-03-15,80.99,8099,144.38,14438,2.4038193776513186,1.6000216042833577,41896
PAK,Pakistan,admin2,PK72022,Sindh,PK7012022,Badin,29,2025-01-03,2025-03-15,109.56,10956,252.91000000000003,25291,2.1982302852727384,3.4787284673674,42611
PAK,Pakistan,admin2,PK62022,Punjab,PK6362022,Vehari,29,2025-01-03,2025-03-15,3.36,336,3.4699999999999998,347,0.0742281481142647,0.06948177923672903,1834
PAK,Pakistan,admin2,PK62022,Punjab,PK6352022,Toba Tek Singh,29,2025-01-03,2025-03-15,21.81,2181,34.16,3416,0.7836557607818576,1.001437039388456,13102
PAK,Pakistan,admin2,PK62022,Punjab,PK6342022,Sialkot,29,2025-01-03,2025-03-15,22.65,2265,44.97,4497,0.7402554183985914,1.2338210774967266,30888
PAK,Pakistan,admin2,PK62022,Punjab,PK6332022,Sheikhupura,29,2025-01-03,2025-03-15,29.49,2949,47.699999999999996,4770,0.8248717329638154,1.1146691244891005,19626
PAK,Pakistan,admin2,PK62022,Punjab,PK6322022,Sargodha,29,2025-01-03,2025-03-15,23.7,2370,80.22,8022,0.5018252747440448,1.1590505783549694,30644
PAK,Pakistan,admin2,PK62022,Punjab,PK6312022,Sahiwal,29,2025-01-03,2025-03-15,9.2,920,18.84,1884,0.2943435008227314,0.5008957935627874,7447
PAK,Pakistan,admin2,PK12022,Azad Kashmir,PK1012022,Bagh,29,2025-01-03,2025-03-15,0,0,0.32,32,0,0.03855765453787445,127
PAK,Pakistan,admin2,PK12022,Azad Kashmir,PK1022022,Bhimber,29,2025-01-03,2025-03-15,0.26,26,0.41000000000000003,41,0.0735889240566743,0.03613181091979684,118
PAK,Pakistan,admin2,PK12022,Azad Kashmir,PK1032022,Jhelum Valley,29,2025-01-03,2025-03-15,0.01,1,1.56,156,0.0728486091629266,0.19092933968158168,257
PAK,Pakistan,admin2,PK12022,Azad Kashmir,PK1042022,Haveli,29,2025-01-03,2025-03-15,0,0,0.61,61,0,0.09307310519941484,102
PAK,Pakistan,admin2,PK12022,Azad Kashmir,PK1052022,Kotli,29,2025-01-03,2025-03-15,0.11,11,4.8,480,0.0616615512859236,0.2498290436591153,1398
PAK,Pakistan,admin2,PK12022,Azad Kashmir,PK1062022,Mirpur,29,2025-01-03,2025-03-15,0.36,36,9.739999999999998,974,0.1474006899893736,0.9058654541970435,2045
PAK,Pakistan,admin2,PK12022,Azad Kashmir,PK1072022,Muzaffarabad,29,2025-01-03,2025-03-15,0,0,1.5299999999999998,153,0,0.09561994479850663,800
PAK,Pakistan,admin2,PK12022,Azad Kashmir,PK1082022,Neelum,29,2025-01-03,2025-03-15,0,0,5.38,538,0,0.15258651832989595,381
PAK,Pakistan,admin2,PK22022,Balochistan,PK2012022,Awaran,29,2025-01-03,2025-03-15,1.67,167,21.09,2109,0.5990566177081896,0.0754599403649055,161
PAK,Pakistan,admin2,PK22022,Balochistan,PK2032022,Chagai,29,2025-01-03,2025-03-15,0.04,4,87.42999999999999,8743,0.015491544426484,0.17138198238338054,218
PAK,Pakistan,admin2,PK22022,Balochistan,PK2042022,Dera Bugti,29,2025-01-03,2025-03-15,5.99,599,16.1,1610,0.9985489024199145,0.13636351226092824,1707
PAK,Pakistan,admin2,PK22022,Balochistan,PK2052022,Gwadar,29,2025-01-03,2025-03-15,1.29,129,245.46999999999997,24547,4.9543124884218654,1.907673547843539,3363
PAK,Pakistan,admin2,PK22022,Balochistan,PK2062022,Harnai,29,2025-01-03,2025-03-15,0,0,1.72,172,0,0.04961740804022604,20
PAK,Pakistan,admin2,PK22022,Balochistan,PK2072022_1,Jaffarabad,29,2025-01-03,2025-03-15,2.75,275,9.29,929,0.383988240678408,1.141578586405781,1386
PAK,Pakistan,admin2,PK22022,Balochistan,PK2082022,Jhal Magsi,29,2025-01-03,2025-03-15,11.67,1167,12.91,1291,0.681940599200718,0.2936597774255036,559
PAK,Pakistan,admin2,PK22022,Balochistan,PK2092022,Kachhi,29,2025-01-03,2025-03-15,0.85,85,4.85,485,0.0577136557538997,0.07897316230457019,186
PAK,Pakistan,admin2,PK22022,Balochistan,PK2102022,Kalat,29,2025-01-03,2025-03-15,0,0,2.08,208,0,0.018634494656658767,10
PAK,Pakistan,admin2,PK22022,Balochistan,PK2112022,Kech,29,2025-01-03,2025-03-15,0.73,73,44.04,4404,0.3027067988288507,0.16143070887396466,851
PAK,Pakistan,admin2,PK22022,Balochistan,PK2122022,Kharan,29,2025-01-03,2025-03-15,0,0,3.7899999999999996,379,0,0.042461579925948734,32
PAK,Pakistan,admin2,PK22022,Balochistan,PK2132022,Khuzdar,29,2025-01-03,2025-03-15,0.2,20,8.11,811,0.0145447684264676,0.02317697294482298,94
PAK,Pakistan,admin2,PK22022,Balochistan,PK2142022,Killa Abdullah,29,2025-01-03,2025-03-15,0.04,4,2.24,224,0.019298992479069,0.06478883620296708,41
PAK,Pakistan,admin2,PK22022,Balochistan,PK2152022,Killa Saifullah,29,2025-01-03,2025-03-15,0.02,2,16.37,1637,0.002544044265173,0.11333836567062293,181
PAK,Pakistan,admin2,PK22022,Balochistan,PK2172022,Lasbela,29,2025-01-03,2025-03-15,0.98,98,210.01,21001,0.1024549291582997,1.3394224940836674,2255
PAK,Pakistan,admin2,PK22022,Balochistan,PK2182022,Lehri,29,2025-01-03,2025-03-15,0.27,27,0.32000000000000006,32,0.0165750409157954,0.00852474395733031,32
PAK,Pakistan,admin2,PK22022,Balochistan,PK2192022,Loralai,29,2025-01-03,2025-03-15,0,0,0.72,72,0,0.018386852158892852,35
PAK,Pakistan,admin2,PK22022,Balochistan,PK2212022,Musakhel,29,2025-01-03,2025-03-15,0,0,1.53,153,0,0.04010905056125424,39
PAK,Pakistan,admin2,PK22022,Balochistan,PK2222022,Nasirabad,29,2025-01-03,2025-03-15,3.68,368,4.44,444,0.1334375750399726,0.12055754574651471,524
PAK,Pakistan,admin2,PK22022,Balochistan,PK2232022,Nushki,29,2025-01-03,2025-03-15,1.01,101,24.99,2499,0.4659876930759529,0.3700693935064717,460
PAK,Pakistan,admin2,PK22022,Balochistan,PK2242022,Panjgur,29,2025-01-03,2025-03-15,0,0,0.77,77,0,0.003935352186843025,9
PAK,Pakistan,admin2,PK22022,Balochistan,PK2252022,Pishin,29,2025-01-03,2025-03-15,0,0,1.12,112,0,0.0186291578922039,23
PAK,Pakistan,admin2,PK22022,Balochistan,PK2262022,Quetta,29,2025-01-03,2025-03-15,0.02,2,1.4200000000000002,142,0.0110386456490853,0.03351819715975623,174
PAK,Pakistan,admin2,PK22022,Balochistan,PK2272022,Sherani,29,2025-01-03,2025-03-15,0.06,6,23.71,2371,0.3153163364775662,0.6598137762498762,550
PAK,Pakistan,admin2,PK22022,Balochistan,PK2282022,Sibi,29,2025-01-03,2025-03-15,0,0,0.06,6,0,0.04256179736523,0
PAK,Pakistan,admin2,PK22022,Balochistan,PK2292022,Sohbatpur,29,2025-01-03,2025-03-15,20.46,2046,66.24000000000001,6624,2.9332066791634177,7.370707277120338,7657
PAK,Pakistan,admin2,PK22022,Balochistan,PK2302022,Washuk,29,2025-01-03,2025-03-15,0,0,23.16,2316,0,0.05260663854126339,64
PAK,Pakistan,admin2,PK22022,Balochistan,PK2312022,Zhob,29,2025-01-03,2025-03-15,0.67,67,12.23,1223,0.319643929571694,0.08724019725054322,236
PAK,Pakistan,admin2,PK22022,Balochistan,PK2332022,Shaheed Sikandarabad,29,2025-01-03,2025-03-15,0.07,7,1.77,177,0.0247133493760121,0.04198815099681475,38
PAK,Pakistan,admin2,PK22022,Balochistan,PK2342022,Duki,29,2025-01-03,2025-03-15,0.33,33,1.36,136,0.0739430103688925,0.02935014190345062,50
PAK,Pakistan,admin2,PK22022,Balochistan,PK2362022,Usta Muhammad,29,2025-01-03,2025-03-15,8.41,841,16.68,1668,0.8749775752698782,1.4832851610316766,2140
PAK,Pakistan,admin2,PK32022,Gilgit Baltistan,PK3012022,Astore,29,2025-01-03,2025-03-15,0,0,1.2000000000000002,120,0,0.02772789173639227,51
PAK,Pakistan,admin2,PK32022,Gilgit Baltistan,PK3022022,Diamir,29,2025-01-03,2025-03-15,0,0,3.4899999999999998,349,0,0.09371679218208914,55
PAK,Pakistan,admin2,PK32022,Gilgit Baltistan,PK3032022,Ghanche,29,2025-01-03,2025-03-15,0,0,4.14,414,0,0.07917239892233746,314
PAK,Pakistan,admin2,PK32022,Gilgit Baltistan,PK3042022,Ghizer,29,2025-01-03,2025-03-15,0.09,9,1.81,181,0.4894767823779827,0.03364830322516735,59
PAK,Pakistan,admin2,PK32022,Gilgit Baltistan,PK3052022,Gilgit,29,2025-01-03,2025-03-15,0,0,2.01,201,0,0.05698925673289341,95
PAK,Pakistan,admin2,PK32022,Gilgit Baltistan,PK3062022,Hunza,29,2025-01-03,2025-03-15,0,0,13.04,1304,0,0.0915508892440402,87
PAK,Pakistan,admin2,PK32022,Gilgit Baltistan,PK3072022,Skardu,29,2025-01-03,2025-03-15,0.16,16,14.370000000000001,1437,0.7012478086005982,0.6919876858351927,1165
PAK,Pakistan,admin2,PK32022,Gilgit Baltistan,PK3082022,Nagar,29,2025-01-03,2025-03-15,0,0,0.83,83,0,0.04441417980135842,61
PAK,Pakistan,admin2,PK32022,Gilgit Baltistan,PK3092022,Kharmang,29,2025-01-03,2025-03-15,0,0,1.29,129,0,0.021557094033996974,49
PAK,Pakistan,admin2,PK32022,Gilgit Baltistan,PK3102022,Shigar,29,2025-01-03,2025-03-15,0,0,0.7200000000000001,72,0,0.007224788276910551,13
PAK,Pakistan,admin2,PK32022,Gilgit Baltistan,PK3112022,Darel,29,2025-01-03,2025-03-15,0,0,0.6,60,0,0.04933802081077703,9
PAK,Pakistan,admin2,PK32022,Gilgit Baltistan,PK3122022,Tangir,29,2025-01-03,2025-03-15,0,0,0.88,88,0,0.09537331064604555,16
PAK,Pakistan,admin2,PK32022,Gilgit Baltistan,PK3132022,Gupis-Yasin,29,2025-01-03,2025-03-15,0,0,1.6,160,0,0.020454265165483973,28
PAK,Pakistan,admin2,PK32022,Gilgit Baltistan,PK3142022,Rondu,29,2025-01-03,2025-03-15,0,0,3.49,349,0,0.19720036418970793,158
PAK,Pakistan,admin2,PK42022,Islamabad,PK4012022,Islamabad,29,2025-01-03,2025-03-15,0.19,19,4.04,404,0.0718215836236709,0.37198142865927347,5120
PAK,Pakistan,admin2,PK52022,Khyber Pakhtunkhwa,PK5012022,Abbottabad,29,2025-01-03,2025-03-15,0,0,0.25,25,0,0.0243083029498611,102
PAK,Pakistan,admin2,PK52022,Khyber Pakhtunkhwa,PK5022022,Bajaur,29,2025-01-03,2025-03-15,0.26,26,1.77,177,0.0503317874465082,0.10724936309775014,651
PAK,Pakistan,admin2,PK52022,Khyber Pakhtunkhwa,PK5032022,Bannu,29,2025-01-03,2025-03-15,1.65,165,6.27,627,0.2589866202864666,0.25866354627794735,310
PAK,Pakistan,admin2,PK52022,Khyber Pakhtunkhwa,PK5042022,Batagram,29,2025-01-03,2025-03-15,0.02,2,2.1,210,0.0429544581674112,0.12596793004698556,1123
PAK,Pakistan,admin2,PK52022,Khyber Pakhtunkhwa,PK5052022,Buner,29,2025-01-03,2025-03-15,0,0,0.03,3,0,0.00322594003259987,14
PAK,Pakistan,admin2,PK52022,Khyber Pakhtunkhwa,PK5062022,Charsadda,29,2025-01-03,2025-03-15,2.59,259,10.9,1090,0.4667540975172248,0.8996151220269094,9072
PAK,Pakistan,admin2,PK52022,Khyber Pakhtunkhwa,PK5072022,Chitral Lower,29,2025-01-03,2025-03-15,0.18,18,16.47,1647,0.6336610700174774,0.21938592292962605,2288
PAK,Pakistan,admin2,PK52022,Khyber Pakhtunkhwa,PK5082022,Chitral Upper,29,2025-01-03,2025-03-15,0.03,3,3.8300000000000005,383,0.1362397820163487,0.05336498335191731,255
PAK,Pakistan,admin2,PK52022,Khyber Pakhtunkhwa,PK5092022,D. I. Khan,29,2025-01-03,2025-03-15,90.61,9061,202.26,20226,2.184202448598565,1.897875723253192,23964
PAK,Pakistan,admin2,PK52022,Khyber Pakhtunkhwa,PK5102022,Hangu,29,2025-01-03,2025-03-15,0.03,3,0.64,64,0.0102323492310155,0.04767662766385467,123
PAK,Pakistan,admin2,PK52022,Khyber Pakhtunkhwa,PK5112022,Haripur,29,2025-01-03,2025-03-15,0.77,77,17.46,1746,0.153444854568507,0.7389324072272879,3026
PAK,Pakistan,admin2,PK52022,Khyber Pakhtunkhwa,PK5122022,Karak,29,2025-01-03,2025-03-15,0,0,4.33,433,0,0.1604209408293355,512
PAK,Pakistan,admin2,PK52022,Khyber Pakhtunkhwa,PK5132022,Khyber,29,2025-01-03,2025-03-15,0.08,8,3.41,341,0.0482539406202145,0.10396438168685966,667
PAK,Pakistan,admin2,PK52022,Khyber Pakhtunkhwa,PK5142022,Kohat,29,2025-01-03,2025-03-15,1.03,103,34.41,3441,0.1548995497208977,0.8324621758884225,3247
PAK,Pakistan,admin2,PK52022,Khyber Pakhtunkhwa,PK5152022,Kohistan Lower,29,2025-01-03,2025-03-15,0.01,1,0.8400000000000001,84,0.2801428179071683,0.09298562382348974,281
PAK,Pakistan,admin2,PK52022,Khyber Pakhtunkhwa,PK5162022,Kohistan Upper,29,2025-01-03,2025-03-15,0.01,1,6.959999999999999,696,0.0691562932226832,0.1415171270728275,467
PAK,Pakistan,admin2,PK52022,Khyber Pakhtunkhwa,PK5172022,Kolai Palas Kohistan,29,2025-01-03,2025-03-15,0,0,4.99,499,0,0.39609636903723866,1511
PAK,Pakistan,admin2,PK52022,Khyber Pakhtunkhwa,PK5182022,Kurram,29,2025-01-03,2025-03-15,0.02,2,0.76,76,0.0074071212354032,0.024423277631835192,71
PAK,Pakistan,admin2,PK52022,Khyber Pakhtunkhwa,PK5192022,Lakki Marwat,29,2025-01-03,2025-03-15,4.24,424,12.729999999999999,1273,0.325218120532838,0.3201993422032409,2827
PAK,Pakistan,admin2,PK52022,Khyber Pakhtunkhwa,PK5202022,Lower Dir,29,2025-01-03,2025-03-15,0,0,0.39999999999999997,40,0,0.026642601258209792,87
PAK,Pakistan,admin2,PK52022,Khyber Pakhtunkhwa,PK5212022,Malakand,29,2025-01-03,2025-03-15,0,0,0.3600000000000001,36,0,0.04086502988422238,58
PAK,Pakistan,admin2,PK52022,Khyber Pakhtunkhwa,PK5222022,Mansehra,29,2025-01-03,2025-03-15,0.03,3,2.5799999999999996,258,0.0087485932204921,0.06179209356496993,538
PAK,Pakistan,admin2,PK52022,Khyber Pakhtunkhwa,PK5242022,Mohmand,29,2025-01-03,2025-03-15,0.21,21,4.73,473,0.0469551863384345,0.17366482718589493,970
PAK,Pakistan,admin2,PK52022,Khyber Pakhtunkhwa,PK5252022,North Waziristan,29,2025-01-03,2025-03-15,0.25,25,4.640000000000001,464,0.1633752009514971,0.07876335357371325,177
PAK,Pakistan,admin2,PK52022,Khyber Pakhtunkhwa,PK5262022,Nowshera,29,2025-01-03,2025-03-15,6.76,676,21.68,2168,1.3593355074710614,1.039771641441584,13495
PAK,Pakistan,admin2,PK52022,Khyber Pakhtunkhwa,PK5272022,Orakzai,29,2025-01-03,2025-03-15,0,0,0.12000000000000001,12,0,0.009859723840090397,15
PAK,Pakistan,admin2,PK52022,Khyber Pakhtunkhwa,PK5282022,Peshawar,29,2025-01-03,2025-03-15,0.52,52,2.9800000000000004,298,0.0787893347286453,0.16280353035352804,2245
PAK,Pakistan,admin2,PK52022,Khyber Pakhtunkhwa,PK5292022,Shangla,29,2025-01-03,2025-03-15,1.56,156,7.74,774,4.11157266103918,0.46099300139423643,3051
PAK,Pakistan,admin2,PK52022,Khyber Pakhtunkhwa,PK5302022,South Waziristan,29,2025-01-03,2025-03-15,0.18,18,20.71,2071,0.0919080471001709,0.2809790697208937,490
PAK,Pakistan,admin2,PK52022,Khyber Pakhtunkhwa,PK5312022,Swabi,29,2025-01-03,2025-03-15,0.37,37,11.280000000000001,1128,0.040005196647484,0.6290823153466036,9364
PAK,Pakistan,admin2,PK52022,Khyber Pakhtunkhwa,PK5322022,Swat,29,2025-01-03,2025-03-15,0,0,8.02,802,0,0.1639295458370045,1290
PAK,Pakistan,admin2,PK52022,Khyber Pakhtunkhwa,PK5332022,Tank,29,2025-01-03,2025-03-15,9.3,930,12.89,1289,1.3040389134229775,0.3852906792207149,1614
PAK,Pakistan,admin2,PK52022,Khyber Pakhtunkhwa,PK5342022,Tor Ghar,29,2025-01-03,2025-03-15,1.33,133,14.04,1404,9.806501234667852,2.54678350675628,5893
PAK,Pakistan,admin2,PK52022,Khyber Pakhtunkhwa,PK5352022,Upper Dir,29,2025-01-03,2025-03-15,0.09,9,12.49,1249,0.0906438915496195,0.28233916091100897,1238
PAK,Pakistan,admin2,PK62022,Punjab,PK6012022,Attock,29,2025-01-03,2025-03-15,3.48,348,37.25,3725,0.1020794565369796,0.4484052895164895,6013
PAK,Pakistan,admin2,PK62022,Punjab,PK6022022,Bahawalnagar,29,2025-01-03,2025-03-15,27.63,2763,45.82,4582,0.4307110076435009,0.46286603634206486,20694
PAK,Pakistan,admin2,PK62022,Punjab,PK6032022,Bahawalpur,29,2025-01-03,2025-03-15,16.77,1677,24.83,2483,0.2414379031689333,0.09043319697318598,5108
PAK,Pakistan,admin2,PK62022,Punjab,PK6042022,Bhakkar,29,2025-01-03,2025-03-15,25.69,2569,60.93,6093,0.6028783718526423,0.610224708199387,8041
PAK,Pakistan,admin2,PK62022,Punjab,PK6052022,Chakwal,29,2025-01-03,2025-03-15,1.81,181,18.58,1858,0.0554162967544312,0.23980936484141938,5172
PAK,Pakistan,admin2,PK62022,Punjab,PK6062022,Chiniot,29,2025-01-03,2025-03-15,11.27,1127,38.76,3876,0.4921165795639937,1.2640499391168096,16121
PAK,Pakistan,admin2,PK62022,Punjab,PK6072022,Dera Ghazi Khan,29,2025-01-03,2025-03-15,82.17,8217,189.3,18930,1.7273403124751194,1.3829278617625296,31626
PAK,Pakistan,admin2,PK62022,Punjab,PK6082022,Faisalabad,29,2025-01-03,2025-03-15,37.66,3766,69.57,6957,0.7575303763504423,0.9970369590374707,28872
PAK,Pakistan,admin2,PK62022,Punjab,PK6092022,Gujranwala,29,2025-01-03,2025-03-15,56.03,5603,127.58,12758,1.5710088547341998,2.9756548827547875,70698
PAK,Pakistan,admin2,PK62022,Punjab,PK6102022,Gujrat,29,2025-01-03,2025-03-15,28.93,2893,72.84,7284,1.1117672100536309,1.928739461983224,38859
PAK,Pakistan,admin2,PK62022,Punjab,PK6112022,Hafizabad,29,2025-01-03,2025-03-15,53.61,5361,104.1,10410,2.2687530787499783,3.8640207635711397,37664
PAK,Pakistan,admin2,PK62022,Punjab,PK6122022,Jhang,29,2025-01-03,2025-03-15,22.08,2208,58.120000000000005,5812,0.4218915465227258,0.7812510295675732,15305
PAK,Pakistan,admin2,PK62022,Punjab,PK6132022,Jhelum,29,2025-01-03,2025-03-15,10.05,1005,38.08,3808,0.6128410594111823,0.8940779078076064,16982
PAK,Pakistan,admin2,PK62022,Punjab,PK6142022,Kasur,29,2025-01-03,2025-03-15,16.89,1689,24.85,2485,0.4604396549516907,0.5323188103074676,12843
PAK,Pakistan,admin2,PK62022,Punjab,PK6152022,Khanewal,29,2025-01-03,2025-03-15,24.64,2464,55.72,5572,0.6034495740816943,1.1000744082816611,20501
PAK,Pakistan,admin2,PK62022,Punjab,PK6162022,Khushab,29,2025-01-03,2025-03-15,9.72,972,37.34,3734,0.3031352409882971,0.4774247589069398,11340
PAK,Pakistan,admin2,PK62022,Punjab,PK6172022,Lahore,29,2025-01-03,2025-03-15,11.81,1181,24.71,2471,1.1642207033546834,1.2146486505815492,40828
PAK,Pakistan,admin2,PK62022,Punjab,PK6182022,Leiah,29,2025-01-03,2025-03-15,75.16,7516,144.42000000000002,14442,1.675141078749323,1.924762635160612,22592
PAK,Pakistan,admin2,PK62022,Punjab,PK6192022,Lodhran,29,2025-01-03,2025-03-15,2.95,295,3.3700000000000006,337,0.1071482351571098,0.10943987466125642,1232
PAK,Pakistan,admin2,PK62022,Punjab,PK6202022,Mandi Bahauddin,29,2025-01-03,2025-03-15,45.2,4520,122.71000000000001,12271,1.802050914051472,3.7667721821038493,55328
PAK,Pakistan,admin2,PK62022,Punjab,PK6212022,Mianwali,29,2025-01-03,2025-03-15,89.26,8926,218.39,21839,2.4872937528639545,3.0757268721598368,32856
PAK,Pakistan,admin2,PK62022,Punjab,PK6222022,Multan,29,2025-01-03,2025-03-15,13.88,1388,33.07,3307,0.4730786010325025,0.7828517275291105,12564
PAK,Pakistan,admin2,PK62022,Punjab,PK6232022,Muzaffargarh,29,2025-01-03,2025-03-15,99.31,9931,274.23,27423,1.7526409985964508,3.0770022873397256,75134
PAK,Pakistan,admin2,PK62022,Punjab,PK6242022,Nankana Sahib,29,2025-01-03,2025-03-15,61.45,6145,96.37,9637,2.844703351072254,3.7354524977796038,36238
PAK,Pakistan,admin2,PK62022,Punjab,PK6252022,Narowal,29,2025-01-03,2025-03-15,17.87,1787,27.75,2775,0.7208906153990325,0.9852301864588084,17415
PAK,Pakistan,admin2,PK62022,Punjab,PK6262022,Okara,29,2025-01-03,2025-03-15,15.09,1509,19.91,1991,0.3377022491305919,0.38454465056055215,7996
PAK,Pakistan,admin2,PK62022,Punjab,PK6282022,Rahim Yar Khan,29,2025-01-03,2025-03-15,37.12,3712,174.69,17469,0.5332421581782055,1.1913982787803263,21098
PAK,Pakistan,admin2,PK62022,Punjab,PK6292022,Rajanpur,29,2025-01-03,2025-03-15,71.17,7117,159.69,15969,1.3004605302828658,1.104143815259661,24121
PAK,Pakistan,admin2,PK72022,Sindh,PK7252022,Tando Muhammad Khan,28,2025-02-16,2025-02-28,26.93,2693,61.53,6153,1.9442414931312657,3.311197622561738,15581
PAK,Pakistan,admin2,PK72022,Sindh,PK7242022,Tando Allahyar,28,2025-02-16,2025-02-28,10.75,1075,22.18,2218,1.001569079219594,1.2913233046698338,6205
PAK,Pakistan,admin2,PK72022,Sindh,PK7232022,Sukkur,28,2025-02-16,2025-02-28,39.77,3977,143.08999999999997,14309,2.3997071895098183,2.441355222442202,44391
PAK,Pakistan,admin2,PK72022,Sindh,PK7222022,Sujawal,28,2025-02-16,2025-02-28,157.88,15788,1770.52,177052,6.080277257525735,18.499863599735743,88848
PAK,Pakistan,admin2,PK72022,Sindh,PK7212022,South Karachi,28,2025-02-16,2025-02-28,0,0,24.72,2472,0,4.5321944992750485,96609
PAK,Pakistan,admin2,PK72022,Sindh,PK7202022,Shikarpur,28,2025-02-16,2025-02-28,54.55,5455,121.95,12195,2.534653197617086,4.2058252124650215,33687
PAK,Pakistan,admin2,PK72022,Sindh,PK7192022,Shaheed Benazir Abad,28,2025-02-16,2025-02-28,72.93,7293,229.03,22903,2.406884028832258,4.460283553784423,48398
PAK,Pakistan,admin2,PK72022,Sindh,PK7182022,Sanghar,28,2025-02-16,2025-02-28,63.68,6368,353.79999999999995,35380,1.6179678768252796,3.118494419556221,52528
PAK,Pakistan,admin2,PK72022,Sindh,PK7172022,Naushahro Feroze,28,2025-02-16,2025-02-28,59.83,5983,126.48,12648,2.375541694944049,3.7001419739211805,45988
PAK,Pakistan,admin2,PK72022,Sindh,PK7162022,Mirpur Khas,28,2025-02-16,2025-02-28,1.84,184,13.98,1398,0.0789470868087493,0.36328475453194853,1951
PAK,Pakistan,admin2,PK72022,Sindh,PK7152022,Matiari,28,2025-02-16,2025-02-28,21.06,2106,56.92999999999999,5693,1.8722449989621308,3.5019809495845164,15272
PAK,Pakistan,admin2,PK72022,Sindh,PK7142022,Malir Karachi,28,2025-02-16,2025-02-28,2.18,218,191.41,19141,0.8814895286052791,6.328685961302165,79786
PAK,Pakistan,admin2,PK72022,Sindh,PK7132022,Larkana,28,2025-02-16,2025-02-28,26.23,2623,64.44,6444,1.7052230229238408,2.963364357209241,42289
PAK,Pakistan,admin2,PK72022,Sindh,PK7122022,Korangi Karachi,28,2025-02-16,2025-02-28,0,0,4.88,488,0,4.5811002739677615,27553
PAK,Pakistan,admin2,PK72022,Sindh,PK7112022,Khairpur,28,2025-02-16,2025-02-28,93.22,9322,295.07,29507,2.90591857122559,1.6385273608047417,80364
PAK,Pakistan,admin2,PK72022,Sindh,PK7102022,Kashmore,28,2025-02-16,2025-02-28,150.57,15057,327.5,32750,7.115177260252725,10.989350229081813,74839
PAK,Pakistan,admin2,PK72022,Sindh,PK7092022,Kambar Shahdad Kot,28,2025-02-16,2025-02-28,149.77,14977,201.52,20152,4.36281789141739,3.177427136566794,18771
PAK,Pakistan,admin2,PK72022,Sindh,PK7082022,Jamshoro,28,2025-02-16,2025-02-28,20.19,2019,84.48,8448,1.2790126726208764,0.6747498667063315,15844
PAK,Pakistan,admin2,PK72022,Sindh,PK7072022,Jacobabad,28,2025-02-16,2025-02-28,94.45,9445,174.88,17488,3.838182215484555,5.705271715126258,38416
PAK,Pakistan,admin2,PK72022,Sindh,PK7062022,Hyderabad,28,2025-02-16,2025-02-28,9.94,994,35.5,3550,1.9124289092070437,3.135514168731288,66602
PAK,Pakistan,admin2,PK72022,Sindh,PK7052022,Ghotki,28,2025-02-16,2025-02-28,49.99,4999,199.06,19906,1.6132997625608307,2.754426697308561,26332
PAK,Pakistan,admin2,PK72022,Sindh,PK7032022,Dadu,28,2025-02-16,2025-02-28,96.12,9612,162.88,16288,2.852884536113653,1.8050389174793833,40119
PAK,Pakistan,admin2,PK72022,Sindh,PK7012022,Badin,28,2025-02-16,2025-02-28,123.45,12345,277.37,27737,2.476921583761588,3.8151710687347116,47466
PAK,Pakistan,admin2,PK62022,Punjab,PK6362022,Vehari,28,2025-02-16,2025-02-28,5.23,523,5.980000000000001,598,0.1155396472135727,0.11551329106198863,2545
PAK,Pakistan,admin2,PK62022,Punjab,PK6352022,Toba Tek Singh,28,2025-02-16,2025-02-28,8.18,818,10.8,1080,0.293915824080495,0.29984161307732793,7512
PAK,Pakistan,admin2,PK62022,Punjab,PK6342022,Sialkot,28,2025-02-16,2025-02-28,21.99,2199,31.609999999999996,3161,0.7186850618359836,0.8672689406197803,18532
PAK,Pakistan,admin2,PK62022,Punjab,PK6332022,Sheikhupura,28,2025-02-16,2025-02-28,58.03,5803,69.55000000000001,6955,1.6231707922648424,1.6252670358116763,37097
PAK,Pakistan,admin2,PK62022,Punjab,PK6322022,Sargodha,28,2025-02-16,2025-02-28,30.06,3006,86.01,8601,0.6364923104981429,1.242706809328234,31171
PAK,Pakistan,admin2,PK62022,Punjab,PK6312022,Sahiwal,28,2025-02-16,2025-02-28,6.21,621,8.51,851,0.1986818630553437,0.2262538855211953,6212
PAK,Pakistan,admin2,PK62022,Punjab,PK6302022,Rawalpindi,28,2025-02-16,2025-02-28,5.46,546,34.92,3492,0.2399465241351341,0.5559698408932021,57529
PAK,Pakistan,admin2,PK62022,Punjab,PK6292022,Rajanpur,28,2025-02-16,2025-02-28,79.11,7911,172.75,17275,1.4455449283501125,1.1944445117797384,23551
PAK,Pakistan,admin2,PK62022,Punjab,PK6282022,Rahim Yar Khan,28,2025-02-16,2025-02-28,62.55,6255,209.89999999999998,20990,0.8985532595378974,1.4315329939664005,36331
PAK,Pakistan,admin2,PK62022,Punjab,PK6272022,Pakpattan,28,2025-02-16,2025-02-28,4.9,490,5.08,508,0.1656899446651279,0.15773565343151208,1952
PAK,Pakistan,admin2,PK62022,Punjab,PK6262022,Okara,28,2025-02-16,2025-02-28,27.41,2741,32.57,3257,0.6134140920258134,0.6290617412735905,13854
PAK,Pakistan,admin2,PK62022,Punjab,PK6252022,Narowal,28,2025-02-16,2025-02-28,15.77,1577,17.580000000000002,1758,0.6361748743616532,0.6241566370430939,11082
PAK,Pakistan,admin2,PK62022,Punjab,PK6242022,Nankana Sahib,28,2025-02-16,2025-02-28,58.06,5806,76.73,7673,2.687770163763304,2.974175263615534,32548
PAK,Pakistan,admin2,PK62022,Punjab,PK6232022,Muzaffargarh,28,2025-02-16,2025-02-28,94.39,9439,265.6,26560,1.6658119409678682,2.980169228448496,69215
PAK,Pakistan,admin2,PK62022,Punjab,PK6222022,Multan,28,2025-02-16,2025-02-28,3.23,323,11.35,1135,0.1100896168108777,0.26868361377246447,4497
PAK,Pakistan,admin2,PK62022,Punjab,PK6212022,Mianwali,28,2025-02-16,2025-02-28,111.76,11176,243.5,24350,3.114272348421191,3.429367156787949,39405
PAK,Pakistan,admin2,PK62022,Punjab,PK6202022,Mandi Bahauddin,28,2025-02-16,2025-02-28,66.44,6644,135.14,13514,2.648855370123447,4.148330149861578,61149
PAK,Pakistan,admin2,PK62022,Punjab,PK6192022,Lodhran,28,2025-02-16,2025-02-28,2.67,267,2.85,285,0.096978233176096,0.0960554878353901,943
PAK,Pakistan,admin2,PK62022,Punjab,PK6182022,Leiah,28,2025-02-16,2025-02-28,80.38,8038,155.52999999999997,15553,1.7914827023665596,2.072831551353898,23183
PAK,Pakistan,admin2,PK62022,Punjab,PK6172022,Lahore,28,2025-02-16,2025-02-28,11.91,1191,16.05,1605,1.174078626329744,0.7889563270673355,19602
PAK,Pakistan,admin2,PK62022,Punjab,PK6162022,Khushab,28,2025-02-16,2025-02-28,31.92,3192,103.02,10302,0.9954811617640376,1.3172013567914551,30745
PAK,Pakistan,admin2,PK62022,Punjab,PK6152022,Khanewal,28,2025-02-16,2025-02-28,13.61,1361,34.230000000000004,3423,0.3333177233462606,0.6757994794594627,12624
PAK,Pakistan,admin2,PK62022,Punjab,PK6142022,Kasur,28,2025-02-16,2025-02-28,13.08,1308,20.39,2039,0.3565749370496219,0.4367799010933305,10181
PAK,Pakistan,admin2,PK62022,Punjab,PK6132022,Jhelum,28,2025-02-16,2025-02-28,25.31,2531,84.41999999999999,8442,1.5433838023579127,1.982091832382304,33144
PAK,Pakistan,admin2,PK62022,Punjab,PK6122022,Jhang,28,2025-02-16,2025-02-28,51.8,5180,106.68,10668,0.9897636825125542,1.4339962118766123,24947
PAK,Pakistan,admin2,PK62022,Punjab,PK6112022,Hafizabad,28,2025-02-16,2025-02-28,64.31,6431,91.5,9150,2.721572663577898,3.3963294895942298,34808
PAK,Pakistan,admin2,PK62022,Punjab,PK6102022,Gujrat,28,2025-02-16,2025-02-28,28.67,2867,55.68,5568,1.10177552410085,1.4743576776939304,36161
PAK,Pakistan,admin2,PK62022,Punjab,PK6092022,Gujranwala,28,2025-02-16,2025-02-28,103.9,10390,153.26999999999998,15327,2.9132218455627945,3.5748442066140944,84537
PAK,Pakistan,admin2,PK62022,Punjab,PK6082022,Faisalabad,28,2025-02-16,2025-02-28,20.75,2075,35.769999999999996,3577,0.4173859614782708,0.5126349292046907,16351
PAK,Pakistan,admin2,PK62022,Punjab,PK6072022,Dera Ghazi Khan,28,2025-02-16,2025-02-28,90.29,9029,208.45999999999998,20846,1.898035253905057,1.5229009089435648,33196
PAK,Pakistan,admin2,PK62022,Punjab,PK6062022,Chiniot,28,2025-02-16,2025-02-28,3.1,310,5.88,588,0.1353648089306459,0.19175989788459327,3739
PAK,Pakistan,admin2,PK62022,Punjab,PK6052022,Chakwal,28,2025-02-16,2025-02-28,6.34,634,23.18,2318,0.194110122333201,0.2991808975793381,6421
PAK,Pakistan,admin2,PK62022,Punjab,PK6042022,Bhakkar,28,2025-02-16,2025-02-28,9.75,975,46.599999999999994,4660,0.2288074786128167,0.46670722800084413,4401
PAK,Pakistan,admin2,PK62022,Punjab,PK6032022,Bahawalpur,28,2025-02-16,2025-02-28,8.44,844,13.15,1315,0.1215107872835895,0.0478935376640111,2850
PAK,Pakistan,admin2,PK62022,Punjab,PK6022022,Bahawalnagar,28,2025-02-16,2025-02-28,49.15,4915,67.61,6761,0.7661761138500932,0.682985000372916,26924
PAK,Pakistan,admin2,PK62022,Punjab,PK6012022,Attock,28,2025-02-16,2025-02-28,2.67,267,41.75,4175,0.0783195830326826,0.50257505603526,6398
PAK,Pakistan,admin2,PK52022,Khyber Pakhtunkhwa,PK5352022,Upper Dir,28,2025-02-16,2025-02-28,0,0,2.3299999999999996,233,0,0.05840643648662018,326
PAK,Pakistan,admin2,PK52022,Khyber Pakhtunkhwa,PK5342022,Tor Ghar,28,2025-02-16,2025-02-28,1.11,111,12.670000000000002,1267,8.184373210888207,2.2982725805272133,5284
PAK,Pakistan,admin2,PK52022,Khyber Pakhtunkhwa,PK5332022,Tank,28,2025-02-16,2025-02-28,0.69,69,0.8799999999999999,88,0.0967512742217047,0.027195925885478364,227
PAK,Pakistan,admin2,PK52022,Khyber Pakhtunkhwa,PK5322022,Swat,28,2025-02-16,2025-02-28,0,0,1.8099999999999998,181,0,0.03245025517550411,933
PAK,Pakistan,admin2,PK52022,Khyber Pakhtunkhwa,PK5312022,Swabi,28,2025-02-16,2025-02-28,0.5,50,11.360000000000001,1136,0.054061076550654,0.6335438920511892,9302
PAK,Pakistan,admin2,PK52022,Khyber Pakhtunkhwa,PK5302022,South Waziristan,28,2025-02-16,2025-02-28,0.15,15,21.43,2143,0.0765900392501424,0.29074753568897893,538
PAK,Pakistan,admin2,PK52022,Khyber Pakhtunkhwa,PK5292022,Shangla,28,2025-02-16,2025-02-28,1.23,123,8.14,814,3.241816905819353,0.48481692911486896,3120
PAK,Pakistan,admin2,PK52022,Khyber Pakhtunkhwa,PK5282022,Peshawar,28,2025-02-16,2025-02-28,5.34,534,14.95,1495,0.8091058604826269,0.8039201739373469,49033
PAK,Pakistan,admin2,PK52022,Khyber Pakhtunkhwa,PK5272022,Orakzai,28,2025-02-16,2025-02-28,0.05,5,1.2500000000000002,125,0.0342776120951847,0.07655020652465203,180
PAK,Pakistan,admin2,PK52022,Khyber Pakhtunkhwa,PK5262022,Nowshera,28,2025-02-16,2025-02-28,4.56,456,17.96,1796,0.9169482121402426,0.8613606402348178,11696
PAK,Pakistan,admin2,PK52022,Khyber Pakhtunkhwa,PK5252022,North Waziristan,28,2025-02-16,2025-02-28,0.18,18,4.29,429,0.1176301446850779,0.07282215233431678,134
PAK,Pakistan,admin2,PK52022,Khyber Pakhtunkhwa,PK5242022,Mohmand,28,2025-02-16,2025-02-28,0.17,17,9.98,998,0.0380113413215898,0.3628863784910485,1156
PAK,Pakistan,admin2,PK52022,Khyber Pakhtunkhwa,PK5222022,Mansehra,28,2025-02-16,2025-02-28,0.12,12,3.13,313,0.0349943728819684,0.07338827905464841,801
PAK,Pakistan,admin2,PK52022,Khyber Pakhtunkhwa,PK5212022,Malakand,28,2025-02-16,2025-02-28,0,0,1.8599999999999999,186,0,0.2111359877351491,204
PAK,Pakistan,admin2,PK52022,Khyber Pakhtunkhwa,PK5202022,Lower Dir,28,2025-02-16,2025-02-28,0.04,4,0.33999999999999997,34,0.0102587147278735,0.02200770980588157,93
PAK,Pakistan,admin2,PK52022,Khyber Pakhtunkhwa,PK5192022,Lakki Marwat,28,2025-02-16,2025-02-28,1.1,110,6.24,624,0.0843726256099343,0.16047861031009913,1176
PAK,Pakistan,admin2,PK52022,Khyber Pakhtunkhwa,PK5182022,Kurram,28,2025-02-16,2025-02-28,0.38,38,4.429999999999999,443,0.1407353034726617,0.10817262287991967,713
PAK,Pakistan,admin2,PK52022,Khyber Pakhtunkhwa,PK5172022,Kolai Palas Kohistan,28,2025-02-16,2025-02-28,0.19,19,4.43,443,1.935886012474378,0.3488297443740174,1493
PAK,Pakistan,admin2,PK52022,Khyber Pakhtunkhwa,PK5162022,Kohistan Upper,28,2025-02-16,2025-02-28,0,0,13.19,1319,0,0.26898206715843503,1112
PAK,Pakistan,admin2,PK52022,Khyber Pakhtunkhwa,PK5152022,Kohistan Lower,28,2025-02-16,2025-02-28,0,0,1.9000000000000004,190,0,0.21079281854754056,637
PAK,Pakistan,admin2,PK52022,Khyber Pakhtunkhwa,PK5142022,Kohat,28,2025-02-16,2025-02-28,1.31,131,41.91,4191,0.1970081651790058,1.0139055446522462,6334
PAK,Pakistan,admin2,PK52022,Khyber Pakhtunkhwa,PK5132022,Khyber,28,2025-02-16,2025-02-28,0.15,15,9.26,926,0.0904761386629022,0.2788581815009995,1271
PAK,Pakistan,admin2,PK52022,Khyber Pakhtunkhwa,PK5122022,Karak,28,2025-02-16,2025-02-28,0.04,4,3.98,398,0.0101714548291674,0.12870236465390988,570
PAK,Pakistan,admin2,PK52022,Khyber Pakhtunkhwa,PK5112022,Haripur,28,2025-02-16,2025-02-28,0.92,92,39.28000000000001,3928,0.1833367093545798,1.6623863090428337,6103
PAK,Pakistan,admin2,PK52022,Khyber Pakhtunkhwa,PK5092022,D. I. Khan,28,2025-02-16,2025-02-28,64.2,6420,177.31,17731,1.5475752919106929,1.6637612206566965,21887
PAK,Pakistan,admin2,PK52022,Khyber Pakhtunkhwa,PK5082022,Chitral Upper,28,2025-02-16,2025-02-28,0.13,13,7.46,746,0.5903723887375113,0.0695202722966854,523
PAK,Pakistan,admin2,PK52022,Khyber Pakhtunkhwa,PK5072022,Chitral Lower,28,2025-02-16,2025-02-28,0.13,13,14.399999999999999,1440,0.4576441061237337,0.19181282879092987,1880
PAK,Pakistan,admin2,PK52022,Khyber Pakhtunkhwa,PK5062022,Charsadda,28,2025-02-16,2025-02-28,2.77,277,8.92,892,0.4991926062249856,0.73619879710826,8756
PAK,Pakistan,admin2,PK52022,Khyber Pakhtunkhwa,PK5052022,Buner,28,2025-02-16,2025-02-28,0,0,0.33999999999999997,34,0,0.02028863306750459,115
PAK,Pakistan,admin2,PK52022,Khyber Pakhtunkhwa,PK5042022,Batagram,28,2025-02-16,2025-02-28,0.04,4,4.41,441,0.0859089163348224,0.2663940542637971,2278
PAK,Pakistan,admin2,PK52022,Khyber Pakhtunkhwa,PK5032022,Bannu,28,2025-02-16,2025-02-28,1.08,108,5.73,573,0.1695185150965963,0.23638630305783725,707
PAK,Pakistan,admin2,PK52022,Khyber Pakhtunkhwa,PK5022022,Bajaur,28,2025-02-16,2025-02-28,0.24,24,1.5,150,0.0464601114890845,0.09088929076080524,362
PAK,Pakistan,admin2,PK52022,Khyber Pakhtunkhwa,PK5012022,Abbottabad,28,2025-02-16,2025-02-28,0,0,2.2399999999999998,224,0,0.12479451889888672,574
PAK,Pakistan,admin2,PK42022,Islamabad,PK4012022,Islamabad,28,2025-02-16,2025-02-28,1.11,111,5.32,532,0.4195892516961828,0.5084364051409871,6576
PAK,Pakistan,admin2,PK32022,Gilgit Baltistan,PK3142022,Rondu,28,2025-02-16,2025-02-28,0,0,8.8,880,0,0.4882989407895104,396
PAK,Pakistan,admin2,PK32022,Gilgit Baltistan,PK3132022,Gupis-Yasin,28,2025-02-16,2025-02-28,0.01,1,4.05,405,0.0285388127853881,0.05948196247429143,178
PAK,Pakistan,admin2,PK32022,Gilgit Baltistan,PK3122022,Tangir,28,2025-02-16,2025-02-28,0,0,0.48,48,0,0.038123058554432154,7
PAK,Pakistan,admin2,PK32022,Gilgit Baltistan,PK3112022,Darel,28,2025-02-16,2025-02-28,0.03,3,3.1,310,0.156470516045898,0.1876741906725618,72
PAK,Pakistan,admin2,PK32022,Gilgit Baltistan,PK3102022,Shigar,28,2025-02-16,2025-02-28,0,0,6.7700000000000005,677,0,0.1494642377839876,180
PAK,Pakistan,admin2,PK32022,Gilgit Baltistan,PK3092022,Kharmang,28,2025-02-16,2025-02-28,0.04,4,11.57,1157,2.083333333333333,0.1930226494432728,444
PAK,Pakistan,admin2,PK32022,Gilgit Baltistan,PK3082022,Nagar,28,2025-02-16,2025-02-28,0,0,2.12,212,0,0.10921218519501755,165
PAK,Pakistan,admin2,PK32022,Gilgit Baltistan,PK3072022,Skardu,28,2025-02-16,2025-02-28,0.32,32,25.98,2598,1.4024956172011964,1.2510675071675925,1946
PAK,Pakistan,admin2,PK32022,Gilgit Baltistan,PK3062022,Hunza,28,2025-02-16,2025-02-28,0,0,24.28,2428,0,0.17046438580102,88
PAK,Pakistan,admin2,PK32022,Gilgit Baltistan,PK3052022,Gilgit,28,2025-02-16,2025-02-28,0.04,4,12.280000000000001,1228,0.2426514668519064,0.31879095217647063,371
PAK,Pakistan,admin2,PK32022,Gilgit Baltistan,PK3042022,Ghizer,28,2025-02-16,2025-02-28,0,0,1.1600000000000001,116,0,0.03198368697887762,22
PAK,Pakistan,admin2,PK32022,Gilgit Baltistan,PK3032022,Ghanche,28,2025-02-16,2025-02-28,0,0,10.370000000000001,1037,0,0.1982421992723527,619
PAK,Pakistan,admin2,PK32022,Gilgit Baltistan,PK3022022,Diamir,28,2025-02-16,2025-02-28,0.03,3,27.71,2771,0.146771037181996,0.5667729033487304,521
PAK,Pakistan,admin2,PK32022,Gilgit Baltistan,PK3012022,Astore,28,2025-02-16,2025-02-28,0,0,11.12,1112,0,0.2569451300905691,504
PAK,Pakistan,admin2,PK22022,Balochistan,PK2362022,Usta Muhammad,28,2025-02-16,2025-02-28,13.29,1329,23.689999999999998,2369,1.3826934572338505,2.106656202928083,2727
PAK,Pakistan,admin2,PK22022,Balochistan,PK2352022,Chaman,28,2025-02-16,2025-02-28,0,0,0.6,60,0,0.03267467314328519,25
PAK,Pakistan,admin2,PK22022,Balochistan,PK2342022,Duki,28,2025-02-16,2025-02-28,0.01,1,1.2400000000000002,124,0.0022406972839058,0.026760423500204956,39
PAK,Pakistan,admin2,PK22022,Balochistan,PK2332022,Shaheed Sikandarabad,28,2025-02-16,2025-02-28,0.04,4,1.73,173,0.0141219139291498,0.04103926622852507,38
PAK,Pakistan,admin2,PK22022,Balochistan,PK2322022,Ziarat,28,2025-02-16,2025-02-28,0,0,1.37,137,0,0.037328297444867,38
PAK,Pakistan,admin2,PK22022,Balochistan,PK2312022,Zhob,28,2025-02-16,2025-02-28,0.65,65,10.260000000000002,1026,0.310102319733733,0.07329922002631396,203
PAK,Pakistan,admin2,PK22022,Balochistan,PK2302022,Washuk,28,2025-02-16,2025-02-28,0,0,55.52,5552,0,0.1260812783634229,142
PAK,Pakistan,admin2,PK22022,Balochistan,PK2292022,Sohbatpur,28,2025-02-16,2025-02-28,25.1,2510,72.34,7234,3.598410930938504,8.049471081323748,8925
PAK,Pakistan,admin2,PK22022,Balochistan,PK2282022,Sibi,28,2025-02-16,2025-02-28,0,0,0.49,49,0,0.00969633003336844,4
PAK,Pakistan,admin2,PK22022,Balochistan,PK2272022,Sherani,28,2025-02-16,2025-02-28,0.06,6,23.63,2363,0.3153163364775662,0.6575874961106951,586
PAK,Pakistan,admin2,PK22022,Balochistan,PK2262022,Quetta,28,2025-02-16,2025-02-28,0.01,1,3.0900000000000003,309,0.0055193228245426,0.0729374853687652,189
PAK,Pakistan,admin2,PK22022,Balochistan,PK2252022,Pishin,28,2025-02-16,2025-02-28,0,0,2.13,213,0,0.03248640151171846,62
PAK,Pakistan,admin2,PK22022,Balochistan,PK2242022,Panjgur,28,2025-02-16,2025-02-28,0,0,8.08,808,0,0.04129564372687245,53
PAK,Pakistan,admin2,PK22022,Balochistan,PK2232022,Nushki,28,2025-02-16,2025-02-28,1.12,112,46.59,4659,0.5167388279654131,0.689520691752496,919
PAK,Pakistan,admin2,PK22022,Balochistan,PK2222022,Nasirabad,28,2025-02-16,2025-02-28,0.57,57,1.41,141,0.0206683200469522,0.038285166554636325,249
PAK,Pakistan,admin2,PK22022,Balochistan,PK2212022,Musakhel,28,2025-02-16,2025-02-28,0,0,1.5,150,0,0.03932259858946491,38
PAK,Pakistan,admin2,PK22022,Balochistan,PK2202022,Mastung,28,2025-02-16,2025-02-28,0,0,0.53,53,0,0.0111257913749061,5
PAK,Pakistan,admin2,PK22022,Balochistan,PK2192022,Loralai,28,2025-02-16,2025-02-28,0,0,0.6799999999999999,68,0,0.017365360372287662,34
PAK,Pakistan,admin2,PK22022,Balochistan,PK2172022,Lasbela,28,2025-02-16,2025-02-28,1.19,119,162.67,16267,0.1244095568350782,1.0374927723088907,1711
PAK,Pakistan,admin2,PK22022,Balochistan,PK2152022,Killa Saifullah,28,2025-02-16,2025-02-28,0.02,2,15.07,1507,0.002544044265173,0.1043377624102802,184
PAK,Pakistan,admin2,PK22022,Balochistan,PK2142022,Killa Abdullah,28,2025-02-16,2025-02-28,0.04,4,2.36,236,0.019298992479069,0.06825966671384033,45
PAK,Pakistan,admin2,PK22022,Balochistan,PK2132022,Khuzdar,28,2025-02-16,2025-02-28,0.17,17,12.620000000000001,1262,0.0123630531624975,0.03606577047640772,154
PAK,Pakistan,admin2,PK22022,Balochistan,PK2122022,Kharan,28,2025-02-16,2025-02-28,0,0,7.779999999999999,778,0,0.08716387647068123,67
PAK,Pakistan,admin2,PK22022,Balochistan,PK2112022,Kech,28,2025-02-16,2025-02-28,1.69,169,96.15,9615,0.700786972631175,0.352442385518431,1815
PAK,Pakistan,admin2,PK22022,Balochistan,PK2102022,Kalat,28,2025-02-16,2025-02-28,0,0,2.36,236,0,0.02114298432197817,11
PAK,Pakistan,admin2,PK22022,Balochistan,PK2092022,Kachhi,28,2025-02-16,2025-02-28,0.73,73,5.18,518,0.0495658455298197,0.08434659396653059,166
PAK,Pakistan,admin2,PK22022,Balochistan,PK2082022,Jhal Magsi,28,2025-02-16,2025-02-28,19.84,1984,22.16,2216,1.1593574539967648,0.5039122533494733,908
PAK,Pakistan,admin2,PK22022,Balochistan,PK2072022_1,Jaffarabad,28,2025-02-16,2025-02-28,3.81,381,11.559999999999999,1156,0.5319982534489944,1.420521900845084,1965
PAK,Pakistan,admin2,PK22022,Balochistan,PK2062022,Harnai,28,2025-02-16,2025-02-28,0,0,1.08,108,0,0.03115511667642091,12
PAK,Pakistan,admin2,PK22022,Balochistan,PK2052022,Gwadar,28,2025-02-16,2025-02-28,1.42,142,191.13,19113,5.4535842895806566,1.4853694756969715,2756
PAK,Pakistan,admin2,PK22022,Balochistan,PK2042022,Dera Bugti,28,2025-02-16,2025-02-28,6.84,684,16.689999999999998,1669,1.1402461590237418,0.14136068444937147,1731
PAK,Pakistan,admin2,PK22022,Balochistan,PK2032022,Chagai,28,2025-02-16,2025-02-28,0.18,18,257.46999999999997,25747,0.0697119499191781,0.5046907291923217,830
PAK,Pakistan,admin2,PK22022,Balochistan,PK2012022,Awaran,28,2025-02-16,2025-02-28,1.77,177,13,1300,0.634928271463171,0.04651395091245943,113
PAK,Pakistan,admin2,PK12022,Azad Kashmir,PK1092022,Poonch,28,2025-02-16,2025-02-28,0,0,0.12000000000000001,12,0,0.0142273284382954,191
PAK,Pakistan,admin2,PK12022,Azad Kashmir,PK1082022,Neelum,28,2025-02-16,2025-02-28,0.01,1,7.4399999999999995,744,0.1099531297835001,0.2521051685173951,345
PAK,Pakistan,admin2,PK12022,Azad Kashmir,PK1072022,Muzaffarabad,28,2025-02-16,2025-02-28,0.02,2,4.36,436,0.1217831924866934,0.26461036944205785,1804
PAK,Pakistan,admin2,PK12022,Azad Kashmir,PK1062022,Mirpur,28,2025-02-16,2025-02-28,0.78,78,12.85,1285,0.3193681616436429,1.1951099678061612,2665
PAK,Pakistan,admin2,PK12022,Azad Kashmir,PK1052022,Kotli,28,2025-02-16,2025-02-28,0.15,15,6.040000000000001,604,0.084083933571714,0.31963307898963084,1777
PAK,Pakistan,admin2,PK12022,Azad Kashmir,PK1042022,Haveli,28,2025-02-16,2025-02-28,0,0,0.3,30,0,0.045773658294794066,42
PAK,Pakistan,admin2,PK12022,Azad Kashmir,PK1032022,Jhelum Valley,28,2025-02-16,2025-02-28,0,0,1.4400000000000002,144,0,0.17756527542758177,348
PAK,Pakistan,admin2,PK12022,Azad Kashmir,PK1022022,Bhimber,28,2025-02-16,2025-02-28,0.8,80,2.4599999999999995,246,0.2264274586359209,0.17214081596228586,548
PAK,Pakistan,admin2,PK12022,Azad Kashmir,PK1012022,Bagh,28,2025-02-16,2025-02-28,0,0,0.29,29,0,0.03532087739447608,54
PAK,Pakistan,admin2,PK72022,Sindh,PK7262022,Tharparkar,28,2025-02-16,2025-02-28,6.58,658,174.75,17475,0.1910666921255243,0.8025455208574053,6722
PAK,Pakistan,admin2,PK72022,Sindh,PK7272022,Thatta,28,2025-02-16,2025-02-28,94.6,9460,900.23,90023,4.754510152415524,10.668859041169924,64640
PAK,Pakistan,admin2,PK72022,Sindh,PK7282022,Umer Kot,28,2025-02-16,2025-02-28,1.38,138,4.5600000000000005,456,0.0719226575746944,0.07472866034994821,1702
PAK,Pakistan,admin2,PK72022,Sindh,PK7292022,West Karachi,28,2025-02-16,2025-02-28,0.26,26,1.01,101,1.2936231985857942,0.37700281372474664,1086
PAK,Pakistan,admin2,PK22022,Balochistan,PK2122022,Kharan,27,2025-01-02,2025-02-15,0,0,37.87,3787,0,0.42413474794124145,355
PAK,Pakistan,admin2,PK22022,Balochistan,PK2112022,Kech,27,2025-01-02,2025-02-15,0.88,88,101.39,10139,0.3649068259854638,0.37164985405838524,1606
PAK,Pakistan,admin2,PK22022,Balochistan,PK2102022,Kalat,27,2025-01-02,2025-02-15,0,0,11.84,1184,0,0.10607327727636541,138
PAK,Pakistan,admin2,PK22022,Balochistan,PK2092022,Kachhi,27,2025-01-02,2025-02-15,0.81,81,7.970000000000001,797,0.0549977190125397,0.1291417981518808,188
PAK,Pakistan,admin2,PK22022,Balochistan,PK2082022,Jhal Magsi,27,2025-01-02,2025-02-15,24.8,2480,27.999999999999996,2800,1.449196817495956,0.6367122334740635,1153
PAK,Pakistan,admin2,PK22022,Balochistan,PK2072022_1,Jaffarabad,27,2025-01-02,2025-02-15,2.28,228,9.030000000000001,903,0.3183611595442801,1.1096291318885045,1369
PAK,Pakistan,admin2,PK22022,Balochistan,PK2062022,Harnai,27,2025-01-02,2025-02-15,0,0,6.340000000000001,634,0,0.18289207382269362,65
PAK,Pakistan,admin2,PK22022,Balochistan,PK2052022,Gwadar,27,2025-01-02,2025-02-15,1.69,169,221.85000000000002,22185,6.490533415064302,1.7241103865608391,3505
PAK,Pakistan,admin2,PK22022,Balochistan,PK2042022,Dera Bugti,27,2025-01-02,2025-02-15,6.96,696,17.240000000000002,1724,1.1602504776031055,0.14601906530300632,1707
PAK,Pakistan,admin2,PK22022,Balochistan,PK2032022,Chagai,27,2025-01-02,2025-02-15,1.31,131,830.5200000000001,83052,0.5073480799673523,1.6279789661273434,2565
PAK,Pakistan,admin2,PK22022,Balochistan,PK2012022,Awaran,27,2025-01-02,2025-02-15,1.85,185,24.459999999999997,2446,0.6636255944671561,0.08747449098942481,175
PAK,Pakistan,admin2,PK12022,Azad Kashmir,PK1102022,Sudhnoti,27,2025-01-02,2025-02-15,0,0,0.61,61,0,0.09082426745017066,338
PAK,Pakistan,admin2,PK12022,Azad Kashmir,PK1092022,Poonch,27,2025-01-02,2025-02-15,0.13,13,0.7600000000000001,76,1.0882125083708658,0.08752610314729947,505
PAK,Pakistan,admin2,PK12022,Azad Kashmir,PK1082022,Neelum,27,2025-01-02,2025-02-15,0,0,5.749999999999999,575,0,0.16308038669087407,332
PAK,Pakistan,admin2,PK12022,Azad Kashmir,PK1072022,Muzaffarabad,27,2025-01-02,2025-02-15,0.04,4,5.18,518,0.2435663849733868,0.31437653984171093,2597
PAK,Pakistan,admin2,PK12022,Azad Kashmir,PK1062022,Mirpur,27,2025-01-02,2025-02-15,1.54,154,16.94,1694,0.630547396065654,1.5754990548355152,3493
PAK,Pakistan,admin2,PK12022,Azad Kashmir,PK1052022,Kotli,27,2025-01-02,2025-02-15,0.31,31,13.919999999999998,1392,0.1737734627148756,0.7245042266114345,3702
PAK,Pakistan,admin2,PK12022,Azad Kashmir,PK1042022,Haveli,27,2025-01-02,2025-02-15,0,0,0.99,99,0,0.1510530723728209,136
PAK,Pakistan,admin2,PK12022,Azad Kashmir,PK1032022,Jhelum Valley,27,2025-01-02,2025-02-15,0,0,1.8900000000000001,189,0,0.23527094992738998,246
PAK,Pakistan,admin2,PK12022,Azad Kashmir,PK1022022,Bhimber,27,2025-01-02,2025-02-15,0.77,77,2.68,268,0.2179364289370739,0.19010693946521007,475
PAK,Pakistan,admin2,PK12022,Azad Kashmir,PK1012022,Bagh,27,2025-01-02,2025-02-15,0,0,0.41,41,0,0.0499364128680524,68
PAK,Pakistan,admin2,PK52022,Khyber Pakhtunkhwa,PK5052022,Buner,27,2025-01-02,2025-02-15,0,0,0.92,92,0,0.06237211688811193,257
PAK,Pakistan,admin2,PK52022,Khyber Pakhtunkhwa,PK5042022,Batagram,27,2025-01-02,2025-02-15,0.08,8,6.42,642,0.1718178326696448,0.38510195757221316,2769
PAK,Pakistan,admin2,PK52022,Khyber Pakhtunkhwa,PK5032022,Bannu,27,2025-01-02,2025-02-15,2.44,244,11.47,1147,0.3829862748478657,0.47318514765678765,4369
PAK,Pakistan,admin2,PK52022,Khyber Pakhtunkhwa,PK5022022,Bajaur,27,2025-01-02,2025-02-15,0.46,46,5.250000000000001,525,0.0890485470207453,0.31811251766281845,1735
PAK,Pakistan,admin2,PK52022,Khyber Pakhtunkhwa,PK5012022,Abbottabad,27,2025-01-02,2025-02-15,0,0,3.94,394,0,0.21950464484893475,918
PAK,Pakistan,admin2,PK42022,Islamabad,PK4012022,Islamabad,27,2025-01-02,2025-02-15,0.37,37,6.619999999999999,662,0.1398630838987276,0.6095339251793046,11724
PAK,Pakistan,admin2,PK32022,Gilgit Baltistan,PK3142022,Rondu,27,2025-01-02,2025-02-15,0,0,11.59,1159,0,0.6431119004261847,346
PAK,Pakistan,admin2,PK32022,Gilgit Baltistan,PK3132022,Gupis-Yasin,27,2025-01-02,2025-02-15,0.04,4,18.959999999999997,1896,0.1141552511415525,0.27846370580557184,594
PAK,Pakistan,admin2,PK32022,Gilgit Baltistan,PK3122022,Tangir,27,2025-01-02,2025-02-15,0,0,1.6400000000000001,164,0,0.13025378339431187,34
PAK,Pakistan,admin2,PK32022,Gilgit Baltistan,PK3112022,Darel,27,2025-01-02,2025-02-15,0.03,3,20.64,2064,0.156470516045898,1.246542060776173,467
PAK,Pakistan,admin2,PK32022,Gilgit Baltistan,PK3102022,Shigar,27,2025-01-02,2025-02-15,0.01,1,19.39,1939,0.0516894336662403,0.18439533177678125,311
PAK,Pakistan,admin2,PK32022,Gilgit Baltistan,PK3092022,Kharmang,27,2025-01-02,2025-02-15,0.21,21,32.809999999999995,3281,10.9375,0.46524979594109633,1595
PAK,Pakistan,admin2,PK32022,Gilgit Baltistan,PK3082022,Nagar,27,2025-01-02,2025-02-15,0,0,13.39,1339,0,0.6349599704364112,522
PAK,Pakistan,admin2,PK32022,Gilgit Baltistan,PK3072022,Skardu,27,2025-01-02,2025-02-15,0.39,39,35.480000000000004,3548,1.709291533463958,1.7085402291880751,2512
PAK,Pakistan,admin2,PK32022,Gilgit Baltistan,PK3062022,Hunza,27,2025-01-02,2025-02-15,0,0,76.44999999999999,7645,0,0.5367381505143316,400
PAK,Pakistan,admin2,PK32022,Gilgit Baltistan,PK3052022,Gilgit,27,2025-01-02,2025-02-15,0.17,17,32.26,3226,1.0312687341206024,0.7330420436588019,1289
PAK,Pakistan,admin2,PK32022,Gilgit Baltistan,PK3042022,Ghizer,27,2025-01-02,2025-02-15,0.12,12,21.79,2179,0.6526357098373103,0.44799416938787323,558
PAK,Pakistan,admin2,PK32022,Gilgit Baltistan,PK3032022,Ghanche,27,2025-01-02,2025-02-15,0.09,9,55.64,5564,0.9771986970684038,0.5226052710731823,1902
PAK,Pakistan,admin2,PK32022,Gilgit Baltistan,PK3022022,Diamir,27,2025-01-02,2025-02-15,0.22,22,73.52000000000001,7352,1.076320939334638,1.5037583491230115,1372
PAK,Pakistan,admin2,PK32022,Gilgit Baltistan,PK3012022,Astore,27,2025-01-02,2025-02-15,0,0,14.7,1470,0,0.3396666737708061,743
PAK,Pakistan,admin2,PK22022,Balochistan,PK2362022,Usta Muhammad,27,2025-01-02,2025-02-15,26.7,2670,39.78,3978,2.7778717312373065,3.5374750423165526,3854
PAK,Pakistan,admin2,PK22022,Balochistan,PK2352022,Chaman,27,2025-01-02,2025-02-15,0,0,3.58,358,0,0.1949588830882686,116
PAK,Pakistan,admin2,PK22022,Balochistan,PK2342022,Duki,27,2025-01-02,2025-02-15,0.08,8,1.52,152,0.0179255782712466,0.032803099774444726,48
PAK,Pakistan,admin2,PK22022,Balochistan,PK2332022,Shaheed Sikandarabad,27,2025-01-02,2025-02-15,0.1,10,2.0900000000000003,209,0.0353047848228745,0.04957922914313148,45
PAK,Pakistan,admin2,PK22022,Balochistan,PK2322022,Ziarat,27,2025-01-02,2025-02-15,0,0,6.369999999999999,637,0,0.1735629596524111,178
PAK,Pakistan,admin2,PK22022,Balochistan,PK2312022,Zhob,27,2025-01-02,2025-02-15,0.67,67,17.6,1760,0.319643929571694,0.12554599113733125,341
PAK,Pakistan,admin2,PK22022,Balochistan,PK2302022,Washuk,27,2025-01-02,2025-02-15,0,0,100.84000000000002,10084,0,0.22899920947708152,291
PAK,Pakistan,admin2,PK22022,Balochistan,PK2292022,Sohbatpur,27,2025-01-02,2025-02-15,24.6,2460,68.34,6834,3.5267294382903263,7.604380062173971,8368
PAK,Pakistan,admin2,PK22022,Balochistan,PK2282022,Sibi,27,2025-01-02,2025-02-15,0,0,9.16,916,0,0.18126200633807107,64
PAK,Pakistan,admin2,PK22022,Balochistan,PK2272022,Sherani,27,2025-01-02,2025-02-15,0.06,6,30.060000000000002,3006,0.3153163364775662,0.8365247622973973,754
PAK,Pakistan,admin2,PK22022,Balochistan,PK2262022,Quetta,27,2025-01-02,2025-02-15,0.02,2,4.13,413,0.0110386456490853,0.09748602413365726,332
PAK,Pakistan,admin2,PK22022,Balochistan,PK2252022,Pishin,27,2025-01-02,2025-02-15,0,0,5.010000000000001,501,0,0.07641167679516889,168
PAK,Pakistan,admin2,PK22022,Balochistan,PK2242022,Panjgur,27,2025-01-02,2025-02-15,0,0,5.71,571,0,0.029182936346589278,39
PAK,Pakistan,admin2,PK22022,Balochistan,PK2232022,Nushki,27,2025-01-02,2025-02-15,1.33,133,86.52999999999999,8653,0.6136273582089281,1.2806229975819592,1613
PAK,Pakistan,admin2,PK22022,Balochistan,PK2222022,Nasirabad,27,2025-01-02,2025-02-15,10.84,1084,11.76,1176,0.3930606829981804,0.31902612307769956,1477
PAK,Pakistan,admin2,PK22022,Balochistan,PK2212022,Musakhel,27,2025-01-02,2025-02-15,0,0,8.2,820,0,0.12257970016618419,193
PAK,Pakistan,admin2,PK22022,Balochistan,PK2202022,Mastung,27,2025-01-02,2025-02-15,0,0,2.9299999999999997,293,0,0.06150673344995307,8
PAK,Pakistan,admin2,PK22022,Balochistan,PK2192022,Loralai,27,2025-01-02,2025-02-15,0,0,1,100,0,0.025537294665128885,49
PAK,Pakistan,admin2,PK22022,Balochistan,PK2182022,Lehri,27,2025-01-02,2025-02-15,0.16,16,0.32,32,0.0098222464686195,0.0085875337151467,5
PAK,Pakistan,admin2,PK22022,Balochistan,PK2172022,Lasbela,27,2025-01-02,2025-02-15,1.38,138,184.6,18460,0.1442732675902588,1.1773600895569019,1750
PAK,Pakistan,admin2,PK22022,Balochistan,PK2152022,Killa Saifullah,27,2025-01-02,2025-02-15,0.02,2,30.85,3085,0.002544044265173,0.21349146601736788,388
PAK,Pakistan,admin2,PK22022,Balochistan,PK2142022,Killa Abdullah,27,2025-01-02,2025-02-15,0.04,4,2.6100000000000003,261,0.019298992479069,0.07549056361149292,60
PAK,Pakistan,admin2,PK22022,Balochistan,PK2132022,Khuzdar,27,2025-01-02,2025-02-15,0.23,23,30.290000000000003,3029,0.0167264836904378,0.0865234757873357,316
PAK,Pakistan,admin2,PK52022,Khyber Pakhtunkhwa,PK5252022,North Waziristan,27,2025-01-02,2025-02-15,0.61,61,6.6499999999999995,665,0.3986354903216528,0.11288282354853317,824
PAK,Pakistan,admin2,PK52022,Khyber Pakhtunkhwa,PK5242022,Mohmand,27,2025-01-02,2025-02-15,0.55,55,19.560000000000002,1956,0.1229778689816143,0.7112282127539995,3915
PAK,Pakistan,admin2,PK52022,Khyber Pakhtunkhwa,PK5232022,Mardan,27,2025-01-02,2025-02-15,2.79,279,5.749999999999999,575,0.3319813765657127,0.2898167152642928,4074
PAK,Pakistan,admin2,PK52022,Khyber Pakhtunkhwa,PK5172022,Kolai Palas Kohistan,27,2025-01-02,2025-02-15,0.22,22,5.43,543,2.241552224970333,0.42757235032752067,1873
PAK,Pakistan,admin2,PK52022,Khyber Pakhtunkhwa,PK5162022,Kohistan Upper,27,2025-01-02,2025-02-15,0.06,6,22.019999999999996,2202,0.4149377593360996,0.352389345801112,1541
PAK,Pakistan,admin2,PK52022,Khyber Pakhtunkhwa,PK5152022,Kohistan Lower,27,2025-01-02,2025-02-15,0,0,3.6599999999999997,366,0,0.4067589362536881,1122
PAK,Pakistan,admin2,PK52022,Khyber Pakhtunkhwa,PK5142022,Kohat,27,2025-01-02,2025-02-15,1.07,107,49.44,4944,0.1609150662149132,1.1960746868911252,7502
PAK,Pakistan,admin2,PK52022,Khyber Pakhtunkhwa,PK5132022,Khyber,27,2025-01-02,2025-02-15,0.27,27,28.870000000000005,2887,0.162857049593224,0.8693991036645634,4554
PAK,Pakistan,admin2,PK52022,Khyber Pakhtunkhwa,PK5122022,Karak,27,2025-01-02,2025-02-15,0.03,3,5.39,539,0.0076285911218755,0.16995654493881263,687
PAK,Pakistan,admin2,PK52022,Khyber Pakhtunkhwa,PK5112022,Haripur,27,2025-01-02,2025-02-15,1.57,157,57.7,5770,0.3128680800942285,2.441947302234508,8585
PAK,Pakistan,admin2,PK52022,Khyber Pakhtunkhwa,PK5102022,Hangu,27,2025-01-02,2025-02-15,0.04,4,0.44,44,0.0136431323080207,0.03277768151889982,91
PAK,Pakistan,admin2,PK52022,Khyber Pakhtunkhwa,PK5092022,D. I. Khan,27,2025-01-02,2025-02-15,89.16,8916,213.04000000000002,21304,2.149249424092794,1.9990282017297536,28298
PAK,Pakistan,admin2,PK52022,Khyber Pakhtunkhwa,PK5082022,Chitral Upper,27,2025-01-02,2025-02-15,0.28,28,24.79,2479,1.2715712988192551,0.34520304021572706,1851
PAK,Pakistan,admin2,PK52022,Khyber Pakhtunkhwa,PK5072022,Chitral Lower,27,2025-01-02,2025-02-15,0.09,9,37.379999999999995,3738,0.3168305350087387,0.49727151477535264,2508
PAK,Pakistan,admin2,PK52022,Khyber Pakhtunkhwa,PK5062022,Charsadda,27,2025-01-02,2025-02-15,2.6,260,8.32,832,0.4685562368898781,0.686678698648063,8451
PAK,Pakistan,admin2,PK52022,Khyber Pakhtunkhwa,PK5222022,Mansehra,27,2025-01-02,2025-02-15,0.29,29,7.069999999999999,707,0.084569734464757,0.16932949670710773,1559
PAK,Pakistan,admin2,PK52022,Khyber Pakhtunkhwa,PK5212022,Malakand,27,2025-01-02,2025-02-15,0.06,6,5.06,506,0.0360435236148685,0.48309444625593895,708
PAK,Pakistan,admin2,PK52022,Khyber Pakhtunkhwa,PK5202022,Lower Dir,27,2025-01-02,2025-02-15,0,0,1.62,162,0,0.10735622192586712,467
PAK,Pakistan,admin2,PK52022,Khyber Pakhtunkhwa,PK5192022,Lakki Marwat,27,2025-01-02,2025-02-15,3.39,339,7.250000000000001,725,0.2600210916524341,0.18236019096413955,1654
PAK,Pakistan,admin2,PK52022,Khyber Pakhtunkhwa,PK5182022,Kurram,27,2025-01-02,2025-02-15,0.4,40,6.8999999999999995,690,0.148142424708065,0.16848557514028117,987
PAK,Pakistan,admin2,PK52022,Khyber Pakhtunkhwa,PK5262022,Nowshera,27,2025-01-02,2025-02-15,5.47,547,21.099999999999998,2110,1.0999356842998087,1.0119548724362282,16637
PAK,Pakistan,admin2,PK52022,Khyber Pakhtunkhwa,PK5272022,Orakzai,27,2025-01-02,2025-02-15,0,0,0.44,44,0,0.02958883388084975,38
PAK,Pakistan,admin2,PK52022,Khyber Pakhtunkhwa,PK5282022,Peshawar,27,2025-01-02,2025-02-15,6.97,697,20.86,2086,1.0560801212666495,1.1217240687848207,27583
PAK,Pakistan,admin2,PK52022,Khyber Pakhtunkhwa,PK5292022,Shangla,27,2025-01-02,2025-02-15,0.75,75,6.17,617,1.9767176254996055,0.3674840850907545,2654
PAK,Pakistan,admin2,PK52022,Khyber Pakhtunkhwa,PK5302022,South Waziristan,27,2025-01-02,2025-02-15,0.15,15,25.72,2572,0.0765900392501424,0.3489513120821526,698
PAK,Pakistan,admin2,PK52022,Khyber Pakhtunkhwa,PK5312022,Swabi,27,2025-01-02,2025-02-15,4.36,436,18.05,1805,0.4714125875217034,1.0066432439721804,18637
PAK,Pakistan,admin2,PK52022,Khyber Pakhtunkhwa,PK5322022,Swat,27,2025-01-02,2025-02-15,0.57,57,7.39,739,0.1737500960795594,0.1231726320862989,3297
PAK,Pakistan,admin2,PK72022,Sindh,PK7202022,Shikarpur,27,2025-01-02,2025-02-15,74.36,7436,149.94,14994,3.455120289180688,5.171147456802012,39634
PAK,Pakistan,admin2,PK72022,Sindh,PK7192022,Shaheed Benazir Abad,27,2025-01-02,2025-02-15,98.62,9862,294.63,29463,3.254722376572567,5.737821872468691,61715
PAK,Pakistan,admin2,PK72022,Sindh,PK7182022,Sanghar,27,2025-01-02,2025-02-15,83.31,8331,428.62,42862,2.116722735840358,3.7779793050033565,68946
PAK,Pakistan,admin2,PK72022,Sindh,PK7172022,Naushahro Feroze,27,2025-01-02,2025-02-15,82.99,8299,200.35000000000002,20035,3.2951062220191654,5.8611910537247685,61364
PAK,Pakistan,admin2,PK72022,Sindh,PK7162022,Mirpur Khas,27,2025-01-02,2025-02-15,5.39,539,25,2500,0.2312634771191081,0.6634446740581649,4180
PAK,Pakistan,admin2,PK72022,Sindh,PK7152022,Matiari,27,2025-01-02,2025-02-15,36.65,3665,91.32,9132,3.2582041411188074,5.617440722221289,25430
PAK,Pakistan,admin2,PK72022,Sindh,PK7142022,Malir Karachi,27,2025-01-02,2025-02-15,2.56,256,182.91000000000003,18291,1.0351436666190432,6.047646147963947,44143
PAK,Pakistan,admin2,PK72022,Sindh,PK7132022,Larkana,27,2025-01-02,2025-02-15,36.66,3666,101.94,10194,2.383281586747541,4.68785478854609,53551
PAK,Pakistan,admin2,PK72022,Sindh,PK7122022,Korangi Karachi,27,2025-01-02,2025-02-15,0,0,3.1800000000000006,318,0,2.985225178528173,6694
PAK,Pakistan,admin2,PK72022,Sindh,PK7112022,Khairpur,27,2025-01-02,2025-02-15,109.2,10920,361.73,36173,3.4040582276103244,2.008691165567151,95288
PAK,Pakistan,admin2,PK72022,Sindh,PK7102022,Kashmore,27,2025-01-02,2025-02-15,155.79,15579,330.53,33053,7.3618480797952595,11.091022690743243,76291
PAK,Pakistan,admin2,PK72022,Sindh,PK7092022,Kambar Shahdad Kot,27,2025-01-02,2025-02-15,160.05,16005,219.94,21994,4.662275512595001,3.467860879399071,18338
PAK,Pakistan,admin2,PK72022,Sindh,PK7082022,Jamshoro,27,2025-01-02,2025-02-15,34.15,3415,123.09,12309,2.1633621976227304,0.9831316417244597,24565
PAK,Pakistan,admin2,PK72022,Sindh,PK7072022,Jacobabad,27,2025-01-02,2025-02-15,117.71,11771,205.92000000000002,20592,4.783403161298962,6.717918295853152,48529
PAK,Pakistan,admin2,PK72022,Sindh,PK7062022,Hyderabad,27,2025-01-02,2025-02-15,17.62,1762,59.77,5977,3.390039977890151,5.279145968030115,131890
PAK,Pakistan,admin2,PK72022,Sindh,PK7052022,Ghotki,27,2025-01-02,2025-02-15,61.72,6172,213.22999999999996,21323,1.9918555980246944,2.9504993703762907,30135
PAK,Pakistan,admin2,PK72022,Sindh,PK7032022,Dadu,27,2025-01-02,2025-02-15,134.95,13495,212.6,21260,4.00537628119577,2.3560367992148628,58938
PAK,Pakistan,admin2,PK72022,Sindh,PK7012022,Badin,27,2025-01-02,2025-02-15,208.35,20835,417.87,41787,4.18036947733274,5.747721579450457,74952
PAK,Pakistan,admin2,PK62022,Punjab,PK6362022,Vehari,27,2025-01-02,2025-02-15,2.23,223,2.4,240,0.0492645149686935,0.04617462647688546,1085
PAK,Pakistan,admin2,PK62022,Punjab,PK6352022,Toba Tek Singh,27,2025-01-02,2025-02-15,7.63,763,10.57,1057,0.2741537576692148,0.2934560972432737,4925
PAK,Pakistan,admin2,PK62022,Punjab,PK6342022,Sialkot,27,2025-01-02,2025-02-15,20.26,2026,27.000000000000004,2700,0.6621445817552081,0.740786504167481,15404
PAK,Pakistan,admin2,PK62022,Punjab,PK6332022,Sheikhupura,27,2025-01-02,2025-02-15,73.68,7368,82.93,8293,2.0609206268149856,1.9379352304796882,42429
PAK,Pakistan,admin2,PK62022,Punjab,PK6322022,Sargodha,27,2025-01-02,2025-02-15,18.93,1893,65.57,6557,0.4008249979284711,0.9473815310737389,25565
PAK,Pakistan,admin2,PK62022,Punjab,PK6312022,Sahiwal,27,2025-01-02,2025-02-15,8.71,871,12.080000000000002,1208,0.2786665100180424,0.3211688527727426,7566
PAK,Pakistan,admin2,PK62022,Punjab,PK6302022,Rawalpindi,27,2025-01-02,2025-02-15,7.3,730,51.10999999999999,5111,0.3208076238436775,0.8137347814447755,62098
PAK,Pakistan,admin2,PK62022,Punjab,PK6292022,Rajanpur,27,2025-01-02,2025-02-15,76.66,7666,171.72,17172,1.400777072523317,1.187322787628461,25768
PAK,Pakistan,admin2,PK62022,Punjab,PK6282022,Rahim Yar Khan,27,2025-01-02,2025-02-15,53.53,5353,202.42000000000002,20242,0.7689777135581719,1.3805188596411568,32299
PAK,Pakistan,admin2,PK62022,Punjab,PK6272022,Pakpattan,27,2025-01-02,2025-02-15,15.34,1534,16.6,1660,0.5187109696251149,0.49526888344245235,6984
PAK,Pakistan,admin2,PK62022,Punjab,PK6262022,Okara,27,2025-01-02,2025-02-15,25.84,2584,30.689999999999998,3069,0.5782787354230944,0.5927488567565519,15484
PAK,Pakistan,admin2,PK62022,Punjab,PK6252022,Narowal,27,2025-01-02,2025-02-15,9.29,929,10.899999999999999,1090,0.3747663020177399,0.38699131648291946,8032
PAK,Pakistan,admin2,PK62022,Punjab,PK6242022,Nankana Sahib,27,2025-01-02,2025-02-15,56.75,5675,66.77,6677,2.627126365717664,2.5881100267380326,29098
PAK,Pakistan,admin2,PK62022,Punjab,PK6232022,Muzaffargarh,27,2025-01-02,2025-02-15,96.41,9641,271.29999999999995,27130,1.7014612695064328,3.044126173486735,75308
PAK,Pakistan,admin2,PK62022,Punjab,PK6222022,Multan,27,2025-01-02,2025-02-15,7.08,708,20.35,2035,0.2413109866938125,0.4817366995832295,7974
PAK,Pakistan,admin2,PK62022,Punjab,PK6212022,Mianwali,27,2025-01-02,2025-02-15,94.55,9455,233.60000000000002,23360,2.6347033871083,3.289939087579733,40770
PAK,Pakistan,admin2,PK62022,Punjab,PK6202022,Mandi Bahauddin,27,2025-01-02,2025-02-15,63.93,6393,131.18,13118,2.5487857286573146,4.026771859248497,60901
PAK,Pakistan,admin2,PK62022,Punjab,PK6192022,Lodhran,27,2025-01-02,2025-02-15,0,0,0.12,12,0,4.986962190352022,27
PAK,Pakistan,admin2,PK62022,Punjab,PK6182022,Leiah,27,2025-01-02,2025-02-15,78.29,7829,152.64000000000001,15264,1.7449014775849456,2.0343149745943485,28478
PAK,Pakistan,admin2,PK62022,Punjab,PK6172022,Lahore,27,2025-01-02,2025-02-15,14.35,1435,17,1700,1.4146119469212282,0.8356546766445297,20762
PAK,Pakistan,admin2,PK62022,Punjab,PK6162022,Khushab,27,2025-01-02,2025-02-15,26.31,2631,57.85000000000001,5785,0.8205234763788167,0.7396631575459687,12806
PAK,Pakistan,admin2,PK62022,Punjab,PK6152022,Khanewal,27,2025-01-02,2025-02-15,18.33,1833,43.89999999999999,4390,0.4489135833164552,0.8667133259792699,18399
PAK,Pakistan,admin2,PK62022,Punjab,PK6142022,Kasur,27,2025-01-02,2025-02-15,20.35,2035,26.35,2635,0.5547629945687925,0.5644507304467514,13111
PAK,Pakistan,admin2,PK62022,Punjab,PK6132022,Jhelum,27,2025-01-02,2025-02-15,23.4,2340,79.28999999999999,7929,1.4269135114648424,1.861644887344147,31750
PAK,Pakistan,admin2,PK62022,Punjab,PK6122022,Jhang,27,2025-01-02,2025-02-15,54.44,5444,95.43,9543,1.0402072369880977,1.2827733267658896,32085
PAK,Pakistan,admin2,PK62022,Punjab,PK6112022,Hafizabad,27,2025-01-02,2025-02-15,74.74,7474,104.99,10499,3.162965959816702,3.8970560995901438,40926
PAK,Pakistan,admin2,PK62022,Punjab,PK6102022,Gujrat,27,2025-01-02,2025-02-15,32.45,3245,60.09,6009,1.247039266029738,1.5911306187612841,48366
PAK,Pakistan,admin2,PK62022,Punjab,PK6092022,Gujranwala,27,2025-01-02,2025-02-15,113.92,11392,154.79,15479,3.194169707858648,3.6102964359743965,82968
PAK,Pakistan,admin2,PK62022,Punjab,PK6082022,Faisalabad,27,2025-01-02,2025-02-15,22.02,2202,32.89,3289,0.4429319938193505,0.47136043672189754,16980
PAK,Pakistan,admin2,PK62022,Punjab,PK6072022,Dera Ghazi Khan,27,2025-01-02,2025-02-15,86.79,8679,204.36,20436,1.8244598481162908,1.4929484301626545,32799
PAK,Pakistan,admin2,PK62022,Punjab,PK6062022,Chiniot,27,2025-01-02,2025-02-15,12.13,1213,20.970000000000002,2097,0.5296693975253987,0.6838784113333205,10000
PAK,Pakistan,admin2,PK62022,Punjab,PK6052022,Chakwal,27,2025-01-02,2025-02-15,6.19,619,23.7,2370,0.189517611552447,0.30589246214971155,7225
PAK,Pakistan,admin2,PK62022,Punjab,PK6042022,Bhakkar,27,2025-01-02,2025-02-15,20.64,2064,63.63,6363,0.4843678316480551,0.6372656849290497,10384
PAK,Pakistan,admin2,PK62022,Punjab,PK6032022,Bahawalpur,27,2025-01-02,2025-02-15,8.34,834,13.490000000000002,1349,0.1200710860124569,0.04913184966444952,4546
PAK,Pakistan,admin2,PK62022,Punjab,PK6022022,Bahawalnagar,27,2025-01-02,2025-02-15,51.88,5188,71.54,7154,0.8087327932155206,0.7226888698973446,26807
PAK,Pakistan,admin2,PK62022,Punjab,PK6012022,Attock,27,2025-01-02,2025-02-15,2.64,264,42.81,4281,0.0774395877177086,0.5153350454819036,6661
PAK,Pakistan,admin2,PK52022,Khyber Pakhtunkhwa,PK5352022,Upper Dir,27,2025-01-02,2025-02-15,0.1,10,14.64,1464,0.1007154350551328,0.3541190557143902,1959
PAK,Pakistan,admin2,PK52022,Khyber Pakhtunkhwa,PK5342022,Tor Ghar,27,2025-01-02,2025-02-15,1.83,183,23.540000000000003,2354,13.493155834167045,4.256461540065174,10878
PAK,Pakistan,admin2,PK52022,Khyber Pakhtunkhwa,PK5332022,Tank,27,2025-01-02,2025-02-15,1.8,180,5.279999999999999,528,0.2523946284044472,0.1578227142191912,656
PAK,Pakistan,admin2,PK72022,Sindh,PK7292022,West Karachi,27,2025-01-02,2025-02-15,0,0,0.05,5,0,0.050837340844234774,9
PAK,Pakistan,admin2,PK72022,Sindh,PK7282022,Umer Kot,27,2025-01-02,2025-02-15,4.5,450,12.660000000000002,1266,0.234530405134873,0.20747035965577765,4632
PAK,Pakistan,admin2,PK72022,Sindh,PK7272022,Thatta,27,2025-01-02,2025-02-15,124.45,12445,988,98800,6.254744064144948,11.70904405838051,75310
PAK,Pakistan,admin2,PK72022,Sindh,PK7262022,Tharparkar,27,2025-01-02,2025-02-15,8.89,889,224.19,22419,0.2581432968078892,1.0296004596338868,8586
PAK,Pakistan,admin2,PK72022,Sindh,PK7252022,Tando Muhammad Khan,27,2025-01-02,2025-02-15,47.43,4743,97.25,9725,3.4242619390722586,5.233418428504195,23930
PAK,Pakistan,admin2,PK72022,Sindh,PK7242022,Tando Allahyar,27,2025-01-02,2025-02-15,19.67,1967,37.54,3754,1.832638491930178,2.185585070212153,10147
PAK,Pakistan,admin2,PK72022,Sindh,PK7232022,Sukkur,27,2025-01-02,2025-02-15,52.22,5222,163.9,16390,3.150935615695315,2.7964087005260816,48744
PAK,Pakistan,admin2,PK72022,Sindh,PK7222022,Sujawal,27,2025-01-02,2025-02-15,217.79,21779,2330.06,233006,8.387532201143463,24.34640228814149,115451
PAK,Pakistan,admin2,PK72022,Sindh,PK7212022,South Karachi,27,2025-01-02,2025-02-15,0,0,28.25,2825,0,5.179388940312304,97754
PAK,Pakistan,admin2,PK52022,Khyber Pakhtunkhwa,PK5162022,Kohistan Upper,26,2025-01-16,2025-01-31,0.32,32,69.99,6999,2.2130013831258646,1.1200604138337817,5781
PAK,Pakistan,admin2,PK52022,Khyber Pakhtunkhwa,PK5152022,Kohistan Lower,26,2025-01-16,2025-01-31,0.03,3,8.9,890,0.840428453721505,0.8979448398756038,2862
PAK,Pakistan,admin2,PK52022,Khyber Pakhtunkhwa,PK5142022,Kohat,26,2025-01-16,2025-01-31,0.97,97,61.540000000000006,6154,0.1458762749798745,1.4888033218300936,8708
PAK,Pakistan,admin2,PK52022,Khyber Pakhtunkhwa,PK5132022,Khyber,26,2025-01-16,2025-01-31,0.58,58,59.88,5988,0.3498410694965552,1.8032427546738505,7900
PAK,Pakistan,admin2,PK52022,Khyber Pakhtunkhwa,PK5122022,Karak,26,2025-01-16,2025-01-31,0.09,9,8.649999999999999,865,0.0228857733656267,0.27275029939160134,1005
PAK,Pakistan,admin2,PK52022,Khyber Pakhtunkhwa,PK5112022,Haripur,26,2025-01-16,2025-01-31,2.44,244,67.72999999999999,6773,0.4862408378534508,2.866431382674926,10262
PAK,Pakistan,admin2,PK52022,Khyber Pakhtunkhwa,PK5102022,Hangu,26,2025-01-16,2025-01-31,0.1,10,2.92,292,0.0341078307700518,0.21752461371633783,767
PAK,Pakistan,admin2,PK52022,Khyber Pakhtunkhwa,PK5092022,D. I. Khan,26,2025-01-16,2025-01-31,70.78,7078,179.93,17993,1.7061897065644676,1.6883455892660277,23402
PAK,Pakistan,admin2,PK52022,Khyber Pakhtunkhwa,PK5082022,Chitral Upper,26,2025-01-16,2025-01-31,0.1,10,20.99,2099,0.4541326067211626,0.2921851577800672,1629
PAK,Pakistan,admin2,PK52022,Khyber Pakhtunkhwa,PK5072022,Chitral Lower,26,2025-01-16,2025-01-31,0.33,33,63.4,6340,1.1617119616987086,0.8434193161251305,4704
PAK,Pakistan,admin2,PK52022,Khyber Pakhtunkhwa,PK5062022,Charsadda,26,2025-01-16,2025-01-31,2.47,247,9.25,925,0.4451284250453842,0.7634348512613681,8617
PAK,Pakistan,admin2,PK52022,Khyber Pakhtunkhwa,PK5052022,Buner,26,2025-01-16,2025-01-31,0.45,45,5.78,578,0.1012637629367215,0.26799587578366596,1784
PAK,Pakistan,admin2,PK52022,Khyber Pakhtunkhwa,PK5042022,Batagram,26,2025-01-16,2025-01-31,0.12,12,10.899999999999999,1090,0.2577267490044672,0.6538335416724492,4240
PAK,Pakistan,admin2,PK52022,Khyber Pakhtunkhwa,PK5032022,Bannu,26,2025-01-16,2025-01-31,3.17,317,12.700000000000001,1270,0.4975682341261206,0.5239277572137057,1492
PAK,Pakistan,admin2,PK52022,Khyber Pakhtunkhwa,PK5022022,Bajaur,26,2025-01-16,2025-01-31,0.52,52,9.440000000000001,944,0.1006635748930164,0.5719966031880013,2487
PAK,Pakistan,admin2,PK52022,Khyber Pakhtunkhwa,PK5012022,Abbottabad,26,2025-01-16,2025-01-31,0,0,3.88,388,0,0.21610418711800633,1064
PAK,Pakistan,admin2,PK42022,Islamabad,PK4012022,Islamabad,26,2025-01-16,2025-01-31,0.38,38,7.649999999999999,765,0.1436431672473418,0.7043707745652084,12475
PAK,Pakistan,admin2,PK32022,Gilgit Baltistan,PK3142022,Rondu,26,2025-01-16,2025-01-31,0.08,8,40.27,4027,1.4422261184322152,2.2276659236738756,1556
PAK,Pakistan,admin2,PK32022,Gilgit Baltistan,PK3132022,Gupis-Yasin,26,2025-01-16,2025-01-31,0.85,85,51.25000000000001,5125,2.4257990867579906,0.6456935009071032,2623
PAK,Pakistan,admin2,PK32022,Gilgit Baltistan,PK3122022,Tangir,26,2025-01-16,2025-01-31,0,0,3.7800000000000002,378,0,0.29792634731542045,165
PAK,Pakistan,admin2,PK32022,Gilgit Baltistan,PK3112022,Darel,26,2025-01-16,2025-01-31,0.3,30,50.980000000000004,5098,1.56470516045898,2.5130091267587593,1217
PAK,Pakistan,admin2,PK32022,Gilgit Baltistan,PK3102022,Shigar,26,2025-01-16,2025-01-31,0.08,8,68.35000000000001,6835,0.4135154693299224,0.6499959219671487,1083
PAK,Pakistan,admin2,PK32022,Gilgit Baltistan,PK3092022,Kharmang,26,2025-01-16,2025-01-31,0.4,40,99.89,9989,20.833333333333336,1.666331583247795,4062
PAK,Pakistan,admin2,PK32022,Gilgit Baltistan,PK3082022,Nagar,26,2025-01-16,2025-01-31,0.2,20,45.620000000000005,4562,4.521837816750305,1.214513640015172,2595
PAK,Pakistan,admin2,PK32022,Gilgit Baltistan,PK3072022,Skardu,26,2025-01-16,2025-01-31,0.98,98,69.17,6917,4.295142827678664,3.330882966542817,4575
PAK,Pakistan,admin2,PK32022,Gilgit Baltistan,PK3062022,Hunza,26,2025-01-16,2025-01-31,0.03,3,133.95999999999998,13396,2.352615554940493,0.9401878777757086,853
PAK,Pakistan,admin2,PK32022,Gilgit Baltistan,PK3052022,Gilgit,26,2025-01-16,2025-01-31,0.49,49,92.83000000000001,9283,2.972480468935854,1.8682550099720925,4120
PAK,Pakistan,admin2,PK72022,Sindh,PK7282022,Umer Kot,26,2025-01-16,2025-01-31,13.49,1349,29.459999999999997,2946,0.7030700367265416,0.48278647673453456,7617
PAK,Pakistan,admin2,PK72022,Sindh,PK7272022,Thatta,26,2025-01-16,2025-01-31,149.31,14931,891.79,89179,7.50418510419833,10.568834413788618,80362
PAK,Pakistan,admin2,PK72022,Sindh,PK7162022,Mirpur Khas,26,2025-01-16,2025-01-31,12.43,1243,41.82999999999999,4183,0.5333218962134534,1.0869957998620468,8331
PAK,Pakistan,admin2,PK72022,Sindh,PK7152022,Matiari,26,2025-01-16,2025-01-31,40.86,4086,100.25,10025,3.632475339866698,6.166759005723656,28601
PAK,Pakistan,admin2,PK72022,Sindh,PK7142022,Malir Karachi,26,2025-01-16,2025-01-31,2.86,286,155.63,15563,1.1564495650509623,5.145673664685522,37204
PAK,Pakistan,admin2,PK72022,Sindh,PK7132022,Larkana,26,2025-01-16,2025-01-31,36.74,3674,108.9,10890,2.388482419451845,5.007920212602209,36773
PAK,Pakistan,admin2,PK72022,Sindh,PK7122022,Korangi Karachi,26,2025-01-16,2025-01-31,0,0,2.77,277,0,2.6003376555103888,7016
PAK,Pakistan,admin2,PK72022,Sindh,PK7112022,Khairpur,26,2025-01-16,2025-01-31,104.93,10493,360.44,36044,3.270950822556331,2.0015277796064024,97542
PAK,Pakistan,admin2,PK72022,Sindh,PK7102022,Kashmore,26,2025-01-16,2025-01-31,187,18700,370.36,37036,8.83667495296048,12.427529010206841,85425
PAK,Pakistan,admin2,PK72022,Sindh,PK7092022,Kambar Shahdad Kot,26,2025-01-16,2025-01-31,171.59,17159,247.11,24711,4.998437083450023,3.8962585337287643,21318
PAK,Pakistan,admin2,PK72022,Sindh,PK7082022,Jamshoro,26,2025-01-16,2025-01-31,34.43,3443,124.49000000000001,12449,2.181099867178641,0.9943135760685513,24995
PAK,Pakistan,admin2,PK72022,Sindh,PK7072022,Jacobabad,26,2025-01-16,2025-01-31,133.53,13353,231.45000000000002,23145,5.426283443447884,7.5508070589316825,53870
PAK,Pakistan,admin2,PK72022,Sindh,PK7062022,Hyderabad,26,2025-01-16,2025-01-31,25.55,2555,76.97999999999999,7698,4.915750365215288,6.799207907293931,152450
PAK,Pakistan,admin2,PK72022,Sindh,PK7052022,Ghotki,26,2025-01-16,2025-01-31,59.32,5932,222.39,22239,1.9144017186458984,3.0772478308773774,43685
PAK,Pakistan,admin2,PK72022,Sindh,PK7032022,Dadu,26,2025-01-16,2025-01-31,137.2,13720,221.86,22186,4.072157286254611,2.4586562759821717,56802
PAK,Pakistan,admin2,PK72022,Sindh,PK7012022,Badin,26,2025-01-16,2025-01-31,228.64,22864,470.64,47064,4.5874714533110525,6.473562792621064,84582
PAK,Pakistan,admin2,PK62022,Punjab,PK6362022,Vehari,26,2025-01-16,2025-01-31,2.57,257,4.42,442,0.0567756966231132,0.08477769957325638,2409
PAK,Pakistan,admin2,PK62022,Punjab,PK6352022,Toba Tek Singh,26,2025-01-16,2025-01-31,7.2,720,10.320000000000002,1032,0.2587034148385775,0.28651531916278006,3608
PAK,Pakistan,admin2,PK62022,Punjab,PK6342022,Sialkot,26,2025-01-16,2025-01-31,8.61,861,19.96,1996,0.2813951060667493,0.547633282340108,14324
PAK,Pakistan,admin2,PK62022,Punjab,PK6332022,Sheikhupura,26,2025-01-16,2025-01-31,9.28,928,13.559999999999999,1356,0.2595730648322891,0.3168744932509894,5363
PAK,Pakistan,admin2,PK62022,Punjab,PK6322022,Sargodha,26,2025-01-16,2025-01-31,18.17,1817,64.48,6448,0.3847327106371009,0.9316327760200501,27201
PAK,Pakistan,admin2,PK62022,Punjab,PK6312022,Sahiwal,26,2025-01-16,2025-01-31,4.71,471,7.24,724,0.1506910748777244,0.19248861705916026,3794
PAK,Pakistan,admin2,PK62022,Punjab,PK6302022,Rawalpindi,26,2025-01-16,2025-01-31,2.98,298,41.31999999999999,4132,0.130959824527967,0.6578658025689321,10066
PAK,Pakistan,admin2,PK62022,Punjab,PK6292022,Rajanpur,26,2025-01-16,2025-01-31,65.81,6581,160.93,16093,1.2025194252903666,1.1127175414223636,26396
PAK,Pakistan,admin2,PK62022,Punjab,PK6282022,Rahim Yar Khan,26,2025-01-16,2025-01-31,54.7,5470,209.59000000000003,20959,0.7857851845998879,1.4294187718219054,36523
PAK,Pakistan,admin2,PK62022,Punjab,PK6272022,Pakpattan,26,2025-01-16,2025-01-31,9.29,929,10.209999999999999,1021,0.314134609375314,0.3046201987920144,5078
PAK,Pakistan,admin2,PK62022,Punjab,PK6262022,Okara,26,2025-01-16,2025-01-31,7.93,793,9.430000000000001,943,0.1774671196557716,0.1821323985326975,6626
PAK,Pakistan,admin2,PK62022,Punjab,PK6252022,Narowal,26,2025-01-16,2025-01-31,1.24,124,1.32,132,0.0500226280411192,0.051067463988676405,537
PAK,Pakistan,admin2,PK62022,Punjab,PK6242022,Nankana Sahib,26,2025-01-16,2025-01-31,5.88,588,8.28,828,0.2722026965712751,0.3209457993318991,3445
PAK,Pakistan,admin2,PK62022,Punjab,PK6232022,Muzaffargarh,26,2025-01-16,2025-01-31,100.96,10096,285.99,28599,1.7817604996304266,3.2089555634186198,93747
PAK,Pakistan,admin2,PK62022,Punjab,PK6222022,Multan,26,2025-01-16,2025-01-31,9.17,917,48.06,4806,0.3125454446302628,1.1377034782294844,23474
PAK,Pakistan,admin2,PK62022,Punjab,PK6212022,Mianwali,26,2025-01-16,2025-01-31,57.02,5702,176.55,17655,1.588903089718829,2.486467234213193,27103
PAK,Pakistan,admin2,PK62022,Punjab,PK6202022,Mandi Bahauddin,26,2025-01-16,2025-01-31,58.08,5808,122.85000000000001,12285,2.315555687790033,3.7710696974285556,57792
PAK,Pakistan,admin2,PK62022,Punjab,PK6192022,Lodhran,26,2025-01-16,2025-01-31,0.21,21,0.21,21,0.0076275014857603,0.007627501485760301,44
PAK,Pakistan,admin2,PK62022,Punjab,PK6182022,Leiah,26,2025-01-16,2025-01-31,71.28,7128,135.14,13514,1.588664929393983,1.8010831084033032,28002
PAK,Pakistan,admin2,PK62022,Punjab,PK6172022,Lahore,26,2025-01-16,2025-01-31,2.09,209,6.53,653,0.2060305901787712,0.32098970814639893,32189
PAK,Pakistan,admin2,PK62022,Punjab,PK6162022,Khushab,26,2025-01-16,2025-01-31,13.31,1331,25.580000000000002,2558,0.4150956849335633,0.3270628101992373,4999
PAK,Pakistan,admin2,PK62022,Punjab,PK6152022,Khanewal,26,2025-01-16,2025-01-31,15.95,1595,49.25,4925,0.3906258403653825,0.97233784292663,20188
PAK,Pakistan,admin2,PK62022,Punjab,PK6142022,Kasur,26,2025-01-16,2025-01-31,2.98,298,7.510000000000001,751,0.08123802082629,0.16944819604851505,4395
PAK,Pakistan,admin2,PK62022,Punjab,PK6132022,Jhelum,26,2025-01-16,2025-01-31,4.55,455,34.38999999999999,3439,0.2774554050070527,0.80744063155209,11735
PAK,Pakistan,admin2,PK62022,Punjab,PK6122022,Jhang,26,2025-01-16,2025-01-31,42.77,4277,88.54,8854,0.8172237973177982,1.1901577109069668,31741
PAK,Pakistan,admin2,PK62022,Punjab,PK6112022,Hafizabad,26,2025-01-16,2025-01-31,59.65,5965,97.2,9720,2.524363386447234,3.6079041135361654,38490
PAK,Pakistan,admin2,PK62022,Punjab,PK6102022,Gujrat,26,2025-01-16,2025-01-31,9.15,915,35.72,3572,0.3516304864151649,0.9458343435206034,19783
PAK,Pakistan,admin2,PK62022,Punjab,PK6092022,Gujranwala,26,2025-01-16,2025-01-31,29.79,2979,75.27000000000001,7527,0.8352731355083316,1.7555850683880931,48713
PAK,Pakistan,admin2,PK62022,Punjab,PK6082022,Faisalabad,26,2025-01-16,2025-01-31,15.7,1570,27.999999999999996,2800,0.3158052816968121,0.401279788027155,13288
PAK,Pakistan,admin2,PK62022,Punjab,PK6072022,Dera Ghazi Khan,26,2025-01-16,2025-01-31,82.37,8237,188.03000000000003,18803,1.731544621377335,1.3736498988230768,33472
PAK,Pakistan,admin2,PK62022,Punjab,PK6062022,Chiniot,26,2025-01-16,2025-01-31,23.4,2340,46.69,4669,1.0217859770893922,1.5226649034407596,18477
PAK,Pakistan,admin2,PK62022,Punjab,PK6052022,Chakwal,26,2025-01-16,2025-01-31,1.95,195,20.14,2014,0.0597026401498015,0.25994405855253955,6265
PAK,Pakistan,admin2,PK62022,Punjab,PK6042022,Bhakkar,26,2025-01-16,2025-01-31,14.24,1424,48.5,4850,0.3341762559432318,0.48573606347727344,5898
PAK,Pakistan,admin2,PK62022,Punjab,PK6032022,Bahawalpur,26,2025-01-16,2025-01-31,4.47,447,35.1,3510,0.0643546468196262,0.12783750357466178,3718
PAK,Pakistan,admin2,PK62022,Punjab,PK6022022,Bahawalnagar,26,2025-01-16,2025-01-31,91.12,9112,121.22,12122,1.4204266021163885,1.224544323993564,46055
PAK,Pakistan,admin2,PK62022,Punjab,PK6012022,Attock,26,2025-01-16,2025-01-31,3.1,310,46.41,4641,0.0909328492139761,0.5586708586969201,7881
PAK,Pakistan,admin2,PK52022,Khyber Pakhtunkhwa,PK5352022,Upper Dir,26,2025-01-16,2025-01-31,0.46,46,48.46,4846,0.463291001253611,1.080707549000179,8693
PAK,Pakistan,admin2,PK52022,Khyber Pakhtunkhwa,PK5342022,Tor Ghar,26,2025-01-16,2025-01-31,1.96,196,29.96,2996,14.451686030036834,5.417314687355673,13918
PAK,Pakistan,admin2,PK52022,Khyber Pakhtunkhwa,PK5332022,Tank,26,2025-01-16,2025-01-31,0.97,97,2.36,236,0.1360126608623966,0.07059361003017654,343
PAK,Pakistan,admin2,PK52022,Khyber Pakhtunkhwa,PK5322022,Swat,26,2025-01-16,2025-01-31,0.34,34,31.6,3160,0.1036404081878073,0.5206695303576987,7816
PAK,Pakistan,admin2,PK52022,Khyber Pakhtunkhwa,PK5312022,Swabi,26,2025-01-16,2025-01-31,0.56,56,14.66,1466,0.0605484057367325,0.8175839311153552,13879
PAK,Pakistan,admin2,PK52022,Khyber Pakhtunkhwa,PK5302022,South Waziristan,26,2025-01-16,2025-01-31,0.23,23,38.63,3863,0.1174380601835518,0.5241053338154578,1228
PAK,Pakistan,admin2,PK52022,Khyber Pakhtunkhwa,PK5292022,Shangla,26,2025-01-16,2025-01-31,1.58,158,16.07,1607,4.164285131052503,0.9571262961764058,6897
PAK,Pakistan,admin2,PK52022,Khyber Pakhtunkhwa,PK5282022,Peshawar,26,2025-01-16,2025-01-31,0.93,93,7.68,768,0.1409116948031541,0.4129837415276807,3348
PAK,Pakistan,admin2,PK52022,Khyber Pakhtunkhwa,PK5272022,Orakzai,26,2025-01-16,2025-01-31,0.03,3,13.399999999999999,1340,0.0205665672571108,0.8129559821807276,1710
PAK,Pakistan,admin2,PK52022,Khyber Pakhtunkhwa,PK5262022,Nowshera,26,2025-01-16,2025-01-31,5.5,550,24.54,2454,1.105968238327047,1.176937088605926,15110
PAK,Pakistan,admin2,PK52022,Khyber Pakhtunkhwa,PK5252022,North Waziristan,26,2025-01-16,2025-01-31,0.58,58,7.47,747,0.3790304662074732,0.12680220930940495,1225
PAK,Pakistan,admin2,PK52022,Khyber Pakhtunkhwa,PK5242022,Mohmand,26,2025-01-16,2025-01-31,0.3,30,27.25,2725,0.0670788376263351,0.9908470755391859,4192
PAK,Pakistan,admin2,PK52022,Khyber Pakhtunkhwa,PK5232022,Mardan,26,2025-01-16,2025-01-31,2.48,248,5.220000000000001,522,0.2950945569473001,0.2842106294775424,3546
PAK,Pakistan,admin2,PK52022,Khyber Pakhtunkhwa,PK5222022,Mansehra,26,2025-01-16,2025-01-31,0.48,48,14.049999999999999,1405,0.1399774915278737,0.29011953086625214,3150
PAK,Pakistan,admin2,PK52022,Khyber Pakhtunkhwa,PK5212022,Malakand,26,2025-01-16,2025-01-31,0.38,38,6.029999999999999,603,0.2282756495608343,0.5757034606567812,1867
PAK,Pakistan,admin2,PK52022,Khyber Pakhtunkhwa,PK5202022,Lower Dir,26,2025-01-16,2025-01-31,0.3,30,6.0299999999999985,603,0.0769403604590513,0.3076873759390452,3058
PAK,Pakistan,admin2,PK52022,Khyber Pakhtunkhwa,PK5192022,Lakki Marwat,26,2025-01-16,2025-01-31,0.98,98,2.2899999999999996,229,0.0751683391797597,0.057600667214879886,420
PAK,Pakistan,admin2,PK52022,Khyber Pakhtunkhwa,PK5182022,Kurram,26,2025-01-16,2025-01-31,0.22,22,27.880000000000003,2788,0.0814783335894357,0.680779396363919,3587
PAK,Pakistan,admin2,PK52022,Khyber Pakhtunkhwa,PK5172022,Kolai Palas Kohistan,26,2025-01-16,2025-01-31,0.2,20,15.49,1549,2.0377747499730297,1.2197229662197608,4821
PAK,Pakistan,admin2,PK72022,Sindh,PK7262022,Tharparkar,26,2025-01-16,2025-01-31,12.5,1250,277.46,27746,0.3629686400560872,1.274244808109274,10852
PAK,Pakistan,admin2,PK72022,Sindh,PK7252022,Tando Muhammad Khan,26,2025-01-16,2025-01-31,54.05,5405,116.43,11643,3.902200248932228,6.265572314969084,28580
PAK,Pakistan,admin2,PK72022,Sindh,PK7242022,Tando Allahyar,26,2025-01-16,2025-01-31,22.97,2297,43.489999999999995,4349,2.1400969069464257,2.531995064025747,11498
PAK,Pakistan,admin2,PK72022,Sindh,PK7232022,Sukkur,26,2025-01-16,2025-01-31,33.11,3311,135.06,13506,1.997845236225046,2.304349963960052,45977
PAK,Pakistan,admin2,PK72022,Sindh,PK7222022,Sujawal,26,2025-01-16,2025-01-31,275.7,27570,1629.0700000000002,162907,10.617763110589342,17.021876507704807,114476
PAK,Pakistan,admin2,PK72022,Sindh,PK7212022,South Karachi,26,2025-01-16,2025-01-31,0,0,29.2,2920,0,5.3535630816679385,64436
PAK,Pakistan,admin2,PK72022,Sindh,PK7202022,Shikarpur,26,2025-01-16,2025-01-31,85.6,8560,175.46,17546,3.977384302768516,6.051284065429378,44667
PAK,Pakistan,admin2,PK72022,Sindh,PK7192022,Shaheed Benazir Abad,26,2025-01-16,2025-01-31,101.08,10108,294.89,29489,3.3359089213542394,5.742885286536647,62960
PAK,Pakistan,admin2,PK72022,Sindh,PK7182022,Sanghar,26,2025-01-16,2025-01-31,96.55,9655,460.53000000000003,46053,2.4531218358586804,4.059243174217713,82375
PAK,Pakistan,admin2,PK72022,Sindh,PK7172022,Naushahro Feroze,26,2025-01-16,2025-01-31,98.15,9815,226.42999999999998,22643,3.8970318796382815,6.624155179909649,72385
PAK,Pakistan,admin2,PK72022,Sindh,PK7292022,West Karachi,26,2025-01-16,2025-01-31,0.03,3,1.45,145,0.1492642152214378,0.5412416632682008,3992
PAK,Pakistan,admin2,PK12022,Azad Kashmir,PK1012022,Bagh,26,2025-01-16,2025-01-31,0.03,3,2.1299999999999994,213,0.6855452997580429,0.25530321151839364,760
PAK,Pakistan,admin2,PK12022,Azad Kashmir,PK1022022,Bhimber,26,2025-01-16,2025-01-31,0.69,69,6.24,624,0.1952936830734818,0.4571909306559272,1300
PAK,Pakistan,admin2,PK12022,Azad Kashmir,PK1032022,Jhelum Valley,26,2025-01-16,2025-01-31,0.02,2,2.1199999999999997,212,0.1456972183258532,0.2570642746279555,611
PAK,Pakistan,admin2,PK12022,Azad Kashmir,PK1042022,Haveli,26,2025-01-16,2025-01-31,0,0,3.49,349,0,0.5325002248294396,536
PAK,Pakistan,admin2,PK12022,Azad Kashmir,PK1052022,Kotli,26,2025-01-16,2025-01-31,0.5,50,30.58,3058,0.28027977857238,1.5916191989782806,9408
PAK,Pakistan,admin2,PK12022,Azad Kashmir,PK1062022,Mirpur,26,2025-01-16,2025-01-31,1.04,104,14.959999999999999,1496,0.4258242155248572,1.3913498146599355,3038
PAK,Pakistan,admin2,PK12022,Azad Kashmir,PK1072022,Muzaffarabad,26,2025-01-16,2025-01-31,0.21,21,9.399999999999999,940,1.2787235211102808,0.5704902460448037,5851
PAK,Pakistan,admin2,PK12022,Azad Kashmir,PK1082022,Neelum,26,2025-01-16,2025-01-31,0.08,8,16.78,1678,0.8796250382680011,0.47447513606798986,952
PAK,Pakistan,admin2,PK12022,Azad Kashmir,PK1092022,Poonch,26,2025-01-16,2025-01-31,0.13,13,2.82,282,1.0882125083708658,0.32476790904655867,1403
PAK,Pakistan,admin2,PK12022,Azad Kashmir,PK1102022,Sudhnoti,26,2025-01-16,2025-01-31,0,0,1.33,133,0,0.196551872221057,503
PAK,Pakistan,admin2,PK22022,Balochistan,PK2012022,Awaran,26,2025-01-16,2025-01-31,1.85,185,81.99,8199,0.6636255944671561,0.29321477989464206,342
PAK,Pakistan,admin2,PK22022,Balochistan,PK2032022,Chagai,26,2025-01-16,2025-01-31,0.63,63,1564.23,156423,0.2439918247171236,3.065610729073776,5081
PAK,Pakistan,admin2,PK22022,Balochistan,PK2042022,Dera Bugti,26,2025-01-16,2025-01-31,6.27,627,17.07,1707,1.0452256457717632,0.14457920213006412,1729
PAK,Pakistan,admin2,PK22022,Balochistan,PK2052022,Gwadar,26,2025-01-16,2025-01-31,1.73,173,205.10999999999999,20511,6.644155507728547,1.5940152417736928,3358
PAK,Pakistan,admin2,PK22022,Balochistan,PK2062022,Harnai,26,2025-01-16,2025-01-31,0,0,9.51,951,0,0.27433811073404046,97
PAK,Pakistan,admin2,PK22022,Balochistan,PK2072022_1,Jaffarabad,26,2025-01-16,2025-01-31,3.34,334,11.93,1193,0.4663711723148665,1.4659884322735168,1958
PAK,Pakistan,admin2,PK22022,Balochistan,PK2082022,Jhal Magsi,26,2025-01-16,2025-01-31,13.07,1307,14.969999999999999,1497,0.7637500969625866,0.3398730898292753,672
PAK,Pakistan,admin2,PK22022,Balochistan,PK2092022,Kachhi,26,2025-01-16,2025-01-31,0.8,80,8.870000000000001,887,0.0543187348271997,0.1437249372154558,195
PAK,Pakistan,admin2,PK22022,Balochistan,PK2102022,Kalat,26,2025-01-16,2025-01-31,0,0,28.54,2854,0,0.25568676802934714,287
PAK,Pakistan,admin2,PK22022,Balochistan,PK2112022,Kech,26,2025-01-16,2025-01-31,1.51,151,189.49,18949,0.6261469400432391,0.6945845827549405,2147
PAK,Pakistan,admin2,PK22022,Balochistan,PK2122022,Kharan,26,2025-01-16,2025-01-31,0,0,67.41,6741,0,0.7549425558218552,568
PAK,Pakistan,admin2,PK22022,Balochistan,PK2132022,Khuzdar,26,2025-01-16,2025-01-31,0.28,28,90.46000000000001,9046,0.0203626757970547,0.25839926113312617,775
PAK,Pakistan,admin2,PK22022,Balochistan,PK2142022,Killa Abdullah,26,2025-01-16,2025-01-31,0.06,6,3.0900000000000003,309,0.0289484887186036,0.08937388565498587,61
PAK,Pakistan,admin2,PK22022,Balochistan,PK2152022,Killa Saifullah,26,2025-01-16,2025-01-31,0.03,3,60.239999999999995,6024,0.0038160663977595,0.41510949150587084,747
PAK,Pakistan,admin2,PK22022,Balochistan,PK2162022,Kohlu,26,2025-01-16,2025-01-31,0,0,16.03,1603,0,0.18972311212182724,178
PAK,Pakistan,admin2,PK22022,Balochistan,PK2172022,Lasbela,26,2025-01-16,2025-01-31,1.35,135,204.72,20472,0.1411368922078618,1.3056834102605037,1818
PAK,Pakistan,admin2,PK22022,Balochistan,PK2182022,Lehri,26,2025-01-16,2025-01-31,0,0,3,300,0,0.14303583214002824,26
PAK,Pakistan,admin2,PK22022,Balochistan,PK2192022,Loralai,26,2025-01-16,2025-01-31,0.01,1,6.9399999999999995,694,0.0035628443122264,0.15723321150313796,189
PAK,Pakistan,admin2,PK22022,Balochistan,PK2202022,Mastung,26,2025-01-16,2025-01-31,0.24,24,2.84,284,0.0440832689732012,0.05350283116931901,38
PAK,Pakistan,admin2,PK22022,Balochistan,PK2212022,Musakhel,26,2025-01-16,2025-01-31,0,0,11.67,1167,0,0.1744518415779718,273
PAK,Pakistan,admin2,PK22022,Balochistan,PK2222022,Nasirabad,26,2025-01-16,2025-01-31,0.3,30,1.3299999999999998,133,0.0108780631826064,0.03611295852316755,257
PAK,Pakistan,admin2,PK22022,Balochistan,PK2232022,Nushki,26,2025-01-16,2025-01-31,1.87,187,129.60999999999999,12961,0.8627692931208238,1.918196541275832,2224
PAK,Pakistan,admin2,PK22022,Balochistan,PK2242022,Panjgur,26,2025-01-16,2025-01-31,0,0,11.19,1119,0,0.05719037788412158,106
PAK,Pakistan,admin2,PK22022,Balochistan,PK2252022,Pishin,26,2025-01-16,2025-01-31,0,0,12.969999999999999,1297,0,0.1967911432007977,541
PAK,Pakistan,admin2,PK22022,Balochistan,PK2262022,Quetta,26,2025-01-16,2025-01-31,0.05,5,15.830000000000002,1583,0.0275966141227133,0.373503553453765,901
PAK,Pakistan,admin2,PK22022,Balochistan,PK2272022,Sherani,26,2025-01-16,2025-01-31,0.07,7,43.309999999999995,4331,0.3678690592238272,1.20525241034931,1055
PAK,Pakistan,admin2,PK22022,Balochistan,PK2282022,Sibi,26,2025-01-16,2025-01-31,0,0,29.4,2940,0,0.5817798020021064,193
PAK,Pakistan,admin2,PK22022,Balochistan,PK2292022,Sohbatpur,26,2025-01-16,2025-01-31,26.08,2608,75.17,7517,3.7389066565289313,8.364372977372218,9087
PAK,Pakistan,admin2,PK22022,Balochistan,PK2302022,Washuk,26,2025-01-16,2025-01-31,0,0,300.40000000000003,30040,0,0.6821788015788055,853
PAK,Pakistan,admin2,PK22022,Balochistan,PK2312022,Zhob,26,2025-01-16,2025-01-31,0.79,79,36.63,3663,0.3768935885994601,0.2612925940545708,569
PAK,Pakistan,admin2,PK22022,Balochistan,PK2322022,Ziarat,26,2025-01-16,2025-01-31,0.03,3,19.75,1975,0.0282853216188965,0.5193920226191215,540
PAK,Pakistan,admin2,PK22022,Balochistan,PK2332022,Shaheed Sikandarabad,26,2025-01-16,2025-01-31,0.1,10,2.7,270,0.0353047848228745,0.06404972185954783,57
PAK,Pakistan,admin2,PK22022,Balochistan,PK2342022,Duki,26,2025-01-16,2025-01-31,0.01,1,4.550000000000001,455,0.0022406972839058,0.0904553798638301,90
PAK,Pakistan,admin2,PK22022,Balochistan,PK2352022,Chaman,26,2025-01-16,2025-01-31,0,0,6.140000000000001,614,0,0.32803564599546303,418
PAK,Pakistan,admin2,PK22022,Balochistan,PK2362022,Usta Muhammad,26,2025-01-16,2025-01-31,23.08,2308,37.74,3774,2.401246425354196,3.3560660657874988,3908
PAK,Pakistan,admin2,PK32022,Gilgit Baltistan,PK3012022,Astore,26,2025-01-16,2025-01-31,0.02,2,30.63,3063,0.1039501039501039,0.5379873378238296,1393
PAK,Pakistan,admin2,PK32022,Gilgit Baltistan,PK3022022,Diamir,26,2025-01-16,2025-01-31,0.55,55,154.70999999999998,15471,2.690802348336595,3.164396819815303,2650
PAK,Pakistan,admin2,PK32022,Gilgit Baltistan,PK3032022,Ghanche,26,2025-01-16,2025-01-31,0.47,47,119.45,11945,5.103148751357221,1.121948232021785,4772
PAK,Pakistan,admin2,PK32022,Gilgit Baltistan,PK3042022,Ghizer,26,2025-01-16,2025-01-31,1.08,108,74.85,7485,5.873721388535793,1.3909661790600847,2457
PAK,Pakistan,admin2,PK22022,Balochistan,PK2282022,Sibi,25,2025-01-01,2025-01-15,0,0,42.28,4228,0,0.8366547628792199,280
PAK,Pakistan,admin2,PK22022,Balochistan,PK2272022,Sherani,25,2025-01-01,2025-01-15,0.06,6,49.45,4945,0.3153163364775662,1.3761194110314798,1129
PAK,Pakistan,admin2,PK22022,Balochistan,PK2262022,Quetta,25,2025-01-01,2025-01-15,0.04,4,27.82,2782,0.0220772912981707,0.6378200793000395,2015
PAK,Pakistan,admin2,PK22022,Balochistan,PK2252022,Pishin,25,2025-01-01,2025-01-15,0,0,12.36,1236,0,0.1875357386246616,536
PAK,Pakistan,admin2,PK22022,Balochistan,PK2242022,Panjgur,25,2025-01-01,2025-01-15,0,0,13.629999999999999,1363,0,0.06965877966500199,133
PAK,Pakistan,admin2,PK22022,Balochistan,PK2232022,Nushki,25,2025-01-01,2025-01-15,1.7,170,120.59000000000002,12059,0.7843357210189308,1.7847027305952672,2216
PAK,Pakistan,admin2,PK22022,Balochistan,PK2222022,Nasirabad,25,2025-01-01,2025-01-15,4.38,438,5.630000000000001,563,0.1588197224660544,0.15273104361627968,917
PAK,Pakistan,admin2,PK22022,Balochistan,PK2212022,Musakhel,25,2025-01-01,2025-01-15,0.17,17,13.52,1352,0.0830734771970491,0.19610791432407187,311
PAK,Pakistan,admin2,PK22022,Balochistan,PK2202022,Mastung,25,2025-01-01,2025-01-15,0.04,4,6.88,688,0.0073472114955335,0.12658678033559195,74
PAK,Pakistan,admin2,PK22022,Balochistan,PK2192022,Loralai,25,2025-01-01,2025-01-15,0.01,1,17.82,1782,0.0035628443122264,0.4037313874619481,516
PAK,Pakistan,admin2,PK22022,Balochistan,PK2182022,Lehri,25,2025-01-01,2025-01-15,0,0,5.19,519,0,0.24745198960224882,49
PAK,Pakistan,admin2,PK22022,Balochistan,PK2172022,Lasbela,25,2025-01-01,2025-01-15,1.14,114,180.68,18068,0.1191822645310833,1.1523587268750868,1677
PAK,Pakistan,admin2,PK22022,Balochistan,PK2162022,Kohlu,25,2025-01-01,2025-01-15,0,0,31.11,3111,0,0.36081219810254145,343
PAK,Pakistan,admin2,PK22022,Balochistan,PK2152022,Killa Saifullah,25,2025-01-01,2025-01-15,0.02,2,107.46,10746,0.002544044265173,0.7405926466555225,1385
PAK,Pakistan,admin2,PK22022,Balochistan,PK2142022,Killa Abdullah,25,2025-01-01,2025-01-15,0.05,5,2.2600000000000002,226,0.0241237405988363,0.0647621725801882,29
PAK,Pakistan,admin2,PK22022,Balochistan,PK2132022,Khuzdar,25,2025-01-01,2025-01-15,0.31,31,144.25000000000003,14425,0.0225443910610248,0.4120505573563282,1199
PAK,Pakistan,admin2,PK22022,Balochistan,PK2122022,Kharan,25,2025-01-01,2025-01-15,0,0,83.03,8303,0,0.9298750987967459,740
PAK,Pakistan,admin2,PK22022,Balochistan,PK2112022,Kech,25,2025-01-01,2025-01-15,1.72,172,217.48,21748,0.7132269780624976,0.7971832553567174,2429
PAK,Pakistan,admin2,PK22022,Balochistan,PK2102022,Kalat,25,2025-01-01,2025-01-15,0,0,35.26,3526,0,0.31589051999701406,369
PAK,Pakistan,admin2,PK22022,Balochistan,PK2092022,Kachhi,25,2025-01-01,2025-01-15,0.84,84,10.540000000000001,1054,0.0570346715685597,0.17078476192231162,211
PAK,Pakistan,admin2,PK22022,Balochistan,PK2082022,Jhal Magsi,25,2025-01-01,2025-01-15,19.09,1909,21.779999999999998,2178,1.1155309373386209,0.4944846958237558,1138
PAK,Pakistan,admin2,PK22022,Balochistan,PK2072022_1,Jaffarabad,25,2025-01-01,2025-01-15,3.65,365,11.72,1172,0.509657119445887,1.440183103624947,1856
PAK,Pakistan,admin2,PK22022,Balochistan,PK2062022,Harnai,25,2025-01-01,2025-01-15,0.14,14,25.200000000000003,2520,0.188943272560991,0.7097959260497356,282
PAK,Pakistan,admin2,PK22022,Balochistan,PK2052022,Gwadar,25,2025-01-01,2025-01-15,2.03,203,197.01,19701,7.796321202710375,1.5310659781670086,3521
PAK,Pakistan,admin2,PK22022,Balochistan,PK2042022,Dera Bugti,25,2025-01-01,2025-01-15,8.41,841,22.34,2234,1.4019693271037528,0.18921496049125053,1950
PAK,Pakistan,admin2,PK22022,Balochistan,PK2032022,Chagai,25,2025-01-01,2025-01-15,0.09,9,1413.59,141359,0.034855974959589,2.770383300736719,4418
PAK,Pakistan,admin2,PK22022,Balochistan,PK2012022,Awaran,25,2025-01-01,2025-01-15,1.91,191,115.64999999999999,11565,0.685148586720145,0.4135905512235071,457
PAK,Pakistan,admin2,PK12022,Azad Kashmir,PK1102022,Sudhnoti,25,2025-01-01,2025-01-15,0,0,1.41,141,0,0.21011715718937288,420
PAK,Pakistan,admin2,PK12022,Azad Kashmir,PK1092022,Poonch,25,2025-01-01,2025-01-15,0,0,1.3499999999999999,135,0,0.15963292542116647,817
PAK,Pakistan,admin2,PK12022,Azad Kashmir,PK1082022,Neelum,25,2025-01-01,2025-01-15,0.25,25,29.330000000000002,2933,2.748828244587503,0.8293418200759326,1761
PAK,Pakistan,admin2,PK12022,Azad Kashmir,PK1072022,Muzaffarabad,25,2025-01-01,2025-01-15,0.51,51,22.49,2249,3.105471408410682,1.3649282588880463,13257
PAK,Pakistan,admin2,PK12022,Azad Kashmir,PK1062022,Mirpur,25,2025-01-01,2025-01-15,1.22,122,15.23,1523,0.4995245605195441,1.4164610746838784,3234
PAK,Pakistan,admin2,PK12022,Azad Kashmir,PK1052022,Kotli,25,2025-01-01,2025-01-15,0.85,85,34.68,3468,0.476475623573046,1.8050148404371085,8803
PAK,Pakistan,admin2,PK12022,Azad Kashmir,PK1042022,Haveli,25,2025-01-01,2025-01-15,0,0,2.35,235,0,0.35625145354160026,401
PAK,Pakistan,admin2,PK12022,Azad Kashmir,PK1032022,Jhelum Valley,25,2025-01-01,2025-01-15,0.1,10,9.610000000000001,961,0.7284860916292664,1.1629934998508609,2501
PAK,Pakistan,admin2,PK12022,Azad Kashmir,PK1022022,Bhimber,25,2025-01-01,2025-01-15,0.14,14,7.739999999999999,774,0.0396248052612861,0.5430773242557938,1486
PAK,Pakistan,admin2,PK12022,Azad Kashmir,PK1012022,Bagh,25,2025-01-01,2025-01-15,0.01,1,3.3899999999999997,339,0.2285150999193476,0.41018196477659385,1225
PAK,Pakistan,admin2,PK22022,Balochistan,PK2292022,Sohbatpur,25,2025-01-01,2025-01-15,32.22,3222,81.83000000000001,8183,4.61915538624855,9.105449524256601,10205
PAK,Pakistan,admin2,PK22022,Balochistan,PK2302022,Washuk,25,2025-01-01,2025-01-15,0,0,304.21,30421,0,0.6908309361793887,853
PAK,Pakistan,admin2,PK22022,Balochistan,PK2312022,Zhob,25,2025-01-01,2025-01-15,0.8,80,55.849999999999994,5585,0.3816643935184406,0.3983945230124974,639
PAK,Pakistan,admin2,PK22022,Balochistan,PK2322022,Ziarat,25,2025-01-01,2025-01-15,0.31,31,37.56,3756,0.2922816567285973,0.9877652845354029,910
PAK,Pakistan,admin2,PK22022,Balochistan,PK2332022,Shaheed Sikandarabad,25,2025-01-01,2025-01-15,0.11,11,2.7,270,0.0388352633051619,0.06401024193621581,68
PAK,Pakistan,admin2,PK22022,Balochistan,PK2342022,Duki,25,2025-01-01,2025-01-15,0.08,8,7.83,783,0.0179255782712466,0.15566277457885502,131
PAK,Pakistan,admin2,PK22022,Balochistan,PK2352022,Chaman,25,2025-01-01,2025-01-15,0,0,7.37,737,0,0.39374962719650863,323
PAK,Pakistan,admin2,PK22022,Balochistan,PK2362022,Usta Muhammad,25,2025-01-01,2025-01-15,28.92,2892,44.18,4418,3.008840841475015,3.928749305418434,4404
PAK,Pakistan,admin2,PK32022,Gilgit Baltistan,PK3012022,Astore,25,2025-01-01,2025-01-15,0.11,11,23.2,2320,0.5717255717255718,0.40757592708590523,1206
PAK,Pakistan,admin2,PK32022,Gilgit Baltistan,PK3022022,Diamir,25,2025-01-01,2025-01-15,0.66,66,185.87,18587,3.2289628180039136,3.8017350972727724,3132
PAK,Pakistan,admin2,PK32022,Gilgit Baltistan,PK3032022,Ghanche,25,2025-01-01,2025-01-15,0.59,59,86.36,8636,6.406080347448426,0.8111464990992157,4629
PAK,Pakistan,admin2,PK32022,Gilgit Baltistan,PK3042022,Ghizer,25,2025-01-01,2025-01-15,0.84,84,101.54,10154,4.568449968861173,1.8867217444041562,3033
PAK,Pakistan,admin2,PK32022,Gilgit Baltistan,PK3052022,Gilgit,25,2025-01-01,2025-01-15,0.43,43,122.27000000000001,12227,2.6085032686579948,2.460751266501,3798
PAK,Pakistan,admin2,PK32022,Gilgit Baltistan,PK3062022,Hunza,25,2025-01-01,2025-01-15,0,0,153.10999999999999,15311,0,1.0746868501460103,977
PAK,Pakistan,admin2,PK32022,Gilgit Baltistan,PK3072022,Skardu,25,2025-01-01,2025-01-15,0.97,97,39.669999999999995,3967,4.251314839641126,1.910309777110792,3531
PAK,Pakistan,admin2,PK32022,Gilgit Baltistan,PK3082022,Nagar,25,2025-01-01,2025-01-15,0.45,45,56.16,5616,10.174135087688189,1.4951136787210044,2958
PAK,Pakistan,admin2,PK32022,Gilgit Baltistan,PK3092022,Kharmang,25,2025-01-01,2025-01-15,0.38,38,44.08,4408,19.791666666666664,0.625059768518242,2146
PAK,Pakistan,admin2,PK32022,Gilgit Baltistan,PK3102022,Shigar,25,2025-01-01,2025-01-15,0.12,12,49.11,4911,0.6202732039948837,0.4670270625867835,651
PAK,Pakistan,admin2,PK32022,Gilgit Baltistan,PK3112022,Darel,25,2025-01-01,2025-01-15,0.46,46,62.79,6279,2.3992145793704363,3.1023284480057214,1440
PAK,Pakistan,admin2,PK32022,Gilgit Baltistan,PK3122022,Tangir,25,2025-01-01,2025-01-15,0.2,20,9.99,999,1.5317661263436744,0.7793564717364311,497
PAK,Pakistan,admin2,PK32022,Gilgit Baltistan,PK3132022,Gupis-Yasin,25,2025-01-01,2025-01-15,2.45,245,120.99000000000001,12099,6.992009132420092,1.260823257029222,3965
PAK,Pakistan,admin2,PK32022,Gilgit Baltistan,PK3142022,Rondu,25,2025-01-01,2025-01-15,0.04,4,18.6,1860,0.7211130592161076,1.0289194482327806,898
PAK,Pakistan,admin2,PK42022,Islamabad,PK4012022,Islamabad,25,2025-01-01,2025-01-15,0.17,17,6.43,643,0.0642614169264424,0.592039749078992,8543
PAK,Pakistan,admin2,PK52022,Khyber Pakhtunkhwa,PK5012022,Abbottabad,25,2025-01-01,2025-01-15,0.05,5,12.98,1298,0.0500969523371701,0.6544324825335395,4235
PAK,Pakistan,admin2,PK52022,Khyber Pakhtunkhwa,PK5022022,Bajaur,25,2025-01-01,2025-01-15,0.45,45,9.98,998,0.0871127090420334,0.5987268144517385,2593
PAK,Pakistan,admin2,PK52022,Khyber Pakhtunkhwa,PK5032022,Bannu,25,2025-01-01,2025-01-15,1.72,172,13.68,1368,0.2699739314501349,0.5643568282427944,631
PAK,Pakistan,admin2,PK52022,Khyber Pakhtunkhwa,PK5042022,Batagram,25,2025-01-01,2025-01-15,0.21,21,20.200000000000003,2020,0.4510218107578177,1.147288424679446,7075
PAK,Pakistan,admin2,PK52022,Khyber Pakhtunkhwa,PK5052022,Buner,25,2025-01-01,2025-01-15,0.62,62,11.119999999999997,1112,0.1395189622683719,0.5155620990511952,3239
PAK,Pakistan,admin2,PK52022,Khyber Pakhtunkhwa,PK5062022,Charsadda,25,2025-01-01,2025-01-15,1.23,123,6.04,604,0.2216631428363654,0.5739497040890921,4881
PAK,Pakistan,admin2,PK52022,Khyber Pakhtunkhwa,PK5072022,Chitral Lower,25,2025-01-01,2025-01-15,0.49,49,105.60000000000001,10560,1.7249662461586883,1.404811983956053,7953
PAK,Pakistan,admin2,PK52022,Khyber Pakhtunkhwa,PK5082022,Chitral Upper,25,2025-01-01,2025-01-15,0.44,44,69.94,6994,1.9981834695731155,0.6516228229663374,3604
PAK,Pakistan,admin2,PK52022,Khyber Pakhtunkhwa,PK5092022,D. I. Khan,25,2025-01-01,2025-01-15,54.25,5425,138.93,13893,1.3077252271986772,1.3036283705703844,16696
PAK,Pakistan,admin2,PK52022,Khyber Pakhtunkhwa,PK5102022,Hangu,25,2025-01-01,2025-01-15,0.76,76,9.919999999999998,992,0.2592195138523939,0.6018072488653783,2387
PAK,Pakistan,admin2,PK52022,Khyber Pakhtunkhwa,PK5112022,Haripur,25,2025-01-01,2025-01-15,2.34,234,78.27,7827,0.4663129346627355,3.312499399408924,12557
PAK,Pakistan,admin2,PK52022,Khyber Pakhtunkhwa,PK5122022,Karak,25,2025-01-01,2025-01-15,0.06,6,15.860000000000001,1586,0.0152571822437511,0.5128692219625657,1919
PAK,Pakistan,admin2,PK52022,Khyber Pakhtunkhwa,PK5132022,Khyber,25,2025-01-01,2025-01-15,0.7,70,122.22000000000001,12222,0.422221980426877,3.6805666245196726,17126
PAK,Pakistan,admin2,PK52022,Khyber Pakhtunkhwa,PK5142022,Kohat,25,2025-01-01,2025-01-15,1.52,152,68.82000000000001,6882,0.2285896267725869,1.664924351776845,11523
PAK,Pakistan,admin2,PK52022,Khyber Pakhtunkhwa,PK5152022,Kohistan Lower,25,2025-01-01,2025-01-15,0.15,15,14.31,1431,4.202142268607525,1.4437742313056061,4279
PAK,Pakistan,admin2,PK52022,Khyber Pakhtunkhwa,PK5162022,Kohistan Upper,25,2025-01-01,2025-01-15,0.74,74,91.24,9124,5.117565698478561,1.4601273347363088,6849
PAK,Pakistan,admin2,PK52022,Khyber Pakhtunkhwa,PK5172022,Kolai Palas Kohistan,25,2025-01-01,2025-01-15,0.25,25,16.6,1660,2.5472184374662867,1.1611499790194755,5760
PAK,Pakistan,admin2,PK52022,Khyber Pakhtunkhwa,PK5182022,Kurram,25,2025-01-01,2025-01-15,0.89,89,49.760000000000005,4976,0.3296168949754446,1.2150495969536808,6484
PAK,Pakistan,admin2,PK52022,Khyber Pakhtunkhwa,PK5192022,Lakki Marwat,25,2025-01-01,2025-01-15,0.19,19,4.32,432,0.0145734535144432,0.11110057636853016,526
PAK,Pakistan,admin2,PK52022,Khyber Pakhtunkhwa,PK5202022,Lower Dir,25,2025-01-01,2025-01-15,0.12,12,3.98,398,0.0307761441836205,0.2095942149435863,1535
PAK,Pakistan,admin2,PK52022,Khyber Pakhtunkhwa,PK5212022,Malakand,25,2025-01-01,2025-01-15,0.39,39,7.359999999999999,736,0.2342829034966457,0.7026828309177298,1437
PAK,Pakistan,admin2,PK52022,Khyber Pakhtunkhwa,PK5222022,Mansehra,25,2025-01-01,2025-01-15,0.85,85,25.930000000000003,2593,0.2478768079139431,0.5354305647944428,5905
PAK,Pakistan,admin2,PK52022,Khyber Pakhtunkhwa,PK5232022,Mardan,25,2025-01-01,2025-01-15,0.52,52,1.85,185,0.0618746651663693,0.09470337047438578,2673
PAK,Pakistan,admin2,PK52022,Khyber Pakhtunkhwa,PK5242022,Mohmand,25,2025-01-01,2025-01-15,0.9,90,49.650000000000006,4965,0.2012365128790052,1.8053415523126823,7473
PAK,Pakistan,admin2,PK52022,Khyber Pakhtunkhwa,PK5252022,North Waziristan,25,2025-01-01,2025-01-15,0.3,30,11.559999999999999,1156,0.1960502411417965,0.19622938950692395,541
PAK,Pakistan,admin2,PK52022,Khyber Pakhtunkhwa,PK5262022,Nowshera,25,2025-01-01,2025-01-15,3.19,319,24.490000000000002,2449,0.6414615782296873,1.1745390912778781,11398
PAK,Pakistan,admin2,PK52022,Khyber Pakhtunkhwa,PK5272022,Orakzai,25,2025-01-01,2025-01-15,0.96,96,28.610000000000003,2861,0.6581301522275476,1.7330562046075058,4251
PAK,Pakistan,admin2,PK52022,Khyber Pakhtunkhwa,PK5282022,Peshawar,25,2025-01-01,2025-01-15,0.67,67,15.860000000000001,1586,0.1015170274388314,0.8528544453944034,45546
PAK,Pakistan,admin2,PK52022,Khyber Pakhtunkhwa,PK5292022,Shangla,25,2025-01-01,2025-01-15,1.98,198,32.36,3236,5.218534531318959,1.9273557525991594,15532
PAK,Pakistan,admin2,PK52022,Khyber Pakhtunkhwa,PK5302022,South Waziristan,25,2025-01-01,2025-01-15,0.23,23,45.2,4520,0.1174380601835518,0.6132425857742348,1570
PAK,Pakistan,admin2,PK52022,Khyber Pakhtunkhwa,PK5312022,Swabi,25,2025-01-01,2025-01-15,0.25,25,13.780000000000001,1378,0.027030538275327,0.7685065873649108,12372
PAK,Pakistan,admin2,PK52022,Khyber Pakhtunkhwa,PK5322022,Swat,25,2025-01-01,2025-01-15,0.48,48,32.96,3296,0.1463158703827868,0.5430780924237263,7714
PAK,Pakistan,admin2,PK52022,Khyber Pakhtunkhwa,PK5332022,Tank,25,2025-01-01,2025-01-15,0.24,24,0.84,84,0.0336526171205929,0.02542427380048517,39
PAK,Pakistan,admin2,PK52022,Khyber Pakhtunkhwa,PK5342022,Tor Ghar,25,2025-01-01,2025-01-15,2.16,216,45.18,4518,15.926347869836514,8.169368410371472,21446
PAK,Pakistan,admin2,PK52022,Khyber Pakhtunkhwa,PK5352022,Upper Dir,25,2025-01-01,2025-01-15,0.56,56,51.5,5150,0.5640064363087438,1.1485026573155017,9595
PAK,Pakistan,admin2,PK62022,Punjab,PK6012022,Attock,25,2025-01-01,2025-01-15,2.45,245,40.27,4027,0.0718662840562069,0.4847592217135311,7063
PAK,Pakistan,admin2,PK62022,Punjab,PK6022022,Bahawalnagar,25,2025-01-01,2025-01-15,43.81,4381,74.26,7426,0.6829333783880485,0.7501621968302431,32342
PAK,Pakistan,admin2,PK62022,Punjab,PK6032022,Bahawalpur,25,2025-01-01,2025-01-15,5.58,558,12.459999999999997,1246,0.0803353309291978,0.0453804927219454,9074
PAK,Pakistan,admin2,PK62022,Punjab,PK6042022,Bhakkar,25,2025-01-01,2025-01-15,5.94,594,28.85,2885,0.1393965562010391,0.28893784394472866,2822
PAK,Pakistan,admin2,PK62022,Punjab,PK6052022,Chakwal,25,2025-01-01,2025-01-15,1.4,140,19.68,1968,0.0428634339537036,0.2540069052787476,6530
PAK,Pakistan,admin2,PK62022,Punjab,PK6062022,Chiniot,25,2025-01-01,2025-01-15,2.13,213,6.9,690,0.0930087235555729,0.22502436996661468,3733
PAK,Pakistan,admin2,PK62022,Punjab,PK6072022,Dera Ghazi Khan,25,2025-01-01,2025-01-15,72.13,7213,172.7,17270,1.5162840055839155,1.2616568501129888,30984
PAK,Pakistan,admin2,PK62022,Punjab,PK6082022,Faisalabad,25,2025-01-01,2025-01-15,28.97,2897,47.65,4765,0.582731147181952,0.6828922106962123,27187
PAK,Pakistan,admin2,PK62022,Punjab,PK6092022,Gujranwala,25,2025-01-01,2025-01-15,15.7,1570,53.06,5306,0.4402077283477947,1.237562690695791,37608
PAK,Pakistan,admin2,PK62022,Punjab,PK6102022,Gujrat,25,2025-01-01,2025-01-15,12.18,1218,36.879999999999995,3688,0.4680720573264162,0.9765501284725602,22556
PAK,Pakistan,admin2,PK62022,Punjab,PK6112022,Hafizabad,25,2025-01-01,2025-01-15,12.65,1265,35.4,3540,0.5353427801937554,1.3139897697446528,14538
PAK,Pakistan,admin2,PK62022,Punjab,PK6122022,Jhang,25,2025-01-01,2025-01-15,18.15,1815,41.64,4164,0.3467994370193602,0.5597263054231546,17011
PAK,Pakistan,admin2,PK62022,Punjab,PK6132022,Jhelum,25,2025-01-01,2025-01-15,1.59,159,27.13,2713,0.0969569437277392,0.6369876334911545,8392
PAK,Pakistan,admin2,PK62022,Punjab,PK6142022,Kasur,25,2025-01-01,2025-01-15,0.71,71,4.38,438,0.0193553673780758,0.09382520680670853,2932
PAK,Pakistan,admin2,PK62022,Punjab,PK6152022,Khanewal,25,2025-01-01,2025-01-15,10.32,1032,45.69,4569,0.252743490443307,0.9020531176308164,17859
PAK,Pakistan,admin2,PK62022,Punjab,PK6162022,Khushab,25,2025-01-01,2025-01-15,1.09,109,10.01,1001,0.033993560975025,0.12798665872143705,1640
PAK,Pakistan,admin2,PK62022,Punjab,PK6172022,Lahore,25,2025-01-01,2025-01-15,1.4,140,4.84,484,0.1380109216508515,0.2379158020564427,22613
PAK,Pakistan,admin2,PK62022,Punjab,PK6182022,Leiah,25,2025-01-01,2025-01-15,52.88,5288,106.27000000000001,10627,1.1785718499769056,1.4163171668641341,15366
PAK,Pakistan,admin2,PK62022,Punjab,PK6192022,Lodhran,25,2025-01-01,2025-01-15,2.17,217,2.1999999999999997,220,0.078817515352857,0.07781707809938328,839
PAK,Pakistan,admin2,PK62022,Punjab,PK6202022,Mandi Bahauddin,25,2025-01-01,2025-01-15,25.37,2537,76.25999999999999,7626,1.0114608780859702,2.3409413234160596,41215
PAK,Pakistan,admin2,PK62022,Punjab,PK6212022,Mianwali,25,2025-01-01,2025-01-15,43.51,4351,156.69,15669,1.2124372752309058,2.206766077195498,24504
PAK,Pakistan,admin2,PK62022,Punjab,PK6222022,Multan,25,2025-01-01,2025-01-15,5.38,538,31.349999999999998,3135,0.18336908310914,0.7421349155741642,17645
PAK,Pakistan,admin2,PK62022,Punjab,PK6232022,Muzaffargarh,25,2025-01-01,2025-01-15,80.88,8088,245.89000000000001,24589,1.4273849961381626,2.759012844816268,80643
PAK,Pakistan,admin2,PK62022,Punjab,PK6242022,Nankana Sahib,25,2025-01-01,2025-01-15,3.46,346,5.61,561,0.1601736956014645,0.21745240751835188,4108
PAK,Pakistan,admin2,PK62022,Punjab,PK6252022,Narowal,25,2025-01-01,2025-01-15,0.06,6,0.06,6,0.0024204497439251,0.0024204497439251,214
PAK,Pakistan,admin2,PK62022,Punjab,PK6262022,Okara,25,2025-01-01,2025-01-15,0.89,89,1.24,124,0.0199174951442164,0.02451008681151828,691
PAK,Pakistan,admin2,PK62022,Punjab,PK6282022,Rahim Yar Khan,25,2025-01-01,2025-01-15,45.9,4590,198.52000000000004,19852,0.6593700177903995,1.3539205810491182,27291
PAK,Pakistan,admin2,PK62022,Punjab,PK6292022,Rajanpur,25,2025-01-01,2025-01-15,62.43,6243,157.66,15766,1.1407580568436042,1.0901077958158818,26799
PAK,Pakistan,admin2,PK62022,Punjab,PK6302022,Rawalpindi,25,2025-01-01,2025-01-15,1.87,187,40.01,4001,0.0821794872037913,0.637008972913431,8971
PAK,Pakistan,admin2,PK62022,Punjab,PK6312022,Sahiwal,25,2025-01-01,2025-01-15,1.05,105,2.09,209,0.0335935517243334,0.05556646542177405,1771
PAK,Pakistan,admin2,PK62022,Punjab,PK6322022,Sargodha,25,2025-01-01,2025-01-15,15.54,1554,57.709999999999994,5771,0.3290449269840698,0.8338171138975975,23067
PAK,Pakistan,admin2,PK62022,Punjab,PK6332022,Sheikhupura,25,2025-01-01,2025-01-15,1.49,149,4.78,478,0.0416771407974257,0.11848450877016714,1566
PAK,Pakistan,admin2,PK62022,Punjab,PK6342022,Sialkot,25,2025-01-01,2025-01-15,6.31,631,18.019999999999996,1802,0.2062256816819034,0.49440640018881454,12955
PAK,Pakistan,admin2,PK62022,Punjab,PK6352022,Toba Tek Singh,25,2025-01-01,2025-01-15,6,600,8.95,895,0.2155861790321479,0.2484798552816745,2991
PAK,Pakistan,admin2,PK62022,Punjab,PK6362022,Vehari,25,2025-01-01,2025-01-15,3.16,316,6.460000000000001,646,0.0698098059646061,0.12390586860706702,3419
PAK,Pakistan,admin2,PK72022,Sindh,PK7012022,Badin,25,2025-01-01,2025-01-15,225.59,22559,478.78,47878,4.52627573981998,6.5855269289714276,86950
PAK,Pakistan,admin2,PK72022,Sindh,PK7032022,Dadu,25,2025-01-01,2025-01-15,161.67,16167,262.89,26289,4.798437816827864,2.9133514306001653,74459
PAK,Pakistan,admin2,PK72022,Sindh,PK7052022,Ghotki,25,2025-01-01,2025-01-15,67.17,6717,235.27,23527,2.167740449114042,3.2554705569968103,31411
PAK,Pakistan,admin2,PK72022,Sindh,PK7062022,Hyderabad,25,2025-01-01,2025-01-15,22.31,2231,67.9,6790,4.292383195614601,5.997222874840972,140774
PAK,Pakistan,admin2,PK72022,Sindh,PK7072022,Jacobabad,25,2025-01-01,2025-01-15,163.1,16310,274.76,27476,6.627925032774281,8.963749179140502,62180
PAK,Pakistan,admin2,PK72022,Sindh,PK7082022,Jamshoro,25,2025-01-01,2025-01-15,30.48,3048,120.39000000000001,12039,1.9308720288006096,0.961566482632283,26415
PAK,Pakistan,admin2,PK72022,Sindh,PK7092022,Kambar Shahdad Kot,25,2025-01-01,2025-01-15,188.67,18867,273.54999999999995,27355,5.495979512410489,4.313146056013529,24797
PAK,Pakistan,admin2,PK72022,Sindh,PK7102022,Kashmore,25,2025-01-01,2025-01-15,212.17,21217,411.04999999999995,41105,10.026081950639709,13.792892860042993,97722
PAK,Pakistan,admin2,PK72022,Sindh,PK7112022,Khairpur,25,2025-01-01,2025-01-15,123.11,12311,411.52,41152,3.837670406603544,2.2851756516025596,127096
PAK,Pakistan,admin2,PK72022,Sindh,PK7122022,Korangi Karachi,25,2025-01-01,2025-01-15,0,0,2.6300000000000003,263,0,2.4689126476506584,6226
PAK,Pakistan,admin2,PK72022,Sindh,PK7132022,Larkana,25,2025-01-01,2025-01-15,44.03,4403,111.54999999999998,11155,2.8624082996315936,5.129784203083345,37503
PAK,Pakistan,admin2,PK72022,Sindh,PK7142022,Malir Karachi,25,2025-01-01,2025-01-15,2.79,279,152.64999999999998,15265,1.128144855416848,5.047144412479888,33083
PAK,Pakistan,admin2,PK72022,Sindh,PK7152022,Matiari,25,2025-01-01,2025-01-15,47.32,4732,105.21000000000001,10521,4.20677271371738,6.471867481218813,30851
PAK,Pakistan,admin2,PK72022,Sindh,PK7162022,Mirpur Khas,25,2025-01-01,2025-01-15,23.59,2359,64.52,6452,1.0121531401186938,1.6766189100430138,15106
PAK,Pakistan,admin2,PK72022,Sindh,PK7172022,Naushahro Feroze,25,2025-01-01,2025-01-15,117.54,11754,245.85000000000002,24585,4.6669090894822585,7.192282608226772,83420
PAK,Pakistan,admin2,PK72022,Sindh,PK7182022,Sanghar,25,2025-01-01,2025-01-15,105.49,10549,468.03000000000003,46803,2.680267451732078,4.125350319912093,79431
PAK,Pakistan,admin2,PK72022,Sindh,PK7192022,Shaheed Benazir Abad,25,2025-01-01,2025-01-15,110.61,11061,311.74,31174,3.650424275732018,6.071033467479178,67322
PAK,Pakistan,admin2,PK72022,Sindh,PK7202022,Shikarpur,25,2025-01-01,2025-01-15,111.7,11170,217.59999999999997,21760,5.190114796953776,7.504613089236477,57107
PAK,Pakistan,admin2,PK72022,Sindh,PK7212022,South Karachi,25,2025-01-01,2025-01-15,0,0,20.3,2030,0,3.7218263889677785,75437
PAK,Pakistan,admin2,PK72022,Sindh,PK7222022,Sujawal,25,2025-01-01,2025-01-15,304.68,30468,1794.75,179475,11.73384136573943,18.753038765800856,118996
PAK,Pakistan,admin2,PK72022,Sindh,PK7232022,Sukkur,25,2025-01-01,2025-01-15,43.43,4343,158.72000000000003,15872,2.6205502449185665,2.7080292187156787,49053
PAK,Pakistan,admin2,PK72022,Sindh,PK7242022,Tando Allahyar,25,2025-01-01,2025-01-15,23.69,2369,43.940000000000005,4394,2.2071787429499707,2.55819413918812,12579
PAK,Pakistan,admin2,PK72022,Sindh,PK7252022,Tando Muhammad Khan,25,2025-01-01,2025-01-15,52.39,5239,114.15,11415,3.782354690870665,6.142876232532175,27601
PAK,Pakistan,admin2,PK72022,Sindh,PK7262022,Tharparkar,25,2025-01-01,2025-01-15,12.31,1231,271.69,27169,0.3574515167272346,1.2477458801816794,10170
PAK,Pakistan,admin2,PK72022,Sindh,PK7272022,Thatta,25,2025-01-01,2025-01-15,149.41,14941,888.8999999999999,88890,7.509211013450355,10.534584274791936,78561
PAK,Pakistan,admin2,PK72022,Sindh,PK7282022,Umer Kot,25,2025-01-01,2025-01-15,27.04,2704,52.25,5225,1.4092671455215482,0.8562658998431576,12586
PAK,Pakistan,admin2,PK12022,Azad Kashmir,PK1042022,Haveli,24,2024-12-16,2024-12-31,0,0,2.37,237,0,0.3616119005288743,445
PAK,Pakistan,admin2,PK12022,Azad Kashmir,PK1032022,Jhelum Valley,24,2024-12-16,2024-12-31,0.3,30,5.76,576,2.1854582748877998,0.6970699853424512,1861
PAK,Pakistan,admin2,PK12022,Azad Kashmir,PK1022022,Bhimber,24,2024-12-16,2024-12-31,0.79,79,11.629999999999999,1163,0.2235971154029719,0.8039703799273421,3245
PAK,Pakistan,admin2,PK12022,Azad Kashmir,PK1012022,Bagh,24,2024-12-16,2024-12-31,0,0,2.07,207,0,0.24813440860594177,1174
PAK,Pakistan,admin2,PK12022,Azad Kashmir,PK1052022,Kotli,24,2024-12-16,2024-12-31,0.55,55,32.72,3272,0.308307756429618,1.703001314276303,8303
PAK,Pakistan,admin2,PK12022,Azad Kashmir,PK1062022,Mirpur,24,2024-12-16,2024-12-31,1.92,192,19.119999999999997,1912,0.7861370132766596,1.7782492283621634,4062
PAK,Pakistan,admin2,PK12022,Azad Kashmir,PK1072022,Muzaffarabad,24,2024-12-16,2024-12-31,0.2,20,14.619999999999997,1462,1.2178319248669345,0.8872944039547904,5003
PAK,Pakistan,admin2,PK12022,Azad Kashmir,PK1082022,Neelum,24,2024-12-16,2024-12-31,0.3,30,24.150000000000002,2415,3.298593893505004,0.6828709497045268,1290
PAK,Pakistan,admin2,PK12022,Azad Kashmir,PK1092022,Poonch,24,2024-12-16,2024-12-31,0.02,2,2.7399999999999998,274,0.1674173089801331,0.31777588354384806,838
PAK,Pakistan,admin2,PK12022,Azad Kashmir,PK1102022,Sudhnoti,24,2024-12-16,2024-12-31,0,0,3.74,374,0,0.5578768739942336,1532
PAK,Pakistan,admin2,PK22022,Balochistan,PK2012022,Awaran,24,2024-12-16,2024-12-31,1.91,191,153.57,15357,0.685148586720145,0.5492010458399827,575
PAK,Pakistan,admin2,PK22022,Balochistan,PK2022022,Barkhan,24,2024-12-16,2024-12-31,0.03,3,0.6,60,0.0047118233444423,0.014763565265534156,14
PAK,Pakistan,admin2,PK22022,Balochistan,PK2032022,Chagai,24,2024-12-16,2024-12-31,0.18,18,1543.46,154346,0.0697119499191781,3.024905247883118,4722
PAK,Pakistan,admin2,PK22022,Balochistan,PK2042022,Dera Bugti,24,2024-12-16,2024-12-31,13.77,1377,31.66,3166,2.2954955569820066,0.2681533415019247,2463
PAK,Pakistan,admin2,PK22022,Balochistan,PK2052022,Gwadar,24,2024-12-16,2024-12-31,2.02,202,202.64000000000001,20264,7.757915679544314,1.5748196021306666,3613
PAK,Pakistan,admin2,PK22022,Balochistan,PK2062022,Harnai,24,2024-12-16,2024-12-31,0.31,31,36.67999999999999,3668,0.4183743892421945,1.0331474034723926,385
PAK,Pakistan,admin2,PK22022,Balochistan,PK2072022_1,Jaffarabad,24,2024-12-16,2024-12-31,1.37,137,9.73,973,0.1912959599016069,1.195646894050404,1379
PAK,Pakistan,admin2,PK22022,Balochistan,PK2082022,Jhal Magsi,24,2024-12-16,2024-12-31,16,1600,22.45,2245,0.9349656887070684,0.5096961166778385,1145
PAK,Pakistan,admin2,PK22022,Balochistan,PK2092022,Kachhi,24,2024-12-16,2024-12-31,0.97,97,13.64,1364,0.0658614659779796,0.22101557425240323,232
PAK,Pakistan,admin2,PK22022,Balochistan,PK2102022,Kalat,24,2024-12-16,2024-12-31,0,0,47,4700,0,0.4210679081071942,485
PAK,Pakistan,admin2,PK22022,Balochistan,PK2112022,Kech,24,2024-12-16,2024-12-31,1.71,171,319.6,31960,0.70908030958539,1.1715089590399437,2938
PAK,Pakistan,admin2,PK22022,Balochistan,PK2122022,Kharan,24,2024-12-16,2024-12-31,0,0,113.56,11356,0,1.2717887055203958,978
PAK,Pakistan,admin2,PK22022,Balochistan,PK2132022,Khuzdar,24,2024-12-16,2024-12-31,0.37,37,245.83999999999997,24584,0.0269078215889651,0.7022426968490794,2226
PAK,Pakistan,admin2,PK22022,Balochistan,PK2142022,Killa Abdullah,24,2024-12-16,2024-12-31,0.04,4,1.64,164,0.019298992479069,0.047434683648600866,12
PAK,Pakistan,admin2,PK22022,Balochistan,PK2152022,Killa Saifullah,24,2024-12-16,2024-12-31,0.03,3,137.46,13746,0.0038160663977595,0.9473465960289238,1661
PAK,Pakistan,admin2,PK22022,Balochistan,PK2162022,Kohlu,24,2024-12-16,2024-12-31,0,0,41.74,4174,0,0.4840983975827733,444
PAK,Pakistan,admin2,PK22022,Balochistan,PK2172022,Lasbela,24,2024-12-16,2024-12-31,1.54,154,197.58999999999997,19759,0.1610006029630424,1.2602089929336309,1794
PAK,Pakistan,admin2,PK22022,Balochistan,PK2182022,Lehri,24,2024-12-16,2024-12-31,2.33,233,7.9,790,0.1430364641992718,0.21200473859268493,85
PAK,Pakistan,admin2,PK22022,Balochistan,PK2192022,Loralai,24,2024-12-16,2024-12-31,0.02,2,25.68,2568,0.0071256886244528,0.581808194726309,666
PAK,Pakistan,admin2,PK22022,Balochistan,PK2202022,Mastung,24,2024-12-16,2024-12-31,0,0,10.51,1051,0,0.21490282728502588,149
PAK,Pakistan,admin2,PK22022,Balochistan,PK2212022,Musakhel,24,2024-12-16,2024-12-31,0.04,4,17.919999999999998,1792,0.0195467005169527,0.25993001661888837,403
PAK,Pakistan,admin2,PK22022,Balochistan,PK2222022,Nasirabad,24,2024-12-16,2024-12-31,43.49,4349,45.96,4596,1.576956559371851,1.2468061748852952,4852
PAK,Pakistan,admin2,PK22022,Balochistan,PK2232022,Nushki,24,2024-12-16,2024-12-31,1.88,188,109.73,10973,0.8673830326562292,1.6239773665164499,2099
PAK,Pakistan,admin2,PK22022,Balochistan,PK2242022,Panjgur,24,2024-12-16,2024-12-31,0,0,37.05,3705,0,0.18935126827500542,400
PAK,Pakistan,admin2,PK22022,Balochistan,PK2252022,Pishin,24,2024-12-16,2024-12-31,0,0,12.11,1211,0,0.18421011204440405,275
PAK,Pakistan,admin2,PK22022,Balochistan,PK2262022,Quetta,24,2024-12-16,2024-12-31,0.04,4,33.07,3307,0.0220772912981707,0.7802755851368297,1457
PAK,Pakistan,admin2,PK22022,Balochistan,PK2272022,Sherani,24,2024-12-16,2024-12-31,0.06,6,54.94,5494,0.3153163364775662,1.5288978855828008,1234
PAK,Pakistan,admin2,PK22022,Balochistan,PK2282022,Sibi,24,2024-12-16,2024-12-31,0,0,50.18,5018,0,0.9929833491314861,326
PAK,Pakistan,admin2,PK22022,Balochistan,PK2292022,Sohbatpur,24,2024-12-16,2024-12-31,51.22,5122,105.43,10543,7.343052106879289,11.731486537240295,13328
PAK,Pakistan,admin2,PK22022,Balochistan,PK2302022,Washuk,24,2024-12-16,2024-12-31,0,0,511.75,51175,0,1.1621338272568367,1327
PAK,Pakistan,admin2,PK22022,Balochistan,PK2312022,Zhob,24,2024-12-16,2024-12-31,0.87,87,92.1,9210,0.4150600279513042,0.656976464985694,1056
PAK,Pakistan,admin2,PK22022,Balochistan,PK2322022,Ziarat,24,2024-12-16,2024-12-31,0.11,11,49.87,4987,0.1037128459359539,1.3112942694124985,1089
PAK,Pakistan,admin2,PK22022,Balochistan,PK2332022,Shaheed Sikandarabad,24,2024-12-16,2024-12-31,0.19,19,3.34,334,0.0670790911634615,0.07918304002480034,82
PAK,Pakistan,admin2,PK22022,Balochistan,PK2342022,Duki,24,2024-12-16,2024-12-31,0.08,8,8.030000000000001,803,0.0179255782712466,0.1596388352322102,139
PAK,Pakistan,admin2,PK22022,Balochistan,PK2352022,Chaman,24,2024-12-16,2024-12-31,0,0,6.16,616,0,0.32910416601499226,236
PAK,Pakistan,admin2,PK22022,Balochistan,PK2362022,Usta Muhammad,24,2024-12-16,2024-12-31,34.84,3484,52.31,5231,3.624758468775571,4.651717432468047,5212
PAK,Pakistan,admin2,PK32022,Gilgit Baltistan,PK3012022,Astore,24,2024-12-16,2024-12-31,0.88,88,68.95,6895,4.573804573804575,1.2104598019223807,2340
PAK,Pakistan,admin2,PK32022,Gilgit Baltistan,PK3022022,Diamir,24,2024-12-16,2024-12-31,0.66,66,176.74,17674,3.2289628180039136,3.61499252752994,2924
PAK,Pakistan,admin2,PK32022,Gilgit Baltistan,PK3032022,Ghanche,24,2024-12-16,2024-12-31,0.63,63,142.35,14235,6.840390879478828,1.3370391865073348,5737
PAK,Pakistan,admin2,PK32022,Gilgit Baltistan,PK3042022,Ghizer,24,2024-12-16,2024-12-31,1.38,138,127.98,12798,7.50531066312907,2.3780052082809164,3424
PAK,Pakistan,admin2,PK32022,Gilgit Baltistan,PK3052022,Gilgit,24,2024-12-16,2024-12-31,1.23,123,154.93,15493,7.4615326056961235,3.1180518010877547,5933
PAK,Pakistan,admin2,PK32022,Gilgit Baltistan,PK3062022,Hunza,24,2024-12-16,2024-12-31,0,0,241.36999999999998,24137,0,1.6941882634690253,1715
PAK,Pakistan,admin2,PK32022,Gilgit Baltistan,PK3072022,Skardu,24,2024-12-16,2024-12-31,1.01,101,78.13,7813,4.426626791791276,3.1809524919548764,5209
PAK,Pakistan,admin2,PK32022,Gilgit Baltistan,PK3082022,Nagar,24,2024-12-16,2024-12-31,0.77,77,82.11,8211,17.409075594488673,2.185964817659931,5803
PAK,Pakistan,admin2,PK32022,Gilgit Baltistan,PK3092022,Kharmang,24,2024-12-16,2024-12-31,0.53,53,86.31,8631,27.604166666666668,1.223832514032638,3181
PAK,Pakistan,admin2,PK32022,Gilgit Baltistan,PK3102022,Shigar,24,2024-12-16,2024-12-31,0.04,4,96.83,9683,0.2067577346649612,0.9208354809667741,1049
PAK,Pakistan,admin2,PK32022,Gilgit Baltistan,PK3112022,Darel,24,2024-12-16,2024-12-31,0.36,36,61.75,6175,1.877646192550776,3.0439057194459287,1394
PAK,Pakistan,admin2,PK32022,Gilgit Baltistan,PK3122022,Tangir,24,2024-12-16,2024-12-31,0.57,57,16.119999999999997,1612,4.365533460079472,1.185965035987342,885
PAK,Pakistan,admin2,PK32022,Gilgit Baltistan,PK3132022,Gupis-Yasin,24,2024-12-16,2024-12-31,2.92,292,191.37,19137,8.333333333333332,1.9941393832993612,5069
PAK,Pakistan,admin2,PK32022,Gilgit Baltistan,PK3142022,Rondu,24,2024-12-16,2024-12-31,0.38,38,23.01,2301,6.850574062553022,1.186300742052844,796
PAK,Pakistan,admin2,PK42022,Islamabad,PK4012022,Islamabad,24,2024-12-16,2024-12-31,0.16,16,5.63,563,0.0604813335778281,0.5380633385232625,8295
PAK,Pakistan,admin2,PK52022,Khyber Pakhtunkhwa,PK5012022,Abbottabad,24,2024-12-16,2024-12-31,0.22,22,8.739999999999998,874,0.2204265902835488,0.4406579273762045,5590
PAK,Pakistan,admin2,PK52022,Khyber Pakhtunkhwa,PK5022022,Bajaur,24,2024-12-16,2024-12-31,0.78,78,12.190000000000001,1219,0.1509953623395247,0.7386269695828109,2685
PAK,Pakistan,admin2,PK52022,Khyber Pakhtunkhwa,PK5032022,Bannu,24,2024-12-16,2024-12-31,2.89,289,18.479999999999997,1848,0.4536189894714474,0.7623767679771083,1257
PAK,Pakistan,admin2,PK52022,Khyber Pakhtunkhwa,PK5042022,Batagram,24,2024-12-16,2024-12-31,0.3,30,18.039999999999992,1804,0.6443168725111682,1.0246080782780786,5841
PAK,Pakistan,admin2,PK52022,Khyber Pakhtunkhwa,PK5052022,Buner,24,2024-12-16,2024-12-31,0.47,47,10.82,1082,0.105764374622798,0.5103293935692057,2721
PAK,Pakistan,admin2,PK52022,Khyber Pakhtunkhwa,PK5062022,Charsadda,24,2024-12-16,2024-12-31,0.79,79,3.21,321,0.1423690104396168,0.30502956127913666,2318
PAK,Pakistan,admin2,PK52022,Khyber Pakhtunkhwa,PK5072022,Chitral Lower,24,2024-12-16,2024-12-31,0.74,74,174.33999999999997,17434,2.605051065627407,2.3192700879062333,11307
PAK,Pakistan,admin2,PK52022,Khyber Pakhtunkhwa,PK5082022,Chitral Upper,24,2024-12-16,2024-12-31,0.92,92,161.32,16132,4.178019981834695,1.502999625406483,8517
PAK,Pakistan,admin2,PK52022,Khyber Pakhtunkhwa,PK5092022,D. I. Khan,24,2024-12-16,2024-12-31,49.84,4984,166.33,16633,1.201419821632849,1.5607320728206437,18907
PAK,Pakistan,admin2,PK52022,Khyber Pakhtunkhwa,PK5102022,Hangu,24,2024-12-16,2024-12-31,0.77,77,7.779999999999999,778,0.262630296929399,0.4719818947754682,1599
PAK,Pakistan,admin2,PK52022,Khyber Pakhtunkhwa,PK5112022,Haripur,24,2024-12-16,2024-12-31,3.39,339,78.44,7844,0.6755559181652451,3.319694044840118,12893
PAK,Pakistan,admin2,PK52022,Khyber Pakhtunkhwa,PK5122022,Karak,24,2024-12-16,2024-12-31,1.02,102,23.800000000000004,2380,0.2593720981437695,0.7504574711583947,3365
PAK,Pakistan,admin2,PK52022,Khyber Pakhtunkhwa,PK5132022,Khyber,24,2024-12-16,2024-12-31,0.55,55,115.95000000000002,11595,0.3317458417639748,3.4917501236545254,14489
PAK,Pakistan,admin2,PK52022,Khyber Pakhtunkhwa,PK5142022,Kohat,24,2024-12-16,2024-12-31,3.55,355,79.30000000000001,7930,0.5338770888438709,1.9184612190628285,12559
PAK,Pakistan,admin2,PK52022,Khyber Pakhtunkhwa,PK5152022,Kohistan Lower,24,2024-12-16,2024-12-31,0.07,7,9.1,910,1.9609997253501783,0.9181233756031455,3137
PAK,Pakistan,admin2,PK52022,Khyber Pakhtunkhwa,PK5162022,Kohistan Upper,24,2024-12-16,2024-12-31,0.65,65,90.38,9038,4.495159059474412,1.445825516565391,6101
PAK,Pakistan,admin2,PK52022,Khyber Pakhtunkhwa,PK5172022,Kolai Palas Kohistan,24,2024-12-16,2024-12-31,0.58,58,23.189999999999998,2319,5.909546774921786,1.6221125309314244,7475
PAK,Pakistan,admin2,PK52022,Khyber Pakhtunkhwa,PK5182022,Kurram,24,2024-12-16,2024-12-31,0.6,60,47.36000000000001,4736,0.2222136370620975,1.1564459186440177,6084
PAK,Pakistan,admin2,PK52022,Khyber Pakhtunkhwa,PK5192022,Lakki Marwat,24,2024-12-16,2024-12-31,0.31,31,4.75,475,0.0237777399446178,0.12324266766667633,492
PAK,Pakistan,admin2,PK52022,Khyber Pakhtunkhwa,PK5202022,Lower Dir,24,2024-12-16,2024-12-31,0.19,19,6.44,644,0.0487288949573991,0.32860807645894713,2747
PAK,Pakistan,admin2,PK52022,Khyber Pakhtunkhwa,PK5212022,Malakand,24,2024-12-16,2024-12-31,0.13,13,5.93,593,0.0780943011655485,0.5380554640303612,1137
PAK,Pakistan,admin2,PK52022,Khyber Pakhtunkhwa,PK5222022,Mansehra,24,2024-12-16,2024-12-31,1.1,110,32.160000000000004,3216,0.320781751418044,0.664074314068233,6719
PAK,Pakistan,admin2,PK52022,Khyber Pakhtunkhwa,PK5232022,Mardan,24,2024-12-16,2024-12-31,0.02,2,0.6800000000000002,68,0.0023797948140911,0.03825164228925948,168
PAK,Pakistan,admin2,PK52022,Khyber Pakhtunkhwa,PK5242022,Mohmand,24,2024-12-16,2024-12-31,1.33,133,54.199999999999996,5420,0.2973828468100856,1.9707857429072981,8325
PAK,Pakistan,admin2,PK52022,Khyber Pakhtunkhwa,PK5252022,North Waziristan,24,2024-12-16,2024-12-31,0.13,13,11,1100,0.0849551044947784,0.18672346752388963,858
PAK,Pakistan,admin2,PK52022,Khyber Pakhtunkhwa,PK5262022,Nowshera,24,2024-12-16,2024-12-31,2.53,253,26.06,2606,0.5087453896304417,1.2498362073785831,11832
PAK,Pakistan,admin2,PK52022,Khyber Pakhtunkhwa,PK5272022,Orakzai,24,2024-12-16,2024-12-31,0.98,98,29.49,2949,0.6718411970656215,1.7863623723829196,4675
PAK,Pakistan,admin2,PK52022,Khyber Pakhtunkhwa,PK5282022,Peshawar,24,2024-12-16,2024-12-31,0.78,78,14.14,1414,0.1181840020929679,0.7603632949481,4204
PAK,Pakistan,admin2,PK52022,Khyber Pakhtunkhwa,PK5292022,Shangla,24,2024-12-16,2024-12-31,1.42,142,28.419999999999995,2842,3.74258537094592,1.69269006455093,12861
PAK,Pakistan,admin2,PK52022,Khyber Pakhtunkhwa,PK5302022,South Waziristan,24,2024-12-16,2024-12-31,0.25,25,48.839999999999996,4884,0.1276500654169041,0.6626276081684431,1636
PAK,Pakistan,admin2,PK52022,Khyber Pakhtunkhwa,PK5312022,Swabi,24,2024-12-16,2024-12-31,0.19,19,12.010000000000002,1201,0.0205432090892485,0.6697942027759488,10513
PAK,Pakistan,admin2,PK52022,Khyber Pakhtunkhwa,PK5322022,Swat,24,2024-12-16,2024-12-31,0.41,41,40.74,4074,0.1249781392852971,0.6712682489485016,7955
PAK,Pakistan,admin2,PK52022,Khyber Pakhtunkhwa,PK5332022,Tank,24,2024-12-16,2024-12-31,0.17,17,2.7199999999999998,272,0.02383727046042,0.08136212681444077,180
PAK,Pakistan,admin2,PK52022,Khyber Pakhtunkhwa,PK5342022,Tor Ghar,24,2024-12-16,2024-12-31,1.92,192,37.64,3764,14.156753662076898,6.80599882617048,17418
PAK,Pakistan,admin2,PK52022,Khyber Pakhtunkhwa,PK5352022,Upper Dir,24,2024-12-16,2024-12-31,1.29,129,54.63,5463,1.2992291122112134,1.2183048576533169,11461
PAK,Pakistan,admin2,PK62022,Punjab,PK6012022,Attock,24,2024-12-16,2024-12-31,2.79,279,45.91,4591,0.0818395642925785,0.5526519957503901,7113
PAK,Pakistan,admin2,PK62022,Punjab,PK6022022,Bahawalnagar,24,2024-12-16,2024-12-31,30.81,3081,54.41,5441,0.4802825242669657,0.5496407908636347,21763
PAK,Pakistan,admin2,PK62022,Punjab,PK6032022,Bahawalpur,24,2024-12-16,2024-12-31,8.06,806,16.48,1648,0.1160399224532857,0.06002171108006893,7017
PAK,Pakistan,admin2,PK62022,Punjab,PK6042022,Bhakkar,24,2024-12-16,2024-12-31,8.91,891,45.019999999999996,4502,0.2090948343015586,0.45088324902570814,4203
PAK,Pakistan,admin2,PK62022,Punjab,PK6052022,Chakwal,24,2024-12-16,2024-12-31,1.65,165,23.43,2343,0.0505176185882936,0.3024076113150945,6807
PAK,Pakistan,admin2,PK62022,Punjab,PK6062022,Chiniot,24,2024-12-16,2024-12-31,0.24,24,0.8799999999999999,88,0.0104798561752758,0.02981023236491606,673
PAK,Pakistan,admin2,PK62022,Punjab,PK6072022,Dera Ghazi Khan,24,2024-12-16,2024-12-31,94.55,9455,233.12,23312,1.987587033522241,1.703054110586798,48145
PAK,Pakistan,admin2,PK62022,Punjab,PK6082022,Faisalabad,24,2024-12-16,2024-12-31,6.55,655,14.06,1406,0.1317531589244662,0.20149977927363566,7089
PAK,Pakistan,admin2,PK62022,Punjab,PK6092022,Gujranwala,24,2024-12-16,2024-12-31,24.18,2418,68.80000000000001,6880,0.6779759790732278,1.6046798552557566,46741
PAK,Pakistan,admin2,PK62022,Punjab,PK6102022,Gujrat,24,2024-12-16,2024-12-31,11.43,1143,37.16,3716,0.4392498863087798,0.9839642834609638,21229
PAK,Pakistan,admin2,PK62022,Punjab,PK6112022,Hafizabad,24,2024-12-16,2024-12-31,15.63,1563,39.56,3956,0.6614551505476993,1.468402126867188,16543
PAK,Pakistan,admin2,PK62022,Punjab,PK6122022,Jhang,24,2024-12-16,2024-12-31,6.97,697,25.03,2503,0.1331786267782336,0.3364541168285676,8126
PAK,Pakistan,admin2,PK62022,Punjab,PK6132022,Jhelum,24,2024-12-16,2024-12-31,8.98,898,42.480000000000004,4248,0.5475933048271061,0.9973852290878972,17745
PAK,Pakistan,admin2,PK62022,Punjab,PK6142022,Kasur,24,2024-12-16,2024-12-31,1.45,145,6.6,660,0.0395285671805773,0.1489158580452993,3481
PAK,Pakistan,admin2,PK62022,Punjab,PK6152022,Khanewal,24,2024-12-16,2024-12-31,10.02,1002,45.9,4590,0.245396295953676,0.906199126707255,18319
PAK,Pakistan,admin2,PK62022,Punjab,PK6162022,Khushab,24,2024-12-16,2024-12-31,2.89,289,11.16,1116,0.0901297167135986,0.14269042071241148,1876
PAK,Pakistan,admin2,PK62022,Punjab,PK6172022,Lahore,24,2024-12-16,2024-12-31,1.51,151,3.0599999999999996,306,0.1488546369234184,0.1504178417960149,5762
PAK,Pakistan,admin2,PK62022,Punjab,PK6182022,Leiah,24,2024-12-16,2024-12-31,67.89,6789,138.04999999999998,13805,1.5131097370448583,1.839866235867071,20028
PAK,Pakistan,admin2,PK62022,Punjab,PK6192022,Lodhran,24,2024-12-16,2024-12-31,4.77,477,5.07,507,0.1732532480336996,0.1651586346865757,2064
PAK,Pakistan,admin2,PK62022,Punjab,PK6202022,Mandi Bahauddin,24,2024-12-16,2024-12-31,25.87,2587,78.77000000000001,7877,1.0313950696130882,2.4179904018552723,45097
PAK,Pakistan,admin2,PK62022,Punjab,PK6212022,Mianwali,24,2024-12-16,2024-12-31,63.65,6365,202.03,20203,1.7736527825430282,2.8453184668824205,36646
PAK,Pakistan,admin2,PK62022,Punjab,PK6222022,Multan,24,2024-12-16,2024-12-31,14.54,1454,36.379999999999995,3638,0.4955736930124342,0.8612079179772919,17560
PAK,Pakistan,admin2,PK62022,Punjab,PK6232022,Muzaffargarh,24,2024-12-16,2024-12-31,131.74,13174,338.35,33835,2.324971555282413,3.7964618164365542,111524
PAK,Pakistan,admin2,PK62022,Punjab,PK6242022,Nankana Sahib,24,2024-12-16,2024-12-31,3.58,358,6.74,674,0.1657288526743477,0.2612529815817633,2211
PAK,Pakistan,admin2,PK62022,Punjab,PK6262022,Okara,24,2024-12-16,2024-12-31,2.64,264,5.45,545,0.0590811091918331,0.10526169010502459,2685
PAK,Pakistan,admin2,PK62022,Punjab,PK6282022,Rahim Yar Khan,24,2024-12-16,2024-12-31,53.22,5322,211.08999999999997,21109,0.7645244520001103,1.4396488789726891,28021
PAK,Pakistan,admin2,PK62022,Punjab,PK6292022,Rajanpur,24,2024-12-16,2024-12-31,84.89,8489,201.76999999999998,20177,1.5511605229129193,1.3950973611681496,28457
PAK,Pakistan,admin2,PK62022,Punjab,PK6302022,Rawalpindi,24,2024-12-16,2024-12-31,1.36,136,39.129999999999995,3913,0.0597668997845755,0.6229982781830181,8239
PAK,Pakistan,admin2,PK62022,Punjab,PK6312022,Sahiwal,24,2024-12-16,2024-12-31,0.05,5,0.77,77,0.0015996929392539,0.02047185568170547,1439
PAK,Pakistan,admin2,PK62022,Punjab,PK6322022,Sargodha,24,2024-12-16,2024-12-31,15.6,1560,53.97,5397,0.3303153707175991,0.7797801011445736,20817
PAK,Pakistan,admin2,PK62022,Punjab,PK6332022,Sheikhupura,24,2024-12-16,2024-12-31,2.21,221,6.31,631,0.0618164303102757,0.1474541336588304,2056
PAK,Pakistan,admin2,PK62022,Punjab,PK6342022,Sialkot,24,2024-12-16,2024-12-31,5.57,557,15.129999999999999,1513,0.1820407364450399,0.41511480770570275,10906
PAK,Pakistan,admin2,PK62022,Punjab,PK6352022,Toba Tek Singh,24,2024-12-16,2024-12-31,0.38,38,1.15,115,0.0136537913387027,0.03371348346887365,350
PAK,Pakistan,admin2,PK62022,Punjab,PK6362022,Vehari,24,2024-12-16,2024-12-31,2.46,246,5.3,530,0.0543456084408009,0.10165651758784126,2708
PAK,Pakistan,admin2,PK72022,Sindh,PK7012022,Badin,24,2024-12-16,2024-12-31,232.54,23254,505.03,50503,4.665721709906194,6.9465906364894945,88291
PAK,Pakistan,admin2,PK72022,Sindh,PK7032022,Dadu,24,2024-12-16,2024-12-31,167.42,16742,277.40999999999997,27741,4.969100385311567,3.0742623164167218,73016
PAK,Pakistan,admin2,PK72022,Sindh,PK7052022,Ghotki,24,2024-12-16,2024-12-31,66.95,6695,226.01000000000002,22601,2.1606405101709867,3.1273383796780263,30619
PAK,Pakistan,admin2,PK72022,Sindh,PK7062022,Hyderabad,24,2024-12-16,2024-12-31,22.85,2285,68.02000000000001,6802,4.396277723881383,6.007821795974711,119139
PAK,Pakistan,admin2,PK72022,Sindh,PK7072022,Jacobabad,24,2024-12-16,2024-12-31,193.73,19373,321.72999999999996,32173,7.872642039235815,10.496094858803586,72202
PAK,Pakistan,admin2,PK72022,Sindh,PK7082022,Jamshoro,24,2024-12-16,2024-12-31,30.33,3033,115.67999999999999,11568,1.9213697058242287,0.9239472606603744,25287
PAK,Pakistan,admin2,PK72022,Sindh,PK7092022,Kambar Shahdad Kot,24,2024-12-16,2024-12-31,202.6,20260,298.18,29818,5.901762067177427,4.701494757748544,30163
PAK,Pakistan,admin2,PK72022,Sindh,PK7102022,Kashmore,24,2024-12-16,2024-12-31,228.5,22850,441.53,44153,10.797755223269894,14.81565742487479,100111
PAK,Pakistan,admin2,PK72022,Sindh,PK7112022,Khairpur,24,2024-12-16,2024-12-31,101.47,10147,332.94000000000005,33294,3.163093299959886,1.848819939357884,99099
PAK,Pakistan,admin2,PK72022,Sindh,PK7122022,Korangi Karachi,24,2024-12-16,2024-12-31,0,0,2.23,223,0,2.093412625194284,6559
PAK,Pakistan,admin2,PK72022,Sindh,PK7132022,Larkana,24,2024-12-16,2024-12-31,41.36,4136,103.19,10319,2.6888305081254305,4.745337802923984,35218
PAK,Pakistan,admin2,PK72022,Sindh,PK7142022,Malir Karachi,24,2024-12-16,2024-12-31,3.04,304,169.64000000000001,16964,1.229233104110114,5.608893404081811,36940
PAK,Pakistan,admin2,PK72022,Sindh,PK7152022,Matiari,24,2024-12-16,2024-12-31,53.85,5385,113.41,11341,4.787293124126816,6.976280686674513,31795
PAK,Pakistan,admin2,PK72022,Sindh,PK7162022,Mirpur Khas,24,2024-12-16,2024-12-31,25.53,2553,67.08,6708,1.095390829471397,1.7431431569387066,14776
PAK,Pakistan,admin2,PK72022,Sindh,PK7172022,Naushahro Feroze,24,2024-12-16,2024-12-31,82.53,8253,182.72,18272,3.276841987025445,5.345429644804538,58809
PAK,Pakistan,admin2,PK72022,Sindh,PK7182022,Sanghar,24,2024-12-16,2024-12-31,79.28,7928,426.87,42687,2.014329354188256,3.7625543043413345,71370
PAK,Pakistan,admin2,PK72022,Sindh,PK7192022,Shaheed Benazir Abad,24,2024-12-16,2024-12-31,90.89,9089,260.73,26073,2.999611811059426,5.0776305766852055,55822
PAK,Pakistan,admin2,PK72022,Sindh,PK7202022,Shikarpur,24,2024-12-16,2024-12-31,121.74,12174,233.28,23328,5.656621086671018,8.045081473855605,59546
PAK,Pakistan,admin2,PK72022,Sindh,PK7212022,South Karachi,24,2024-12-16,2024-12-31,0.01,1,20.87,2087,0.0602497885350559,3.713333461719771,77503
PAK,Pakistan,admin2,PK72022,Sindh,PK7222022,Sujawal,24,2024-12-16,2024-12-31,332.7,33270,2188.97,218897,12.812948084487028,22.872176775135863,130227
PAK,Pakistan,admin2,PK72022,Sindh,PK7232022,Sukkur,24,2024-12-16,2024-12-31,41.97,4197,157.85,15785,2.532454381285569,2.6931855605737764,47993
PAK,Pakistan,admin2,PK72022,Sindh,PK7242022,Tando Allahyar,24,2024-12-16,2024-12-31,21.42,2142,40.06,4006,1.9956846211054609,2.33229989112144,11460
PAK,Pakistan,admin2,PK72022,Sindh,PK7252022,Tando Muhammad Khan,24,2024-12-16,2024-12-31,59.53,5953,119.86,11986,4.297834982774016,6.4501545793368935,28348
PAK,Pakistan,admin2,PK72022,Sindh,PK7262022,Tharparkar,24,2024-12-16,2024-12-31,13.93,1393,289.7,28970,0.4044922524785036,1.3304574385830634,10604
PAK,Pakistan,admin2,PK72022,Sindh,PK7272022,Thatta,24,2024-12-16,2024-12-31,171.9,17190,946.21,94621,8.639538004230747,11.213779937733017,87650
PAK,Pakistan,admin2,PK72022,Sindh,PK7282022,Umer Kot,24,2024-12-16,2024-12-31,25.51,2551,52.2,5220,1.3295268077756914,0.8554465066375663,12390
PAK,Pakistan,admin2,PK72022,Sindh,PK7292022,West Karachi,24,2024-12-16,2024-12-31,0,0,0.45,45,0,0.30418946430843613,64
PAK,Pakistan,admin2,PK52022,Khyber Pakhtunkhwa,PK5282022,Peshawar,23,2024-01-12,2024-12-15,1.17,117,12.489999999999998,1249,0.1772760031394519,0.6716363192292624,5619
PAK,Pakistan,admin2,PK52022,Khyber Pakhtunkhwa,PK5272022,Orakzai,23,2024-01-12,2024-12-15,0.38,38,27.75,2775,0.2605098519234042,1.6809615406451688,3967
PAK,Pakistan,admin2,PK52022,Khyber Pakhtunkhwa,PK5262022,Nowshera,23,2024-01-12,2024-12-15,4.5,450,34.76,3476,0.9048831040857658,1.6670877424589237,17281
PAK,Pakistan,admin2,PK52022,Khyber Pakhtunkhwa,PK5252022,North Waziristan,23,2024-01-12,2024-12-15,0.12,12,7.0200000000000005,702,0.0784200964567186,0.11916352200160948,676
PAK,Pakistan,admin2,PK52022,Khyber Pakhtunkhwa,PK5242022,Mohmand,23,2024-01-12,2024-12-15,0.93,93,42.580000000000005,4258,0.2079443966416388,1.548266733081048,6232
PAK,Pakistan,admin2,PK52022,Khyber Pakhtunkhwa,PK5232022,Mardan,23,2024-01-12,2024-12-15,2.25,225,3.6399999999999997,364,0.2677269165852521,0.18633528028473756,2974
PAK,Pakistan,admin2,PK52022,Khyber Pakhtunkhwa,PK5222022,Mansehra,23,2024-01-12,2024-12-15,1.26,126,21.14,2114,0.3674409152606686,0.4365214862998272,6034
PAK,Pakistan,admin2,PK52022,Khyber Pakhtunkhwa,PK5212022,Malakand,23,2024-01-12,2024-12-15,0.23,23,8.04,804,0.1381668405236628,0.7295052159872015,1822
PAK,Pakistan,admin2,PK52022,Khyber Pakhtunkhwa,PK5202022,Lower Dir,23,2024-01-12,2024-12-15,0.28,28,7.459999999999999,746,0.0718110030951145,0.38065469726455675,4119
PAK,Pakistan,admin2,PK52022,Khyber Pakhtunkhwa,PK5192022,Lakki Marwat,23,2024-01-12,2024-12-15,0.32,32,4.08,408,0.024544763813799,0.10492832212583393,422
PAK,Pakistan,admin2,PK52022,Khyber Pakhtunkhwa,PK5182022,Kurram,23,2024-01-12,2024-12-15,0.86,86,33.730000000000004,3373,0.3185062131223398,0.8236258622437228,4472
PAK,Pakistan,admin2,PK52022,Khyber Pakhtunkhwa,PK5172022,Kolai Palas Kohistan,23,2024-01-12,2024-12-15,0.58,58,11.389999999999999,1139,5.909546774921786,0.796912672314925,3927
PAK,Pakistan,admin2,PK52022,Khyber Pakhtunkhwa,PK5162022,Kohistan Upper,23,2024-01-12,2024-12-15,0.46,46,62.51,6251,3.18118948824343,0.9268380363112694,4071
PAK,Pakistan,admin2,PK52022,Khyber Pakhtunkhwa,PK5152022,Kohistan Lower,23,2024-01-12,2024-12-15,0.01,1,5.949999999999999,595,0.2801428179071683,0.6003114378943644,1654
PAK,Pakistan,admin2,PK52022,Khyber Pakhtunkhwa,PK5142022,Kohat,23,2024-01-12,2024-12-15,2.71,271,98.03999999999998,9804,0.4075512424695464,2.3718277164807016,15213
PAK,Pakistan,admin2,PK52022,Khyber Pakhtunkhwa,PK5132022,Khyber,23,2024-01-12,2024-12-15,0.47,47,75.19999999999999,7520,0.2834919011437602,2.2645934394033658,10760
PAK,Pakistan,admin2,PK52022,Khyber Pakhtunkhwa,PK5122022,Karak,23,2024-01-12,2024-12-15,1.03,103,17.3,1730,0.2619149618510614,0.5455005987832028,2840
PAK,Pakistan,admin2,PK52022,Khyber Pakhtunkhwa,PK5112022,Haripur,23,2024-01-12,2024-12-15,6.58,658,86.55,8655,1.31125602994906,3.662920953351762,14032
PAK,Pakistan,admin2,PK52022,Khyber Pakhtunkhwa,PK5102022,Hangu,23,2024-01-12,2024-12-15,0.85,85,9.379999999999999,938,0.2899165615454405,0.5690475800763355,1985
PAK,Pakistan,admin2,PK52022,Khyber Pakhtunkhwa,PK5092022,D. I. Khan,23,2024-01-12,2024-12-15,46.52,4652,160.99,16099,1.1213894482817044,1.5106250009222353,18829
PAK,Pakistan,admin2,PK52022,Khyber Pakhtunkhwa,PK5082022,Chitral Upper,23,2024-01-12,2024-12-15,0.75,75,93.23,9323,3.40599455040872,0.8686130366764603,4668
PAK,Pakistan,admin2,PK52022,Khyber Pakhtunkhwa,PK5072022,Chitral Lower,23,2024-01-12,2024-12-15,0.84,84,132.45000000000002,13245,2.9570849934148944,1.7620013946494248,9297
PAK,Pakistan,admin2,PK52022,Khyber Pakhtunkhwa,PK5062022,Charsadda,23,2024-01-12,2024-12-15,2.43,243,8.190000000000001,819,0.4379198675547707,0.689972195949131,7064
PAK,Pakistan,admin2,PK52022,Khyber Pakhtunkhwa,PK5052022,Buner,23,2024-01-12,2024-12-15,1.28,128,14.03,1403,0.2880391479088968,0.650479878569089,3876
PAK,Pakistan,admin2,PK52022,Khyber Pakhtunkhwa,PK5042022,Batagram,23,2024-01-12,2024-12-15,0.21,21,11.200000000000001,1120,0.4510218107578177,0.6361203146737521,4932
PAK,Pakistan,admin2,PK52022,Khyber Pakhtunkhwa,PK5032022,Bannu,23,2024-01-12,2024-12-15,3.94,394,19.22,1922,0.6184286569264716,0.792904842019482,1814
PAK,Pakistan,admin2,PK52022,Khyber Pakhtunkhwa,PK5022022,Bajaur,23,2024-01-12,2024-12-15,0.86,86,16.41,1641,0.1664820661692195,0.9943288409232096,3982
PAK,Pakistan,admin2,PK52022,Khyber Pakhtunkhwa,PK5012022,Abbottabad,23,2024-01-12,2024-12-15,0.23,23,3.62,362,0.2304459807509828,0.1825592167930747,4262
PAK,Pakistan,admin2,PK42022,Islamabad,PK4012022,Islamabad,23,2024-01-12,2024-12-15,0.22,22,6.129999999999999,613,0.0831618336695137,0.5644173657627094,9551
PAK,Pakistan,admin2,PK32022,Gilgit Baltistan,PK3142022,Rondu,23,2024-01-12,2024-12-15,0.22,22,31.61,3161,3.966121825688592,1.628965558217096,891
PAK,Pakistan,admin2,PK32022,Gilgit Baltistan,PK3132022,Gupis-Yasin,23,2024-01-12,2024-12-15,2.03,203,105.84,10584,5.79337899543379,1.1029468015866815,2669
PAK,Pakistan,admin2,PK32022,Gilgit Baltistan,PK3122022,Tangir,23,2024-01-12,2024-12-15,1.31,131,9.18,918,10.033068127551068,0.716165406460504,552
PAK,Pakistan,admin2,PK32022,Gilgit Baltistan,PK3112022,Darel,23,2024-01-12,2024-12-15,0.36,36,43.22,4322,1.877646192550776,2.135624426810658,1053
PAK,Pakistan,admin2,PK32022,Gilgit Baltistan,PK3102022,Shigar,23,2024-01-12,2024-12-15,0.09,9,124.28999999999999,12429,0.4652049029961628,1.1819750276707672,1412
PAK,Pakistan,admin2,PK32022,Gilgit Baltistan,PK3092022,Kharmang,23,2024-01-12,2024-12-15,0.59,59,93.07,9307,30.729166666666668,1.319685923774975,3567
PAK,Pakistan,admin2,PK32022,Gilgit Baltistan,PK3082022,Nagar,23,2024-01-12,2024-12-15,0.17,17,54.17,5417,3.84356214423776,1.4421351135384035,2994
PAK,Pakistan,admin2,PK32022,Gilgit Baltistan,PK3072022,Skardu,23,2024-01-12,2024-12-15,1.56,156,99.93,9993,6.837166133855832,4.067846205285505,6432
PAK,Pakistan,admin2,PK32022,Gilgit Baltistan,PK3062022,Hunza,23,2024-01-12,2024-12-15,0,0,199.70999999999998,19971,0,1.401774611995688,1292
PAK,Pakistan,admin2,PK32022,Gilgit Baltistan,PK3052022,Gilgit,23,2024-01-12,2024-12-15,0.9,90,80.63,8063,5.459658004167896,1.622723273231173,3650
PAK,Pakistan,admin2,PK32022,Gilgit Baltistan,PK3042022,Ghizer,23,2024-01-12,2024-12-15,1.33,133,77.06,7706,7.233379117363523,1.4320354543536413,2301
PAK,Pakistan,admin2,PK32022,Gilgit Baltistan,PK3032022,Ghanche,23,2024-01-12,2024-12-15,1.26,126,175.93,17593,13.680781758957655,1.6524433022988096,5730
PAK,Pakistan,admin2,PK32022,Gilgit Baltistan,PK3022022,Diamir,23,2024-01-12,2024-12-15,0.8,80,154.67000000000002,15467,3.9138943248532287,3.163578670550276,2572
PAK,Pakistan,admin2,PK32022,Gilgit Baltistan,PK3012022,Astore,23,2024-01-12,2024-12-15,0.72,72,62.09,6209,3.7422037422037424,1.090028268330104,2011
PAK,Pakistan,admin2,PK22022,Balochistan,PK2362022,Usta Muhammad,23,2024-01-12,2024-12-15,45.28,4528,64.63,6463,4.710937527731282,5.747285369153313,6294
PAK,Pakistan,admin2,PK22022,Balochistan,PK2352022,Chaman,23,2024-01-12,2024-12-15,0,0,8.07,807,0,0.43845531713443237,287
PAK,Pakistan,admin2,PK22022,Balochistan,PK2342022,Duki,23,2024-01-12,2024-12-15,0.07,7,10.06,1006,0.0156848809873408,0.19999585086376526,173
PAK,Pakistan,admin2,PK22022,Balochistan,PK2332022,Shaheed Sikandarabad,23,2024-01-12,2024-12-15,0.17,17,3.29,329,0.0600181341988866,0.07804577219181943,75
PAK,Pakistan,admin2,PK22022,Balochistan,PK2322022,Ziarat,23,2024-01-12,2024-12-15,0.09,9,37.66,3766,0.0848559648566895,0.9903951175613223,906
PAK,Pakistan,admin2,PK22022,Balochistan,PK2312022,Zhob,23,2024-01-12,2024-12-15,0.71,71,61.45,6145,0.338727149247616,0.4383409747380118,750
PAK,Pakistan,admin2,PK22022,Balochistan,PK2302022,Washuk,23,2024-01-12,2024-12-15,0,0,548.48,54848,0,1.2455440382488123,1439
PAK,Pakistan,admin2,PK22022,Balochistan,PK2292022,Sohbatpur,23,2024-01-12,2024-12-15,51.52,5152,107.95000000000002,10795,7.386061002468196,12.011893879304656,13722
PAK,Pakistan,admin2,PK22022,Balochistan,PK2282022,Sibi,23,2024-01-12,2024-12-15,0,0,37.03,3703,0,0.7327655125217009,239
PAK,Pakistan,admin2,PK22022,Balochistan,PK2272022,Sherani,23,2024-01-12,2024-12-15,0.07,7,47,4700,0.3678690592238272,1.3079395817690507,1052
PAK,Pakistan,admin2,PK22022,Balochistan,PK2262022,Quetta,23,2024-01-12,2024-12-15,0.07,7,27.22,2722,0.0386352597717987,0.6422467924833536,1048
PAK,Pakistan,admin2,PK22022,Balochistan,PK2252022,Pishin,23,2024-01-12,2024-12-15,0,0,10.91,1091,0,0.16595642629268775,225
PAK,Pakistan,admin2,PK22022,Balochistan,PK2242022,Panjgur,23,2024-01-12,2024-12-15,0,0,22.06,2206,0,0.11274528472955525,242
PAK,Pakistan,admin2,PK22022,Balochistan,PK2232022,Nushki,23,2024-01-12,2024-12-15,2.46,246,118.27,11827,1.1349799257097468,1.7503672937018175,2234
PAK,Pakistan,admin2,PK22022,Balochistan,PK2222022,Nasirabad,23,2024-01-12,2024-12-15,39.77,3977,41.38000000000001,4138,1.442068575907531,1.1225596065438106,4040
PAK,Pakistan,admin2,PK22022,Balochistan,PK2212022,Musakhel,23,2024-01-12,2024-12-15,0,0,14.479999999999999,1448,0,0.21645781200077407,315
PAK,Pakistan,admin2,PK22022,Balochistan,PK2202022,Mastung,23,2024-01-12,2024-12-15,0,0,8.51,851,0,0.1740079029681798,107
PAK,Pakistan,admin2,PK22022,Balochistan,PK2192022,Loralai,23,2024-01-12,2024-12-15,0.02,2,10.99,1099,0.0071256886244528,0.24899034501721712,349
PAK,Pakistan,admin2,PK22022,Balochistan,PK2182022,Lehri,23,2024-01-12,2024-12-15,1.81,181,6.52,652,0.1111141631762583,0.17497099944611466,77
PAK,Pakistan,admin2,PK22022,Balochistan,PK2172022,Lasbela,23,2024-01-12,2024-12-15,1.44,144,196.5,19650,0.1505460183550526,1.253257083412412,1853
PAK,Pakistan,admin2,PK22022,Balochistan,PK2162022,Kohlu,23,2024-01-12,2024-12-15,0,0,26.43,2643,0,0.30658393207606904,297
PAK,Pakistan,admin2,PK22022,Balochistan,PK2152022,Killa Saifullah,23,2024-01-12,2024-12-15,0.07,7,101.67,10167,0.0089041549281055,0.700600630833365,1393
PAK,Pakistan,admin2,PK22022,Balochistan,PK2142022,Killa Abdullah,23,2024-01-12,2024-12-15,0.04,4,1.2,120,0.019298992479069,0.03470830510873235,9
PAK,Pakistan,admin2,PK22022,Balochistan,PK2132022,Khuzdar,23,2024-01-12,2024-12-15,0.33,33,189.76,18976,0.0239988679036716,0.5420500087621272,1709
PAK,Pakistan,admin2,PK22022,Balochistan,PK2122022,Kharan,23,2024-01-12,2024-12-15,0,0,103.19000000000001,10319,0,1.155652311752815,893
PAK,Pakistan,admin2,PK22022,Balochistan,PK2112022,Kech,23,2024-01-12,2024-12-15,1.42,142,276.45,27645,0.5888269237492713,1.0133405873798262,2755
PAK,Pakistan,admin2,PK22022,Balochistan,PK2102022,Kalat,23,2024-01-12,2024-12-15,0,0,44.54,4454,0,0.39902903461903044,448
PAK,Pakistan,admin2,PK22022,Balochistan,PK2092022,Kachhi,23,2024-01-12,2024-12-15,0.94,94,11.940000000000001,1194,0.0638245134219596,0.19346964491009494,214
PAK,Pakistan,admin2,PK22022,Balochistan,PK2082022,Jhal Magsi,23,2024-01-12,2024-12-15,15.48,1548,22.150000000000002,2215,0.9045793038240886,0.5028850327133237,1069
PAK,Pakistan,admin2,PK22022,Balochistan,PK2072022_1,Jaffarabad,23,2024-01-12,2024-12-15,1.81,181,10.89,1089,0.2527340784101521,1.3381906142044087,1762
PAK,Pakistan,admin2,PK22022,Balochistan,PK2062022,Harnai,23,2024-01-12,2024-12-15,0.22,22,27.560000000000002,2756,0.2969108568815574,0.7762688778543934,312
PAK,Pakistan,admin2,PK22022,Balochistan,PK2052022,Gwadar,23,2024-01-12,2024-12-15,1.81,181,245.25000000000003,24525,6.951399693057033,1.9059638147579254,4141
PAK,Pakistan,admin2,PK22022,Balochistan,PK2042022,Dera Bugti,23,2024-01-12,2024-12-15,11.27,1127,24.72,2472,1.878738919911925,0.20937304491243122,2152
PAK,Pakistan,admin2,PK22022,Balochistan,PK2032022,Chagai,23,2024-01-12,2024-12-15,0.17,17,1646.22,164622,0.0658390638125571,3.2269078813492227,4928
PAK,Pakistan,admin2,PK22022,Balochistan,PK2012022,Awaran,23,2024-01-12,2024-12-15,1.88,188,154.89,15489,0.6743870905936507,0.5539216643234676,589
PAK,Pakistan,admin2,PK12022,Azad Kashmir,PK1102022,Sudhnoti,23,2024-01-12,2024-12-15,0,0,3.74,374,0,0.557332033963301,1697
PAK,Pakistan,admin2,PK12022,Azad Kashmir,PK1092022,Poonch,23,2024-01-12,2024-12-15,0.01,1,3.0599999999999996,306,0.0837086544900665,0.3548883954905747,1132
PAK,Pakistan,admin2,PK12022,Azad Kashmir,PK1082022,Neelum,23,2024-01-12,2024-12-15,0.37,37,23.22,2322,4.068265801989504,0.6061782639529948,1269
PAK,Pakistan,admin2,PK12022,Azad Kashmir,PK1072022,Muzaffarabad,23,2024-01-12,2024-12-15,0.19,19,6.63,663,1.1569403286235875,0.40126742261067727,3096
PAK,Pakistan,admin2,PK12022,Azad Kashmir,PK1062022,Mirpur,23,2024-01-12,2024-12-15,3.97,397,26.56,2656,1.6255020534939262,2.4702039490219176,5431
PAK,Pakistan,admin2,PK12022,Azad Kashmir,PK1052022,Kotli,23,2024-01-12,2024-12-15,0.62,62,25.61,2561,0.3475469254297512,1.3329420433562384,7023
PAK,Pakistan,admin2,PK12022,Azad Kashmir,PK1042022,Haveli,23,2024-01-12,2024-12-15,0,0,0.68,68,0,0.10375362546820016,140
PAK,Pakistan,admin2,PK12022,Azad Kashmir,PK1032022,Jhelum Valley,23,2024-01-12,2024-12-15,0.12,12,3.1,310,0.8741833099551196,0.3758958732767275,580
PAK,Pakistan,admin2,PK12022,Azad Kashmir,PK1022022,Bhimber,23,2024-01-12,2024-12-15,0.43,43,9.259999999999998,926,0.1217047590168075,0.6384349348741201,1999
PAK,Pakistan,admin2,PK12022,Azad Kashmir,PK1012022,Bagh,23,2024-01-12,2024-12-15,0,0,1.81,181,0,0.22017150718809547,677
PAK,Pakistan,admin2,PK62022,Punjab,PK6012022,Attock,23,2024-01-12,2024-12-15,3.19,319,60.03,6003,0.093572835158898,0.722624685360399,9476
PAK,Pakistan,admin2,PK52022,Khyber Pakhtunkhwa,PK5352022,Upper Dir,23,2024-01-12,2024-12-15,0.57,57,48.03,4803,0.5740779798142571,1.0711181093371562,7801
PAK,Pakistan,admin2,PK52022,Khyber Pakhtunkhwa,PK5342022,Tor Ghar,23,2024-01-12,2024-12-15,2.43,243,35.51,3551,17.917141353566077,6.420855959546061,18005
PAK,Pakistan,admin2,PK52022,Khyber Pakhtunkhwa,PK5332022,Tank,23,2024-01-12,2024-12-15,0,0,0.64,64,0,0.025395186526011103,16
PAK,Pakistan,admin2,PK52022,Khyber Pakhtunkhwa,PK5322022,Swat,23,2024-01-12,2024-12-15,0.48,48,19.570000000000004,1957,0.1463158703827868,0.2981657015249806,5793
PAK,Pakistan,admin2,PK52022,Khyber Pakhtunkhwa,PK5312022,Swabi,23,2024-01-12,2024-12-15,0.86,86,16.189999999999998,1619,0.0929850516671249,0.9029115855905592,13492
PAK,Pakistan,admin2,PK52022,Khyber Pakhtunkhwa,PK5302022,South Waziristan,23,2024-01-12,2024-12-15,0.18,18,42.26,4226,0.0919080471001709,0.5733546830712203,1396
PAK,Pakistan,admin2,PK52022,Khyber Pakhtunkhwa,PK5292022,Shangla,23,2024-01-12,2024-12-15,1.45,145,21.749999999999996,2175,3.821654075965904,1.2954260698093853,9737
PAK,Pakistan,admin2,PK62022,Punjab,PK6022022,Bahawalnagar,23,2024-01-12,2024-12-15,31.2,3120,56.21,5621,0.4863620498905983,0.567824092160355,22276
PAK,Pakistan,admin2,PK62022,Punjab,PK6032022,Bahawalpur,23,2024-01-12,2024-12-15,7.61,761,15.120000000000001,1512,0.1095612667331891,0.05506846307831557,6914
PAK,Pakistan,admin2,PK62022,Punjab,PK6042022,Bhakkar,23,2024-01-12,2024-12-15,8.96,896,45.14,4514,0.2102682059867526,0.45208507021369315,4242
PAK,Pakistan,admin2,PK62022,Punjab,PK6052022,Chakwal,23,2024-01-12,2024-12-15,1.93,193,22.73,2273,0.0590903053790343,0.29337281285497635,6162
PAK,Pakistan,admin2,PK62022,Punjab,PK6062022,Chiniot,23,2024-01-12,2024-12-15,0.44,44,1.2,120,0.0192130696546723,0.04688254013156924,865
PAK,Pakistan,admin2,PK62022,Punjab,PK6072022,Dera Ghazi Khan,23,2024-01-12,2024-12-15,91.26,9126,226.5,22650,1.9184261520808008,1.6546918155795718,43881
PAK,Pakistan,admin2,PK62022,Punjab,PK6082022,Faisalabad,23,2024-01-12,2024-12-15,8.07,807,20.07,2007,0.1623279377893804,0.28763161948946414,9467
PAK,Pakistan,admin2,PK72022,Sindh,PK7292022,West Karachi,23,2024-01-12,2024-12-15,0,0,0.07,7,0,0.0697114220505234,14
PAK,Pakistan,admin2,PK72022,Sindh,PK7282022,Umer Kot,23,2024-01-12,2024-12-15,23.74,2374,50.05,5005,1.2372781817559746,0.8202125987971302,12134
PAK,Pakistan,admin2,PK72022,Sindh,PK7272022,Thatta,23,2024-01-12,2024-12-15,156.23,15623,834,83400,7.851978024438451,9.883950146446708,79321
PAK,Pakistan,admin2,PK72022,Sindh,PK7262022,Tharparkar,23,2024-01-12,2024-12-15,16.1,1610,325.42,32542,0.4675036083922403,1.4945027948350036,11749
PAK,Pakistan,admin2,PK72022,Sindh,PK7252022,Tando Muhammad Khan,23,2024-01-12,2024-12-15,62.37,6237,120.87999999999998,12088,4.5028719616263295,6.5050449320060375,28572
PAK,Pakistan,admin2,PK72022,Sindh,PK7242022,Tando Allahyar,23,2024-01-12,2024-12-15,15.15,1515,30.65,3065,1.4115136325745907,1.7844481193927144,8117
PAK,Pakistan,admin2,PK72022,Sindh,PK7232022,Sukkur,23,2024-01-12,2024-12-15,31.91,3191,138.23,13823,1.9254376770746369,2.358435476959855,37075
PAK,Pakistan,admin2,PK72022,Sindh,PK7222022,Sujawal,23,2024-01-12,2024-12-15,335.18,33518,1545.6399999999999,154564,12.90845788686012,16.15013056858751,117448
PAK,Pakistan,admin2,PK72022,Sindh,PK7212022,South Karachi,23,2024-01-12,2024-12-15,0,0,20.330000000000002,2033,0,3.728488720533188,45094
PAK,Pakistan,admin2,PK72022,Sindh,PK7202022,Shikarpur,23,2024-01-12,2024-12-15,111.81,11181,224.66,22466,5.195225921641914,7.747805229408438,54641
PAK,Pakistan,admin2,PK72022,Sindh,PK7192022,Shaheed Benazir Abad,23,2024-01-12,2024-12-15,107.35,10735,281.30999999999995,28131,3.542835602566062,5.478419274833409,61585
PAK,Pakistan,admin2,PK72022,Sindh,PK7182022,Sanghar,23,2024-01-12,2024-12-15,66.23,6623,391.13000000000005,39113,1.6827577337019204,3.4475317193923827,64973
PAK,Pakistan,admin2,PK72022,Sindh,PK7172022,Naushahro Feroze,23,2024-01-12,2024-12-15,76.74,7674,178.16,17816,3.046950855256666,5.212027941759943,56248
PAK,Pakistan,admin2,PK72022,Sindh,PK7162022,Mirpur Khas,23,2024-01-12,2024-12-15,29.32,2932,70.53,7053,1.2580046658872448,1.8327949740442309,15901
PAK,Pakistan,admin2,PK72022,Sindh,PK7152022,Matiari,23,2024-01-12,2024-12-15,55.14,5514,114.24,11424,4.901974797852417,7.027337145275517,30864
PAK,Pakistan,admin2,PK72022,Sindh,PK7142022,Malir Karachi,23,2024-01-12,2024-12-15,3,300,140.67000000000002,14067,1.2130589843191912,4.651043593210258,31068
PAK,Pakistan,admin2,PK72022,Sindh,PK7132022,Larkana,23,2024-01-12,2024-12-15,43.69,4369,110.8,11080,2.8403047606383,5.09529439445661,37473
PAK,Pakistan,admin2,PK72022,Sindh,PK7122022,Korangi Karachi,23,2024-01-12,2024-12-15,0,0,2.37,237,0,2.2248376330540154,6293
PAK,Pakistan,admin2,PK72022,Sindh,PK7112022,Khairpur,23,2024-01-12,2024-12-15,102.85,10285,326.55,32655,3.206111618220896,1.8133519146142612,89833
PAK,Pakistan,admin2,PK72022,Sindh,PK7102022,Kashmore,23,2024-01-12,2024-12-15,196.57,19657,412.37,41237,9.28890478878846,13.837185813638072,91667
PAK,Pakistan,admin2,PK72022,Sindh,PK7092022,Kambar Shahdad Kot,23,2024-01-12,2024-12-15,233.25,23325,341.19000000000005,34119,6.794600208139856,5.379646510148991,33395
PAK,Pakistan,admin2,PK72022,Sindh,PK7082022,Jamshoro,23,2024-01-12,2024-12-15,36.67,3667,126.34,12634,2.3230012236259303,1.0090897035946726,31312
PAK,Pakistan,admin2,PK72022,Sindh,PK7072022,Jacobabad,23,2024-01-12,2024-12-15,223.4,22340,365.94,36594,9.078347347159868,11.93839851002575,79355
PAK,Pakistan,admin2,PK72022,Sindh,PK7062022,Hyderabad,23,2024-01-12,2024-12-15,23.98,2398,66.9,6690,4.61368664414335,5.908898532059809,94682
PAK,Pakistan,admin2,PK72022,Sindh,PK7052022,Ghotki,23,2024-01-12,2024-12-15,51.48,5148,206.19,20619,1.6613857126751663,2.85308570641039,24464
PAK,Pakistan,admin2,PK72022,Sindh,PK7032022,Dadu,23,2024-01-12,2024-12-15,177.65,17765,290.64000000000004,29064,5.2727313549790935,3.2208774003942042,68600
PAK,Pakistan,admin2,PK72022,Sindh,PK7012022,Badin,23,2024-01-12,2024-12-15,264.37,26437,561.25,56125,5.304364188732694,7.719885936933903,98935
PAK,Pakistan,admin2,PK62022,Punjab,PK6362022,Vehari,23,2024-01-12,2024-12-15,2.49,249,5.94,594,0.0550083597632497,0.11393202159844852,3034
PAK,Pakistan,admin2,PK62022,Punjab,PK6352022,Toba Tek Singh,23,2024-01-12,2024-12-15,2.77,277,5.5,550,0.0995289526531749,0.16123839919896094,2233
PAK,Pakistan,admin2,PK62022,Punjab,PK6342022,Sialkot,23,2024-01-12,2024-12-15,5.25,525,13.61,1361,0.1715823817480178,0.37341127117479295,9210
PAK,Pakistan,admin2,PK62022,Punjab,PK6332022,Sheikhupura,23,2024-01-12,2024-12-15,2.55,255,7.26,726,0.0713266503580104,0.16965404284676838,2299
PAK,Pakistan,admin2,PK62022,Punjab,PK6322022,Sargodha,23,2024-01-12,2024-12-15,18.29,1829,64.1,6410,0.3872735981041594,0.9261423843499567,24443
PAK,Pakistan,admin2,PK62022,Punjab,PK6312022,Sahiwal,23,2024-01-12,2024-12-15,0.72,72,2.69,269,0.0230355783252572,0.07151856075816858,4355
PAK,Pakistan,admin2,PK62022,Punjab,PK6302022,Rawalpindi,23,2024-01-12,2024-12-15,2.93,293,54.599999999999994,5460,0.128762512035887,0.869299923046072,11513
PAK,Pakistan,admin2,PK62022,Punjab,PK6292022,Rajanpur,23,2024-01-12,2024-12-15,88.9,8890,203.22,20322,1.6244336257151433,1.4051230893422777,28837
PAK,Pakistan,admin2,PK62022,Punjab,PK6282022,Rahim Yar Khan,23,2024-01-12,2024-12-15,49.77,4977,197.63,19763,0.7149639604668451,1.347850717472986,27546
PAK,Pakistan,admin2,PK62022,Punjab,PK6272022,Pakpattan,23,2024-01-12,2024-12-15,0.18,18,0.18,18,0.0060865693958618,0.0060865693958618,58
PAK,Pakistan,admin2,PK62022,Punjab,PK6262022,Okara,23,2024-01-12,2024-12-15,4.82,482,8.45,845,0.1078677826911499,0.16320390484173544,4201
PAK,Pakistan,admin2,PK62022,Punjab,PK6252022,Narowal,23,2024-01-12,2024-12-15,0.71,71,0.73,73,0.0286419886364472,0.02906988728848082,366
PAK,Pakistan,admin2,PK62022,Punjab,PK6242022,Nankana Sahib,23,2024-01-12,2024-12-15,7.61,761,13.959999999999999,1396,0.3522895443720074,0.5411115167479845,4820
PAK,Pakistan,admin2,PK62022,Punjab,PK6232022,Muzaffargarh,23,2024-01-12,2024-12-15,133.88,13388,357.76,35776,2.3627386657143576,4.014252045066769,118115
PAK,Pakistan,admin2,PK62022,Punjab,PK6222022,Multan,23,2024-01-12,2024-12-15,14.99,1499,40.78,4078,0.5109112557260239,0.9653672043736657,18326
PAK,Pakistan,admin2,PK62022,Punjab,PK6212022,Mianwali,23,2024-01-12,2024-12-15,69.96,6996,216.62,21662,1.9494854464526357,3.0507988234226104,31535
PAK,Pakistan,admin2,PK62022,Punjab,PK6202022,Mandi Bahauddin,23,2024-01-12,2024-12-15,32.43,3243,93.99,9399,1.2929316624488771,2.8851963675304937,51421
PAK,Pakistan,admin2,PK62022,Punjab,PK6192022,Lodhran,23,2024-01-12,2024-12-15,3.93,393,4.3999999999999995,440,0.1427432420906582,0.1433329374005785,1819
PAK,Pakistan,admin2,PK62022,Punjab,PK6182022,Leiah,23,2024-01-12,2024-12-15,69.84,6984,142.78,14278,1.5565706883961248,1.9029054774147083,20582
PAK,Pakistan,admin2,PK62022,Punjab,PK6172022,Lahore,23,2024-01-12,2024-12-15,1.29,129,3.13,313,0.1271672063782846,0.15385877281749288,9206
PAK,Pakistan,admin2,PK62022,Punjab,PK6162022,Khushab,23,2024-01-12,2024-12-15,3.44,344,16.32,1632,0.1072824309670516,0.2086655614719135,3932
PAK,Pakistan,admin2,PK62022,Punjab,PK6152022,Khanewal,23,2024-01-12,2024-12-15,10.57,1057,50.730000000000004,5073,0.2588661525179996,1.0015573354653389,20139
PAK,Pakistan,admin2,PK62022,Punjab,PK6142022,Kasur,23,2024-01-12,2024-12-15,1.91,191,9.379999999999999,938,0.0520686643551053,0.2009316072709876,4562
PAK,Pakistan,admin2,PK62022,Punjab,PK6132022,Jhelum,23,2024-01-12,2024-12-15,10.72,1072,57.540000000000006,5754,0.6536971300385944,1.350978015106347,24092
PAK,Pakistan,admin2,PK62022,Punjab,PK6122022,Jhang,23,2024-01-12,2024-12-15,9.93,993,35.989999999999995,3599,0.1897365514932367,0.48377881201199147,10498
PAK,Pakistan,admin2,PK62022,Punjab,PK6112022,Hafizabad,23,2024-01-12,2024-12-15,22.22,2222,46.83,4683,0.9403412312968572,1.7382525682808496,19643
PAK,Pakistan,admin2,PK62022,Punjab,PK6102022,Gujrat,23,2024-01-12,2024-12-15,10.36,1036,38.11,3811,0.3981302556569517,1.009119452171618,19950
PAK,Pakistan,admin2,PK62022,Punjab,PK6092022,Gujranwala,23,2024-01-12,2024-12-15,29.54,2954,81.31,8131,0.8282634583053412,1.896461032425081,46181
PAK,Pakistan,admin2,PK22022,Balochistan,PK2112022,Kech,22,2024-11-16,2024-11-30,1.6,160,227.13,22713,0.6634669563372071,0.8325557880686559,2761
PAK,Pakistan,admin2,PK22022,Balochistan,PK2102022,Kalat,22,2024-11-16,2024-11-30,0,0,33.97,3397,0,0.3043335497532209,346
PAK,Pakistan,admin2,PK22022,Balochistan,PK2092022,Kachhi,22,2024-11-16,2024-11-30,0.76,76,8.950000000000001,895,0.0516027980858397,0.14502121624332912,185
PAK,Pakistan,admin2,PK22022,Balochistan,PK2082022,Jhal Magsi,22,2024-11-16,2024-11-30,8.49,849,9.81,981,0.4961161685701882,0.2227224456396248,482
PAK,Pakistan,admin2,PK22022,Balochistan,PK2072022_1,Jaffarabad,22,2024-11-16,2024-11-30,3.18,318,11.629999999999999,1163,0.4440300383117591,1.429123677061274,1595
PAK,Pakistan,admin2,PK22022,Balochistan,PK2062022,Harnai,22,2024-11-16,2024-11-30,0,0,14.44,1444,0,0.4153937416446315,135
PAK,Pakistan,admin2,PK22022,Balochistan,PK2052022,Gwadar,22,2024-11-16,2024-11-30,2.01,201,304.84999999999997,30485,7.719510156378255,2.3691460506787094,4448
PAK,Pakistan,admin2,PK22022,Balochistan,PK2042022,Dera Bugti,22,2024-11-16,2024-11-30,4.94,494,14.66,1466,0.8235111148504802,0.1241670242077769,1524
PAK,Pakistan,admin2,PK22022,Balochistan,PK2032022,Chagai,22,2024-11-16,2024-11-30,0.04,4,1614.9699999999998,161497,0.015491544426484,3.1656518698245395,4934
PAK,Pakistan,admin2,PK22022,Balochistan,PK2022022,Barkhan,22,2024-11-16,2024-11-30,0,0,0.12,12,0,0.0061866591488649,4
PAK,Pakistan,admin2,PK22022,Balochistan,PK2012022,Awaran,22,2024-11-16,2024-11-30,1.83,183,155.43,15543,0.6564512637161599,0.5558528264303477,620
PAK,Pakistan,admin2,PK12022,Azad Kashmir,PK1102022,Sudhnoti,22,2024-11-16,2024-11-30,0,0,1.02,102,0,0.15201842596579898,413
PAK,Pakistan,admin2,PK12022,Azad Kashmir,PK1092022,Poonch,22,2024-11-16,2024-11-30,0,0,0.53,53,0,0.06312374102816154,154
PAK,Pakistan,admin2,PK12022,Azad Kashmir,PK1082022,Neelum,22,2024-11-16,2024-11-30,0.28,28,31.19,3119,3.078687633938004,0.8142420349997382,1472
PAK,Pakistan,admin2,PK12022,Azad Kashmir,PK1072022,Muzaffarabad,22,2024-11-16,2024-11-30,0.13,13,9.57,957,0.7915907511635073,0.5808076228349758,5380
PAK,Pakistan,admin2,PK12022,Azad Kashmir,PK1062022,Mirpur,22,2024-11-16,2024-11-30,5.84,584,30.43,3043,2.3911667487165063,2.830132009365096,6069
PAK,Pakistan,admin2,PK12022,Azad Kashmir,PK1052022,Kotli,22,2024-11-16,2024-11-30,0.62,62,27.1,2710,0.3475469254297512,1.4104931423254223,7930
PAK,Pakistan,admin2,PK12022,Azad Kashmir,PK1042022,Haveli,22,2024-11-16,2024-11-30,0,0,0.48999999999999994,49,0,0.07428221797250387,107
PAK,Pakistan,admin2,PK12022,Azad Kashmir,PK1032022,Jhelum Valley,22,2024-11-16,2024-11-30,0.07,7,5.09,509,0.5099402641404864,0.6159871919085204,956
PAK,Pakistan,admin2,PK12022,Azad Kashmir,PK1022022,Bhimber,22,2024-11-16,2024-11-30,0.19,19,3.4899999999999993,349,0.0537765214260312,0.24061964608106684,740
PAK,Pakistan,admin2,PK12022,Azad Kashmir,PK1012022,Bagh,22,2024-11-16,2024-11-30,0,0,0.69,69,0,0.08403932897306375,149
PAK,Pakistan,admin2,PK32022,Gilgit Baltistan,PK3072022,Skardu,22,2024-11-16,2024-11-30,1.13,113,99.28999999999999,9929,4.952562648241725,4.041793752854976,6186
PAK,Pakistan,admin2,PK32022,Gilgit Baltistan,PK3062022,Hunza,22,2024-11-16,2024-11-30,0,0,194.28000000000003,19428,0,1.3636611667844487,1043
PAK,Pakistan,admin2,PK22022,Balochistan,PK2342022,Duki,22,2024-11-16,2024-11-30,0.08,8,4.7,470,0.0179255782712466,0.09343742535384654,95
PAK,Pakistan,admin2,PK22022,Balochistan,PK2332022,Shaheed Sikandarabad,22,2024-11-16,2024-11-30,0.24,24,3.13,313,0.0847314835748988,0.0742502331186611,73
PAK,Pakistan,admin2,PK22022,Balochistan,PK2322022,Ziarat,22,2024-11-16,2024-11-30,0.01,1,22.75,2275,0.0094284405396321,0.5982870133967095,561
PAK,Pakistan,admin2,PK22022,Balochistan,PK2312022,Zhob,22,2024-11-16,2024-11-30,0.92,92,44.879999999999995,4488,0.4389140525462067,0.32014227740019485,694
PAK,Pakistan,admin2,PK22022,Balochistan,PK2302022,Washuk,22,2024-11-16,2024-11-30,0,0,433.13,43313,0,0.9835955536878428,1196
PAK,Pakistan,admin2,PK22022,Balochistan,PK2292022,Sohbatpur,22,2024-11-16,2024-11-30,34.21,3421,85.97,8597,4.904447726988296,9.566118729076619,11394
PAK,Pakistan,admin2,PK22022,Balochistan,PK2282022,Sibi,22,2024-11-16,2024-11-30,0,0,28.55,2855,0,0.564959637658508,206
PAK,Pakistan,admin2,PK22022,Balochistan,PK2272022,Sherani,22,2024-11-16,2024-11-30,0.06,6,40.93,4093,0.3153163364775662,1.1390205762086647,1048
PAK,Pakistan,admin2,PK22022,Balochistan,PK2262022,Quetta,22,2024-11-16,2024-11-30,0.04,4,20.25,2025,0.0220772912981707,0.4777919745697247,905
PAK,Pakistan,admin2,PK22022,Balochistan,PK2252022,Pishin,22,2024-11-16,2024-11-30,0,0,4.87,487,0,0.0742764203577789,94
PAK,Pakistan,admin2,PK22022,Balochistan,PK2242022,Panjgur,22,2024-11-16,2024-11-30,0,0,19.73,1973,0,0.10083701122910814,220
PAK,Pakistan,admin2,PK22022,Balochistan,PK2232022,Nushki,22,2024-11-16,2024-11-30,1.84,184,112.67,11267,0.8489280745146074,1.6674886529245276,2106
PAK,Pakistan,admin2,PK22022,Balochistan,PK2222022,Nasirabad,22,2024-11-16,2024-11-30,2.14,214,2.16,216,0.0775968507025928,0.07737454622701388,152
PAK,Pakistan,admin2,PK22022,Balochistan,PK2212022,Musakhel,22,2024-11-16,2024-11-30,0,0,9.97,997,0,0.14903897690937257,217
PAK,Pakistan,admin2,PK22022,Balochistan,PK2202022,Mastung,22,2024-11-16,2024-11-30,0,0,5.5200000000000005,552,0,0.11286999111449503,46
PAK,Pakistan,admin2,PK22022,Balochistan,PK2192022,Loralai,22,2024-11-16,2024-11-30,0.01,1,3.95,395,0.0035628443122264,0.08949152527916354,137
PAK,Pakistan,admin2,PK22022,Balochistan,PK2182022,Lehri,22,2024-11-16,2024-11-30,0,0,1.61,161,0,0.07676256324848181,10
PAK,Pakistan,admin2,PK22022,Balochistan,PK2172022,Lasbela,22,2024-11-16,2024-11-30,1.32,132,203.91000000000003,20391,0.1380005168254649,1.3005173123594145,1923
PAK,Pakistan,admin2,PK22022,Balochistan,PK2162022,Kohlu,22,2024-11-16,2024-11-30,0,0,13.190000000000001,1319,0,0.1530019698858626,132
PAK,Pakistan,admin2,PK22022,Balochistan,PK2152022,Killa Saifullah,22,2024-11-16,2024-11-30,0.1,10,79.18,7918,0.012720221325865,0.5458775724989894,1012
PAK,Pakistan,admin2,PK22022,Balochistan,PK2142022,Killa Abdullah,22,2024-11-16,2024-11-30,0.04,4,1.64,164,0.019298992479069,0.047434683648600866,12
PAK,Pakistan,admin2,PK22022,Balochistan,PK2132022,Khuzdar,22,2024-11-16,2024-11-30,0.27,27,132.3,13230,0.0196354373757313,0.3779153465389408,1227
PAK,Pakistan,admin2,PK22022,Balochistan,PK2122022,Kharan,22,2024-11-16,2024-11-30,0.02,2,118.52,11852,0.0042550120496101,1.2610120283063422,950
PAK,Pakistan,admin2,PK32022,Gilgit Baltistan,PK3052022,Gilgit,22,2024-11-16,2024-11-30,0.72,72,59.800000000000004,5980,4.367726403334316,1.3588318106260557,2542
PAK,Pakistan,admin2,PK32022,Gilgit Baltistan,PK3042022,Ghizer,22,2024-11-16,2024-11-30,0.86,86,46.83,4683,4.677222587167391,0.8702598018087322,1441
PAK,Pakistan,admin2,PK32022,Gilgit Baltistan,PK3032022,Ghanche,22,2024-11-16,2024-11-30,1.18,118,197.54,19754,12.812160694896852,1.8554177794356086,6643
PAK,Pakistan,admin2,PK32022,Gilgit Baltistan,PK3022022,Diamir,22,2024-11-16,2024-11-30,0.59,59,134.98000000000002,13498,2.886497064579256,2.7608446948398284,2447
PAK,Pakistan,admin2,PK32022,Gilgit Baltistan,PK3012022,Astore,22,2024-11-16,2024-11-30,0.3,30,51.26,5126,1.5592515592515594,0.9003340168739702,1677
PAK,Pakistan,admin2,PK22022,Balochistan,PK2362022,Usta Muhammad,22,2024-11-16,2024-11-30,25.28,2528,37.84,3784,2.63013473279697,3.3649586626761785,4035
PAK,Pakistan,admin2,PK22022,Balochistan,PK2352022,Chaman,22,2024-11-16,2024-11-30,0,0,3.66,366,0,0.19931550617403995,104
PAK,Pakistan,admin2,PK72022,Sindh,PK7292022,West Karachi,22,2024-11-16,2024-11-30,0,0,0.38,38,0,0.2568711031937905,45
PAK,Pakistan,admin2,PK72022,Sindh,PK7282022,Umer Kot,22,2024-11-16,2024-11-30,19.73,1973,41.41,4141,1.0282855318468989,0.6786214528709121,9403
PAK,Pakistan,admin2,PK72022,Sindh,PK7272022,Thatta,22,2024-11-16,2024-11-30,144.96,14496,979.8399999999999,97984,7.285558051735248,11.612337783566353,81350
PAK,Pakistan,admin2,PK72022,Sindh,PK7262022,Tharparkar,22,2024-11-16,2024-11-30,14.58,1458,360.41,36041,0.42336662176142,1.6551956004132613,11607
PAK,Pakistan,admin2,PK32022,Gilgit Baltistan,PK3082022,Nagar,22,2024-11-16,2024-11-30,0.03,3,28.47,2847,0.6782756725125458,0.7933418144709763,2659
PAK,Pakistan,admin2,PK32022,Gilgit Baltistan,PK3092022,Kharmang,22,2024-11-16,2024-11-30,0.55,55,162.1,16210,28.64583333333333,2.22280141088724,5691
PAK,Pakistan,admin2,PK32022,Gilgit Baltistan,PK3102022,Shigar,22,2024-11-16,2024-11-30,0.23,23,103.3,10330,1.188856974323527,0.9823639903322094,1323
PAK,Pakistan,admin2,PK32022,Gilgit Baltistan,PK3112022,Darel,22,2024-11-16,2024-11-30,0.22,22,38.01,3801,1.1474504510032522,2.295594172970074,879
PAK,Pakistan,admin2,PK32022,Gilgit Baltistan,PK3122022,Tangir,22,2024-11-16,2024-11-30,0.77,77,6.91,691,5.897299586423146,0.5383478225853906,335
PAK,Pakistan,admin2,PK32022,Gilgit Baltistan,PK3132022,Gupis-Yasin,22,2024-11-16,2024-11-30,0.63,63,52.870000000000005,5287,1.797945205479452,0.5509448926503068,1215
PAK,Pakistan,admin2,PK32022,Gilgit Baltistan,PK3142022,Rondu,22,2024-11-16,2024-11-30,0.12,12,29.55,2955,2.163339177648323,1.5228070941257574,960
PAK,Pakistan,admin2,PK42022,Islamabad,PK4012022,Islamabad,22,2024-11-16,2024-11-30,0.61,61,6.18,618,0.2305850842654698,0.5690210963154234,10054
PAK,Pakistan,admin2,PK52022,Khyber Pakhtunkhwa,PK5012022,Abbottabad,22,2024-11-16,2024-11-30,0.04,4,7.010000000000001,701,0.0400775618697361,0.35351936732581607,1920
PAK,Pakistan,admin2,PK52022,Khyber Pakhtunkhwa,PK5022022,Bajaur,22,2024-11-16,2024-11-30,0.56,56,11.16,1116,0.1084069268078638,0.676216323260391,3337
PAK,Pakistan,admin2,PK52022,Khyber Pakhtunkhwa,PK5032022,Bannu,22,2024-11-16,2024-11-30,2.54,254,14.73,1473,0.3986824336531062,0.6076736900596756,738
PAK,Pakistan,admin2,PK52022,Khyber Pakhtunkhwa,PK5042022,Batagram,22,2024-11-16,2024-11-30,0.29,29,13.79,1379,0.6228396434274626,0.7832231374420571,5947
PAK,Pakistan,admin2,PK52022,Khyber Pakhtunkhwa,PK5052022,Buner,22,2024-11-16,2024-11-30,0.47,47,11.210000000000003,1121,0.105764374622798,0.5197636276011931,2549
PAK,Pakistan,admin2,PK52022,Khyber Pakhtunkhwa,PK5062022,Charsadda,22,2024-11-16,2024-11-30,1.75,175,8.55,855,0.3153743902143411,0.705661403057805,7469
PAK,Pakistan,admin2,PK52022,Khyber Pakhtunkhwa,PK5072022,Chitral Lower,22,2024-11-16,2024-11-30,0.54,54,72.95,7295,1.900983210052432,1.0472081825885435,6373
PAK,Pakistan,admin2,PK52022,Khyber Pakhtunkhwa,PK5082022,Chitral Upper,22,2024-11-16,2024-11-30,0.42,42,56.4,5640,1.9073569482288828,0.5254722221232678,2238
PAK,Pakistan,admin2,PK52022,Khyber Pakhtunkhwa,PK5092022,D. I. Khan,22,2024-11-16,2024-11-30,43.7,4370,151.57,15157,1.053411842001515,1.4222338740902118,17709
PAK,Pakistan,admin2,PK52022,Khyber Pakhtunkhwa,PK5102022,Hangu,22,2024-11-16,2024-11-30,0.07,7,2.29,229,0.0238754815390362,0.14154916231838352,614
PAK,Pakistan,admin2,PK52022,Khyber Pakhtunkhwa,PK5112022,Haripur,22,2024-11-16,2024-11-30,12.19,1219,90.27,9027,2.4292113989481825,3.8203567239637617,15319
PAK,Pakistan,admin2,PK52022,Khyber Pakhtunkhwa,PK5122022,Karak,22,2024-11-16,2024-11-30,0.1,10,9.73,973,0.0254286370729185,0.3146417105735033,1246
PAK,Pakistan,admin2,PK52022,Khyber Pakhtunkhwa,PK5132022,Khyber,22,2024-11-16,2024-11-30,0.2,20,47.27000000000001,4727,0.1206348515505362,1.4235017537313448,7014
PAK,Pakistan,admin2,PK52022,Khyber Pakhtunkhwa,PK5142022,Kohat,22,2024-11-16,2024-11-30,1.59,159,83.28,8328,0.239116780637114,2.0147471667534966,11888
PAK,Pakistan,admin2,PK52022,Khyber Pakhtunkhwa,PK5152022,Kohistan Lower,22,2024-11-16,2024-11-30,0,0,7.6,760,0,0.7695558923917847,2560
PAK,Pakistan,admin2,PK52022,Khyber Pakhtunkhwa,PK5162022,Kohistan Upper,22,2024-11-16,2024-11-30,0.14,14,64.84,6484,0.9681881051175656,1.0376441953562283,4398
PAK,Pakistan,admin2,PK52022,Khyber Pakhtunkhwa,PK5172022,Kolai Palas Kohistan,22,2024-11-16,2024-11-30,0.24,24,14.27,1427,2.4453296999676355,0.9981692891932472,4598
PAK,Pakistan,admin2,PK52022,Khyber Pakhtunkhwa,PK5182022,Kurram,22,2024-11-16,2024-11-30,0.82,82,21.160000000000004,2116,0.3036919706515332,0.5166890970968627,2957
PAK,Pakistan,admin2,PK52022,Khyber Pakhtunkhwa,PK5192022,Lakki Marwat,22,2024-11-16,2024-11-30,0.26,26,1.4000000000000001,140,0.0199426205987117,0.036004816415727295,193
PAK,Pakistan,admin2,PK52022,Khyber Pakhtunkhwa,PK5202022,Lower Dir,22,2024-11-16,2024-11-30,0.37,37,3.84,384,0.0948931112328299,0.19594021950347157,1607
PAK,Pakistan,admin2,PK52022,Khyber Pakhtunkhwa,PK5212022,Malakand,22,2024-11-16,2024-11-30,0.06,6,6.640000000000001,664,0.0360435236148685,0.602476944546644,1490
PAK,Pakistan,admin2,PK52022,Khyber Pakhtunkhwa,PK5222022,Mansehra,22,2024-11-16,2024-11-30,1.13,113,24.73,2473,0.3295303446385361,0.510651672478464,6557
PAK,Pakistan,admin2,PK52022,Khyber Pakhtunkhwa,PK5232022,Mardan,22,2024-11-16,2024-11-30,0,0,0.36,36,0,0.03970230880170333,171
PAK,Pakistan,admin2,PK52022,Khyber Pakhtunkhwa,PK5242022,Mohmand,22,2024-11-16,2024-11-30,1.01,101,33.28,3328,0.2258320866753281,1.2101060797777654,4918
PAK,Pakistan,admin2,PK52022,Khyber Pakhtunkhwa,PK5252022,North Waziristan,22,2024-11-16,2024-11-30,0.21,21,5.64,564,0.1372351687992575,0.09573821425770317,205
PAK,Pakistan,admin2,PK52022,Khyber Pakhtunkhwa,PK5262022,Nowshera,22,2024-11-16,2024-11-30,5.31,531,24.639999999999997,2464,1.0677620628212037,1.1817330832620216,13008
PAK,Pakistan,admin2,PK52022,Khyber Pakhtunkhwa,PK5272022,Orakzai,22,2024-11-16,2024-11-30,0.48,48,17.99,1799,0.3290650761137738,1.0914237402560667,2351
PAK,Pakistan,admin2,PK52022,Khyber Pakhtunkhwa,PK5282022,Peshawar,22,2024-11-16,2024-11-30,0.81,81,7.02,702,0.1227295406350052,0.3774929512401456,3493
PAK,Pakistan,admin2,PK52022,Khyber Pakhtunkhwa,PK5292022,Shangla,22,2024-11-16,2024-11-30,1.9,190,22.61,2261,5.007684651265667,1.3466475144087453,9432
PAK,Pakistan,admin2,PK52022,Khyber Pakhtunkhwa,PK5302022,South Waziristan,22,2024-11-16,2024-11-30,0.14,14,38.839999999999996,3884,0.0714840366334663,0.5269544697228158,1183
PAK,Pakistan,admin2,PK52022,Khyber Pakhtunkhwa,PK5312022,Swabi,22,2024-11-16,2024-11-30,0.28,28,13.73,1373,0.0302742028683662,0.765718101924544,11962
PAK,Pakistan,admin2,PK52022,Khyber Pakhtunkhwa,PK5322022,Swat,22,2024-11-16,2024-11-30,0.58,58,29.23,2923,0.1767983433792007,0.4816193155808713,7066
PAK,Pakistan,admin2,PK52022,Khyber Pakhtunkhwa,PK5342022,Tor Ghar,22,2024-11-16,2024-11-30,3.03,303,42.160000000000004,4216,22.34112687296511,7.6232973037021114,22153
PAK,Pakistan,admin2,PK52022,Khyber Pakhtunkhwa,PK5352022,Upper Dir,22,2024-11-16,2024-11-30,0.55,55,38.47,3847,0.5539348928032305,0.8579203345034438,6456
PAK,Pakistan,admin2,PK62022,Punjab,PK6012022,Attock,22,2024-11-16,2024-11-30,4.18,418,62.44,6244,0.1226126805530387,0.751635604762674,8980
PAK,Pakistan,admin2,PK62022,Punjab,PK6022022,Bahawalnagar,22,2024-11-16,2024-11-30,22.62,2262,43.34,4334,0.3526124861706837,0.43781348788880603,16606
PAK,Pakistan,admin2,PK62022,Punjab,PK6032022,Bahawalpur,22,2024-11-16,2024-11-30,3.13,313,6.78,678,0.0450626497864496,0.024693398126387458,1743
PAK,Pakistan,admin2,PK62022,Punjab,PK6042022,Bhakkar,22,2024-11-16,2024-11-30,15.52,1552,49.870000000000005,4987,0.3642145710841965,0.49945685537343565,4687
PAK,Pakistan,admin2,PK62022,Punjab,PK6052022,Chakwal,22,2024-11-16,2024-11-30,1.9,190,20,2000,0.0581718032228835,0.2581370988605159,5070
PAK,Pakistan,admin2,PK62022,Punjab,PK6062022,Chiniot,22,2024-11-16,2024-11-30,0.47,47,1.32,132,0.0205230516765818,0.05157079414472625,990
PAK,Pakistan,admin2,PK62022,Punjab,PK6072022,Dera Ghazi Khan,22,2024-11-16,2024-11-30,83.85,8385,203.68,20368,1.7626565072537272,1.4879807019746014,35294
PAK,Pakistan,admin2,PK62022,Punjab,PK6082022,Faisalabad,22,2024-11-16,2024-11-30,10.05,1005,22.85,2285,0.2021556102581504,0.32747296987216035,10827
PAK,Pakistan,admin2,PK62022,Punjab,PK6092022,Gujranwala,22,2024-11-16,2024-11-30,31.23,3123,84.46,8446,0.875648876197556,1.9699541405052134,54726
PAK,Pakistan,admin2,PK62022,Punjab,PK6102022,Gujrat,22,2024-11-16,2024-11-30,11.91,1191,47.24,4724,0.4576960757600671,1.2508738630434857,24235
PAK,Pakistan,admin2,PK62022,Punjab,PK6112022,Hafizabad,22,2024-11-16,2024-11-30,24.25,2425,50.239999999999995,5024,1.0262499936520608,1.864826159095236,21250
PAK,Pakistan,admin2,PK62022,Punjab,PK6122022,Jhang,22,2024-11-16,2024-11-30,34.58,3458,86.24,8624,0.660734134001624,1.159241032173219,24692
PAK,Pakistan,admin2,PK62022,Punjab,PK6132022,Jhelum,22,2024-11-16,2024-11-30,14.76,1476,72.89,7289,0.9000531380009006,1.7113796927546336,32438
PAK,Pakistan,admin2,PK62022,Punjab,PK6142022,Kasur,22,2024-11-16,2024-11-30,1.36,136,7.43,743,0.0370750699073001,0.16764315534493546,4006
PAK,Pakistan,admin2,PK72022,Sindh,PK7212022,South Karachi,22,2024-11-16,2024-11-30,0,0,21.04,2104,0,3.8574988780237462,44387
PAK,Pakistan,admin2,PK72022,Sindh,PK7222022,Sujawal,22,2024-11-16,2024-11-30,329,32900,3061.2,306120,12.67045362126911,31.985960311948496,150581
PAK,Pakistan,admin2,PK72022,Sindh,PK7232022,Sukkur,22,2024-11-16,2024-11-30,29.98,2998,131.23,13123,1.808982186107728,2.2390037447836337,33445
PAK,Pakistan,admin2,PK72022,Sindh,PK7242022,Tando Allahyar,22,2024-11-16,2024-11-30,14.66,1466,29.07,2907,1.3658607164055114,1.6924602554892725,7599
PAK,Pakistan,admin2,PK72022,Sindh,PK7252022,Tando Muhammad Khan,22,2024-11-16,2024-11-30,61.63,6163,122.71000000000001,12271,4.449446833333825,6.603524682383033,29196
PAK,Pakistan,admin2,PK72022,Sindh,PK7202022,Shikarpur,22,2024-11-16,2024-11-30,110.1,11010,228.32,22832,5.115771165126327,7.8740269294869325,55441
PAK,Pakistan,admin2,PK72022,Sindh,PK7192022,Shaheed Benazir Abad,22,2024-11-16,2024-11-30,93.95,9395,253.19,25319,3.1005999521293117,4.930791568714484,52925
PAK,Pakistan,admin2,PK72022,Sindh,PK7182022,Sanghar,22,2024-11-16,2024-11-30,59.72,5972,352.3,35230,1.5173530402639086,3.1052729904173457,56880
PAK,Pakistan,admin2,PK72022,Sindh,PK7172022,Naushahro Feroze,22,2024-11-16,2024-11-30,69.1,6910,163.76,16376,2.7436057349261875,4.790759405829637,51101
PAK,Pakistan,admin2,PK72022,Sindh,PK7162022,Mirpur Khas,22,2024-11-16,2024-11-30,26.81,2681,66.49,6649,1.1503105420340052,1.7278113969119653,15367
PAK,Pakistan,admin2,PK72022,Sindh,PK7152022,Matiari,22,2024-11-16,2024-11-30,55.58,5558,111.02,11102,4.941091027650296,6.829262691425838,30182
PAK,Pakistan,admin2,PK72022,Sindh,PK7142022,Malir Karachi,22,2024-11-16,2024-11-30,2.71,271,149.12,14912,1.095796615835003,4.930430231175899,34711
PAK,Pakistan,admin2,PK72022,Sindh,PK7132022,Larkana,22,2024-11-16,2024-11-30,57.05,5705,128.84,12884,3.708843822257153,5.924889257958391,46107
PAK,Pakistan,admin2,PK72022,Sindh,PK7052022,Ghotki,22,2024-11-16,2024-11-30,58.94,5894,204.16,20416,1.902138187744256,2.824996255011131,28099
PAK,Pakistan,admin2,PK72022,Sindh,PK7032022,Dadu,22,2024-11-16,2024-11-30,209.85,20985,339.03000000000003,33903,6.228441738487828,3.757136199613429,72965
PAK,Pakistan,admin2,PK72022,Sindh,PK7012022,Badin,22,2024-11-16,2024-11-30,266.53,26653,580.0899999999999,58009,5.347702792385388,7.979026517872585,96630
PAK,Pakistan,admin2,PK62022,Punjab,PK6362022,Vehari,22,2024-11-16,2024-11-30,2.28,228,5.18,518,0.0503691005061082,0.09935486058585247,2942
PAK,Pakistan,admin2,PK62022,Punjab,PK6352022,Toba Tek Singh,22,2024-11-16,2024-11-30,4.09,409,6.819999999999999,682,0.1469579120402475,0.18934442603586815,2654
PAK,Pakistan,admin2,PK62022,Punjab,PK6342022,Sialkot,22,2024-11-16,2024-11-30,5.08,508,13.51,1351,0.1660263808152249,0.37066761745565424,9634
PAK,Pakistan,admin2,PK62022,Punjab,PK6332022,Sheikhupura,22,2024-11-16,2024-11-30,1.74,174,6.43,643,0.0486699496560542,0.15025833271414898,2055
PAK,Pakistan,admin2,PK62022,Punjab,PK6322022,Sargodha,22,2024-11-16,2024-11-30,20.38,2038,75.69999999999999,7570,0.4315273881554275,1.093743814279122,27500
PAK,Pakistan,admin2,PK62022,Punjab,PK6312022,Sahiwal,22,2024-11-16,2024-11-30,0.48,48,2.45,245,0.0153570522168381,0.06513772262361066,3708
PAK,Pakistan,admin2,PK62022,Punjab,PK6302022,Rawalpindi,22,2024-11-16,2024-11-30,2.69,269,46.370000000000005,4637,0.118215412073903,0.7382680848286879,9136
PAK,Pakistan,admin2,PK62022,Punjab,PK6292022,Rajanpur,22,2024-11-16,2024-11-30,98.63,9863,201.8,20180,1.8022259674272731,1.3953047900269246,29273
PAK,Pakistan,admin2,PK62022,Punjab,PK6282022,Rahim Yar Khan,22,2024-11-16,2024-11-30,54.58,5458,196.1,19610,0.7840613414161223,1.337416008179186,27626
PAK,Pakistan,admin2,PK62022,Punjab,PK6262022,Okara,22,2024-11-16,2024-11-30,14.62,1462,18.439999999999998,1844,0.3271840213578034,0.3561528556673321,8832
PAK,Pakistan,admin2,PK62022,Punjab,PK6242022,Nankana Sahib,22,2024-11-16,2024-11-30,4.42,442,9.04,904,0.2046149521845298,0.3504045925072907,3160
PAK,Pakistan,admin2,PK62022,Punjab,PK6232022,Muzaffargarh,22,2024-11-16,2024-11-30,95.58,9558,277.64,27764,1.6868132780772205,3.1152642491959353,82751
PAK,Pakistan,admin2,PK62022,Punjab,PK6222022,Multan,22,2024-11-16,2024-11-30,3.58,358,15.38,1538,0.1220188322547809,0.364084051085507,5625
PAK,Pakistan,admin2,PK62022,Punjab,PK6212022,Mianwali,22,2024-11-16,2024-11-30,73.63,7363,218.64000000000001,21864,2.05175262181686,3.0792477829984284,31558
PAK,Pakistan,admin2,PK62022,Punjab,PK6202022,Mandi Bahauddin,22,2024-11-16,2024-11-30,32.82,3282,94.22999999999999,9423,1.308480331840029,2.8925636100904177,51970
PAK,Pakistan,admin2,PK62022,Punjab,PK6192022,Lodhran,22,2024-11-16,2024-11-30,0.05,5,0.28,28,0.0018160717823238,0.009644025902124176,164
PAK,Pakistan,admin2,PK62022,Punjab,PK6182022,Leiah,22,2024-11-16,2024-11-30,74.48,7448,150.88,15088,1.6599854649447792,2.0108585126231344,21831
PAK,Pakistan,admin2,PK62022,Punjab,PK6172022,Lahore,22,2024-11-16,2024-11-30,0.97,97,1.84,184,0.09562185285809,0.12944760606764938,3299
PAK,Pakistan,admin2,PK62022,Punjab,PK6162022,Khushab,22,2024-11-16,2024-11-30,8.17,817,45.83,4583,0.2547957735467477,0.5859768800403067,12965
PAK,Pakistan,admin2,PK62022,Punjab,PK6152022,Khanewal,22,2024-11-16,2024-11-30,9.72,972,46.79,4679,0.238049101464045,0.9237703080312083,18380
PAK,Pakistan,admin2,PK72022,Sindh,PK7122022,Korangi Karachi,22,2024-11-16,2024-11-30,0,0,2.5,250,0,2.3468751403523367,5231
PAK,Pakistan,admin2,PK72022,Sindh,PK7112022,Khairpur,22,2024-11-16,2024-11-30,80.92,8092,260.99,26099,2.522494430203548,1.4492932665600244,69122
PAK,Pakistan,admin2,PK72022,Sindh,PK7102022,Kashmore,22,2024-11-16,2024-11-30,225.39,22539,450.04999999999995,45005,10.650792340362369,15.101548307170292,100620
PAK,Pakistan,admin2,PK72022,Sindh,PK7092022,Kambar Shahdad Kot,22,2024-11-16,2024-11-30,227.16,22716,339.51,33951,6.617197784699033,5.353157439141485,38610
PAK,Pakistan,admin2,PK72022,Sindh,PK7082022,Jamshoro,22,2024-11-16,2024-11-30,33.5,3350,114.64000000000001,11464,2.12218546472508,0.9156406808619066,23935
PAK,Pakistan,admin2,PK72022,Sindh,PK7072022,Jacobabad,22,2024-11-16,2024-11-30,189.36,18936,314.32000000000005,31432,7.69505753651832,10.254351586793721,67527
PAK,Pakistan,admin2,PK72022,Sindh,PK7062022,Hyderabad,22,2024-11-16,2024-11-30,27.25,2725,70.28999999999999,7029,5.242825731981079,6.208318054087951,97523
PAK,Pakistan,admin2,PK12022,Azad Kashmir,PK1012022,Bagh,21,2024-01-11,2024-11-15,0,0,0.09,9,0,0.010961651605182157,24
PAK,Pakistan,admin2,PK12022,Azad Kashmir,PK1032022,Jhelum Valley,21,2024-01-11,2024-11-15,0.01,1,1.3599999999999999,136,0.0728486091629266,0.1658424437486626,183
PAK,Pakistan,admin2,PK12022,Azad Kashmir,PK1052022,Kotli,21,2024-01-11,2024-11-15,0.05,5,1.9100000000000001,191,0.028027977857238,0.09941114028935634,911
PAK,Pakistan,admin2,PK12022,Azad Kashmir,PK1062022,Mirpur,21,2024-01-11,2024-11-15,10.35,1035,36.61,3661,4.237769837194493,3.404900849913118,7375
PAK,Pakistan,admin2,PK12022,Azad Kashmir,PK1072022,Muzaffarabad,21,2024-01-11,2024-11-15,0,0,0.68,68,0,0.04273543874951867,349
PAK,Pakistan,admin2,PK12022,Azad Kashmir,PK1082022,Neelum,21,2024-01-11,2024-11-15,0,0,14.42,1442,0,0.37749822702826125,261
PAK,Pakistan,admin2,PK22022,Balochistan,PK2012022,Awaran,21,2024-01-11,2024-11-15,1.87,187,53.11,5311,0.6707999252181523,0.1899333694377905,259
PAK,Pakistan,admin2,PK22022,Balochistan,PK2032022,Chagai,21,2024-01-11,2024-11-15,0.04,4,829.8899999999999,82989,0.015491544426484,1.626744044935006,2450
PAK,Pakistan,admin2,PK22022,Balochistan,PK2042022,Dera Bugti,21,2024-01-11,2024-11-15,4.09,409,13.030000000000001,1303,0.6818138582466526,0.11039699579029046,1414
PAK,Pakistan,admin2,PK22022,Balochistan,PK2052022,Gwadar,21,2024-01-11,2024-11-15,2.01,201,213.56000000000003,21356,7.719510156378255,1.659684535289307,3399
PAK,Pakistan,admin2,PK22022,Balochistan,PK2062022,Harnai,21,2024-01-11,2024-11-15,0,0,2.61,261,0,0.07529153196801741,24
PAK,Pakistan,admin2,PK22022,Balochistan,PK2072022_1,Jaffarabad,21,2024-01-11,2024-11-15,2.37,237,10.24,1024,0.330928047421028,1.2583169779112164,1516
PAK,Pakistan,admin2,PK22022,Balochistan,PK2082022,Jhal Magsi,21,2024-01-11,2024-11-15,15.06,1506,17.290000000000003,1729,0.8800364544955283,0.39254547248818783,991
PAK,Pakistan,admin2,PK22022,Balochistan,PK2092022,Kachhi,21,2024-01-11,2024-11-15,0.75,75,7.6,760,0.0509238139004997,0.12314650764796659,178
PAK,Pakistan,admin2,PK22022,Balochistan,PK2102022,Kalat,21,2024-01-11,2024-11-15,0,0,15.610000000000001,1561,0,0.13984829884155947,171
PAK,Pakistan,admin2,PK22022,Balochistan,PK2112022,Kech,21,2024-01-11,2024-11-15,2.01,201,116.33999999999999,11634,0.8334803638986165,0.4264497881561547,2360
PAK,Pakistan,admin2,PK22022,Balochistan,PK2122022,Kharan,21,2024-01-11,2024-11-15,0,0,42.38,4238,0,0.47464564609849,364
PAK,Pakistan,admin2,PK22022,Balochistan,PK2132022,Khuzdar,21,2024-01-11,2024-11-15,0.31,31,41.83,4183,0.0225443910610248,0.11954288264882257,430
PAK,Pakistan,admin2,PK22022,Balochistan,PK2142022,Killa Abdullah,21,2024-01-11,2024-11-15,0.04,4,1.64,164,0.019298992479069,0.047434683648600866,12
PAK,Pakistan,admin2,PK22022,Balochistan,PK2152022,Killa Saifullah,21,2024-01-11,2024-11-15,0.03,3,33.17,3317,0.0038160663977595,0.22867844253336034,455
PAK,Pakistan,admin2,PK22022,Balochistan,PK2162022,Kohlu,21,2024-01-11,2024-11-15,0,0,0.55,55,0,0.0071332281023248,4
PAK,Pakistan,admin2,PK22022,Balochistan,PK2172022,Lasbela,21,2024-01-11,2024-11-15,1.27,127,159.29999999999998,15930,0.13277322452147,1.0159992538809017,1498
PAK,Pakistan,admin2,PK22022,Balochistan,PK2192022,Loralai,21,2024-01-11,2024-11-15,0.01,1,2.02,202,0.0035628443122264,0.04813516511356856,79
PAK,Pakistan,admin2,PK22022,Balochistan,PK2202022,Mastung,21,2024-01-11,2024-11-15,0,0,2.05,205,0,0.04303372135576912,6
PAK,Pakistan,admin2,PK22022,Balochistan,PK2212022,Musakhel,21,2024-01-11,2024-11-15,0,0,3.0700000000000003,307,0,0.04589264384270555,78
PAK,Pakistan,admin2,PK22022,Balochistan,PK2222022,Nasirabad,21,2024-01-11,2024-11-15,2.14,214,2.16,216,0.0775968507025928,0.07737454622701388,152
PAK,Pakistan,admin2,PK22022,Balochistan,PK2232022,Nushki,21,2024-01-11,2024-11-15,1.78,178,77.01,7701,0.8212456373021746,1.139729308260565,1477
PAK,Pakistan,admin2,PK22022,Balochistan,PK2242022,Panjgur,21,2024-01-11,2024-11-15,0,0,7.36,736,0,0.03761583388982436,96
PAK,Pakistan,admin2,PK22022,Balochistan,PK2252022,Pishin,21,2024-01-11,2024-11-15,0,0,3.38,338,0,0.051551191131271525,109
PAK,Pakistan,admin2,PK22022,Balochistan,PK2262022,Quetta,21,2024-01-11,2024-11-15,0.06,6,5.34,534,0.033115936947256,0.12604730481204113,301
PAK,Pakistan,admin2,PK22022,Balochistan,PK2272022,Sherani,21,2024-01-11,2024-11-15,0.06,6,34.519999999999996,3452,0.3153163364775662,0.9606398800567578,857
PAK,Pakistan,admin2,PK22022,Balochistan,PK2282022,Sibi,21,2024-01-11,2024-11-15,0,0,6.53,653,0,0.1292184390161139,50
PAK,Pakistan,admin2,PK22022,Balochistan,PK2292022,Sohbatpur,21,2024-01-11,2024-11-15,49.22,4922,110.57000000000001,11057,7.05632613628658,12.303428496847761,15360
PAK,Pakistan,admin2,PK22022,Balochistan,PK2302022,Washuk,21,2024-01-11,2024-11-15,0,0,175.98000000000002,17598,0,0.3996332406852136,487
PAK,Pakistan,admin2,PK22022,Balochistan,PK2312022,Zhob,21,2024-01-11,2024-11-15,0.78,78,21.11,2111,0.3721227836804796,0.15058385641528776,387
PAK,Pakistan,admin2,PK22022,Balochistan,PK2322022,Ziarat,21,2024-01-11,2024-11-15,0,0,6.63,663,0,0.17936075958955455,172
PAK,Pakistan,admin2,PK22022,Balochistan,PK2332022,Shaheed Sikandarabad,21,2024-01-11,2024-11-15,0.17,17,3.01,301,0.0600181341988866,0.07140357881379228,68
PAK,Pakistan,admin2,PK22022,Balochistan,PK2342022,Duki,21,2024-01-11,2024-11-15,0.07,7,1.24,124,0.0156848809873408,0.026760423500204907,38
PAK,Pakistan,admin2,PK22022,Balochistan,PK2362022,Usta Muhammad,21,2024-01-11,2024-11-15,31.39,3139,45.67000000000001,4567,3.2658199866494027,4.061248999059754,4365
PAK,Pakistan,admin2,PK32022,Gilgit Baltistan,PK3012022,Astore,21,2024-01-11,2024-11-15,0,0,41.76,4176,0,0.666126482511127,514
PAK,Pakistan,admin2,PK32022,Gilgit Baltistan,PK3022022,Diamir,21,2024-01-11,2024-11-15,0.04,4,37.8,3780,0.1956947162426614,0.7303821137353841,618
PAK,Pakistan,admin2,PK32022,Gilgit Baltistan,PK3032022,Ghanche,21,2024-01-11,2024-11-15,0,0,102.1,10210,0,0.9598166070661553,2185
PAK,Pakistan,admin2,PK32022,Gilgit Baltistan,PK3042022,Ghizer,21,2024-01-11,2024-11-15,0.22,22,40.9,4090,1.1964988013684024,0.760060343668103,903
PAK,Pakistan,admin2,PK32022,Gilgit Baltistan,PK3052022,Gilgit,21,2024-01-11,2024-11-15,0.04,4,33.03,3303,0.2426514668519064,0.6647469888977511,1021
PAK,Pakistan,admin2,PK32022,Gilgit Baltistan,PK3062022,Hunza,21,2024-01-11,2024-11-15,0,0,58.01,5801,0,0.4072750832091092,220
PAK,Pakistan,admin2,PK32022,Gilgit Baltistan,PK3072022,Skardu,21,2024-01-11,2024-11-15,0.17,17,35.57,3557,0.7450757966381356,1.3682423297477069,1887
PAK,Pakistan,admin2,PK32022,Gilgit Baltistan,PK3082022,Nagar,21,2024-01-11,2024-11-15,0.12,12,14.68,1468,2.713102690050184,0.390946679986049,1089
PAK,Pakistan,admin2,PK32022,Gilgit Baltistan,PK3092022,Kharmang,21,2024-01-11,2024-11-15,0.05,5,94.48000000000002,9448,2.604166666666667,1.2956150831291435,1503
PAK,Pakistan,admin2,PK32022,Gilgit Baltistan,PK3102022,Shigar,21,2024-01-11,2024-11-15,0,0,45.099999999999994,4510,0,0.4297167832541614,306
PAK,Pakistan,admin2,PK32022,Gilgit Baltistan,PK3112022,Darel,21,2024-01-11,2024-11-15,0,0,4.1899999999999995,419,0,0.20810159806523643,94
PAK,Pakistan,admin2,PK32022,Gilgit Baltistan,PK3122022,Tangir,21,2024-01-11,2024-11-15,0,0,7.13,713,0,0.5296492903984197,53
PAK,Pakistan,admin2,PK32022,Gilgit Baltistan,PK3132022,Gupis-Yasin,21,2024-01-11,2024-11-15,0.03,3,53.34,5334,0.0856164383561643,0.5558501738155112,594
PAK,Pakistan,admin2,PK32022,Gilgit Baltistan,PK3142022,Rondu,21,2024-01-11,2024-11-15,0,0,12.219999999999999,1222,0,0.5285274743883567,375
PAK,Pakistan,admin2,PK42022,Islamabad,PK4012022,Islamabad,21,2024-01-11,2024-11-15,0.09,9,3.37,337,0.0340207501375283,0.3102914392529087,5257
PAK,Pakistan,admin2,PK52022,Khyber Pakhtunkhwa,PK5012022,Abbottabad,21,2024-01-11,2024-11-15,0,0,2.82,282,0,0.15710738539949126,638
PAK,Pakistan,admin2,PK52022,Khyber Pakhtunkhwa,PK5022022,Bajaur,21,2024-01-11,2024-11-15,0.17,17,0.9600000000000001,96,0.0329092456381015,0.05917489456752457,321
PAK,Pakistan,admin2,PK52022,Khyber Pakhtunkhwa,PK5032022,Bannu,21,2024-01-11,2024-11-15,2.54,254,12.799999999999997,1280,0.3986824336531062,0.5280531726248369,652
PAK,Pakistan,admin2,PK52022,Khyber Pakhtunkhwa,PK5042022,Batagram,21,2024-01-11,2024-11-15,0.08,8,4.470000000000001,447,0.1718178326696448,0.24820145130292315,1898
PAK,Pakistan,admin2,PK52022,Khyber Pakhtunkhwa,PK5052022,Buner,21,2024-01-11,2024-11-15,0,0,1.8499999999999999,185,0,0.12542219156848608,400
PAK,Pakistan,admin2,PK52022,Khyber Pakhtunkhwa,PK5062022,Charsadda,21,2024-01-11,2024-11-15,0.51,51,2.1,210,0.0919091080053222,0.1733203446106889,2022
PAK,Pakistan,admin2,PK52022,Khyber Pakhtunkhwa,PK5072022,Chitral Lower,21,2024-01-11,2024-11-15,0.06,6,21.35,2135,0.2112203566724924,0.2840221198623271,1530
PAK,Pakistan,admin2,PK52022,Khyber Pakhtunkhwa,PK5082022,Chitral Upper,21,2024-01-11,2024-11-15,0.02,2,20.25,2025,0.0908265213442325,0.1887423274941732,466
PAK,Pakistan,admin2,PK52022,Khyber Pakhtunkhwa,PK5092022,D. I. Khan,21,2024-01-11,2024-11-15,32.87,3287,122.74000000000001,12274,0.7923489072446179,1.1517119859195923,16158
PAK,Pakistan,admin2,PK52022,Khyber Pakhtunkhwa,PK5112022,Haripur,21,2024-01-11,2024-11-15,19.09,1909,91.81,9181,3.804236719107531,3.885531747281632,18016
PAK,Pakistan,admin2,PK52022,Khyber Pakhtunkhwa,PK5122022,Karak,21,2024-01-11,2024-11-15,0,0,1.95,195,0,0.0722449964473913,231
PAK,Pakistan,admin2,PK52022,Khyber Pakhtunkhwa,PK5132022,Khyber,21,2024-01-11,2024-11-15,0,0,5.61,561,0,0.18014373418650173,559
PAK,Pakistan,admin2,PK52022,Khyber Pakhtunkhwa,PK5142022,Kohat,21,2024-01-11,2024-11-15,0.83,83,28.849999999999998,2885,0.1248219672508205,0.697952158511508,4173
PAK,Pakistan,admin2,PK52022,Khyber Pakhtunkhwa,PK5152022,Kohistan Lower,21,2024-01-11,2024-11-15,0,0,0.77,77,0,0.10146722590516412,509
PAK,Pakistan,admin2,PK52022,Khyber Pakhtunkhwa,PK5162022,Kohistan Upper,21,2024-01-11,2024-11-15,0.01,1,40.3,4030,0.0691562932226832,0.5977360609276758,2112
PAK,Pakistan,admin2,PK52022,Khyber Pakhtunkhwa,PK5172022,Kolai Palas Kohistan,21,2024-01-11,2024-11-15,0.02,2,4.97,497,0.2037774749973029,0.33028979890437127,1296
PAK,Pakistan,admin2,PK52022,Khyber Pakhtunkhwa,PK5182022,Kurram,21,2024-01-11,2024-11-15,0.09,9,3.62,362,0.0333320455593146,0.08920377642655825,423
PAK,Pakistan,admin2,PK52022,Khyber Pakhtunkhwa,PK5192022,Lakki Marwat,21,2024-01-11,2024-11-15,2.07,207,2.2499999999999996,225,0.1587739409205129,0.05719674862079312,803
PAK,Pakistan,admin2,PK52022,Khyber Pakhtunkhwa,PK5202022,Lower Dir,21,2024-01-11,2024-11-15,0,0,0.44000000000000006,44,0,0.02930686138403068,115
PAK,Pakistan,admin2,PK52022,Khyber Pakhtunkhwa,PK5212022,Malakand,21,2024-01-11,2024-11-15,0,0,0.7899999999999999,79,0,0.09223040872973516,84
PAK,Pakistan,admin2,PK52022,Khyber Pakhtunkhwa,PK5222022,Mansehra,21,2024-01-11,2024-11-15,1.11,111,12.9,1290,0.323697949158208,0.26260844872730704,3717
PAK,Pakistan,admin2,PK52022,Khyber Pakhtunkhwa,PK5232022,Mardan,21,2024-01-11,2024-11-15,2.28,228,5.1000000000000005,510,0.2712966088063888,0.25705482571267724,4273
PAK,Pakistan,admin2,PK52022,Khyber Pakhtunkhwa,PK5242022,Mohmand,21,2024-01-11,2024-11-15,0.02,2,2.3699999999999997,237,0.0044719225084223,0.08701599163437003,445
PAK,Pakistan,admin2,PK52022,Khyber Pakhtunkhwa,PK5252022,North Waziristan,21,2024-01-11,2024-11-15,0.04,4,2.52,252,0.0261400321522395,0.0430147952085746,60
PAK,Pakistan,admin2,PK52022,Khyber Pakhtunkhwa,PK5262022,Nowshera,21,2024-01-11,2024-11-15,1.08,108,8.370000000000001,837,0.2171719449805838,0.40142475271522415,4289
PAK,Pakistan,admin2,PK52022,Khyber Pakhtunkhwa,PK5272022,Orakzai,21,2024-01-11,2024-11-15,0,0,1.05,105,0,0.08627258360079171,144
PAK,Pakistan,admin2,PK52022,Khyber Pakhtunkhwa,PK5282022,Peshawar,21,2024-01-11,2024-11-15,0.05,5,0.44,44,0.007575897570062,0.031887642725621425,300
PAK,Pakistan,admin2,PK52022,Khyber Pakhtunkhwa,PK5292022,Shangla,21,2024-01-11,2024-11-15,2.63,263,12.940000000000001,1294,6.931689806751951,0.7707040617624574,5622
PAK,Pakistan,admin2,PK52022,Khyber Pakhtunkhwa,PK5302022,South Waziristan,21,2024-01-11,2024-11-15,0.23,23,26.22,2622,0.1174380601835518,0.3557349690044343,793
PAK,Pakistan,admin2,PK52022,Khyber Pakhtunkhwa,PK5312022,Swabi,21,2024-01-11,2024-11-15,0.57,57,14.15,1415,0.0616296272677456,0.7891413796236205,12863
PAK,Pakistan,admin2,PK52022,Khyber Pakhtunkhwa,PK5322022,Swat,21,2024-01-11,2024-11-15,0.05,5,13.699999999999998,1370,0.0152412364982069,0.21405643637925606,1520
PAK,Pakistan,admin2,PK52022,Khyber Pakhtunkhwa,PK5332022,Tank,21,2024-01-11,2024-11-15,0,0,0.32,32,0,0.017893376003772086,2
PAK,Pakistan,admin2,PK52022,Khyber Pakhtunkhwa,PK5342022,Tor Ghar,21,2024-01-11,2024-11-15,2.37,237,31.060000000000002,3106,17.47474280162617,5.616214759321337,17356
PAK,Pakistan,admin2,PK52022,Khyber Pakhtunkhwa,PK5352022,Upper Dir,21,2024-01-11,2024-11-15,0,0,4.56,456,0,0.10311811240645778,329
PAK,Pakistan,admin2,PK62022,Punjab,PK6012022,Attock,21,2024-01-11,2024-11-15,1.61,161,24.08,2408,0.0472264152369359,0.2898684395048875,4453
PAK,Pakistan,admin2,PK62022,Punjab,PK6022022,Bahawalnagar,21,2024-01-11,2024-11-15,10.75,1075,20.55,2055,0.1675766678308952,0.20759268980422158,6770
PAK,Pakistan,admin2,PK62022,Punjab,PK6032022,Bahawalpur,21,2024-01-11,2024-11-15,1.67,167,3.9400000000000004,394,0.024043011227914,0.014349850828608639,948
PAK,Pakistan,admin2,PK62022,Punjab,PK6042022,Bhakkar,21,2024-01-11,2024-11-15,16.43,1643,46.94,4694,0.3855699357547261,0.47011238803346833,5196
PAK,Pakistan,admin2,PK62022,Punjab,PK6052022,Chakwal,21,2024-01-11,2024-11-15,0.78,78,11.419999999999998,1142,0.0238810560599206,0.1473962834493546,3979
PAK,Pakistan,admin2,PK62022,Punjab,PK6062022,Chiniot,21,2024-01-11,2024-11-15,0.12,12,0.57,57,0.0052399280876379,0.022269206562495397,593
PAK,Pakistan,admin2,PK62022,Punjab,PK6072022,Dera Ghazi Khan,21,2024-01-11,2024-11-15,63.83,6383,161.68,16168,1.3418051861419846,1.181150431536005,27245
PAK,Pakistan,admin2,PK62022,Punjab,PK6082022,Faisalabad,21,2024-01-11,2024-11-15,3.19,319,8.02,802,0.0641668056441293,0.11493799642777788,3753
PAK,Pakistan,admin2,PK62022,Punjab,PK6092022,Gujranwala,21,2024-01-11,2024-11-15,16.84,1684,54.75,5475,0.4721718563934308,1.2769948992737443,31314
PAK,Pakistan,admin2,PK62022,Punjab,PK6102022,Gujrat,21,2024-01-11,2024-11-15,8.89,889,31.770000000000003,3177,0.3416388004623842,0.8412417999341985,17129
PAK,Pakistan,admin2,PK62022,Punjab,PK6112022,Hafizabad,21,2024-01-11,2024-11-15,12.53,1253,32.06,3206,0.5302644297097039,1.190014463785694,14216
PAK,Pakistan,admin2,PK62022,Punjab,PK6122022,Jhang,21,2024-01-11,2024-11-15,7.98,798,39.150000000000006,3915,0.1524771078465286,0.5262556401853146,9096
PAK,Pakistan,admin2,PK62022,Punjab,PK6132022,Jhelum,21,2024-01-11,2024-11-15,17.72,1772,80.16,8016,1.080551599280214,1.8820836233192397,30720
PAK,Pakistan,admin2,PK62022,Punjab,PK6142022,Kasur,21,2024-01-11,2024-11-15,0.56,56,4.58,458,0.0152662052559471,0.10333858027991986,1955
PAK,Pakistan,admin2,PK62022,Punjab,PK6152022,Khanewal,21,2024-01-11,2024-11-15,4.38,438,28.68,2868,0.1072690395486128,0.5662263824393041,11508
PAK,Pakistan,admin2,PK62022,Punjab,PK6162022,Khushab,21,2024-01-11,2024-11-15,10.99,1099,55.98,5598,0.3427424175371796,0.7157535619606451,17347
PAK,Pakistan,admin2,PK62022,Punjab,PK6172022,Lahore,21,2024-01-11,2024-11-15,0.42,42,3.81,381,0.0414032764952554,0.18728495988327398,40249
PAK,Pakistan,admin2,PK62022,Punjab,PK6182022,Leiah,21,2024-01-11,2024-11-15,55.9,5590,113.42999999999999,11343,1.2458806054029694,1.5117423189742984,16814
PAK,Pakistan,admin2,PK62022,Punjab,PK6192022,Lodhran,21,2024-01-11,2024-11-15,0.04,4,0.63,63,0.0014528574258591,0.02204074738068362,217
PAK,Pakistan,admin2,PK62022,Punjab,PK6202022,Mandi Bahauddin,21,2024-01-11,2024-11-15,22.29,2229,74.07,7407,0.888666258278923,2.273715235056747,41067
PAK,Pakistan,admin2,PK62022,Punjab,PK6212022,Mianwali,21,2024-01-11,2024-11-15,58.79,5879,162.41,16241,1.638225405902665,2.2873245171824674,23346
PAK,Pakistan,admin2,PK62022,Punjab,PK6222022,Multan,21,2024-01-11,2024-11-15,3.04,304,13.920000000000002,1392,0.1036137569984731,0.3295221060539827,4396
PAK,Pakistan,admin2,PK62022,Punjab,PK6232022,Muzaffargarh,21,2024-01-11,2024-11-15,71.24,7124,229.54999999999995,22955,1.2572565173699644,2.5756696023733134,64357
PAK,Pakistan,admin2,PK62022,Punjab,PK6242022,Nankana Sahib,21,2024-01-11,2024-11-15,2.17,217,3.75,375,0.1004557570679705,0.14535588737857744,1396
PAK,Pakistan,admin2,PK62022,Punjab,PK6262022,Okara,21,2024-01-11,2024-11-15,1.05,105,2.0500000000000003,205,0.02349816842857,0.04249981514308046,990
PAK,Pakistan,admin2,PK62022,Punjab,PK6282022,Rahim Yar Khan,21,2024-01-11,2024-11-15,46.57,4657,166.41000000000003,16641,0.6689948088997583,1.1349280873079979,22895
PAK,Pakistan,admin2,PK62022,Punjab,PK6292022,Rajanpur,21,2024-01-11,2024-11-15,90.71,9071,184.15999999999997,18416,1.6575070212443268,1.2733366210671873,27424
PAK,Pakistan,admin2,PK62022,Punjab,PK6302022,Rawalpindi,21,2024-01-11,2024-11-15,2.15,215,28.86,2886,0.0944844371594392,0.459487102181495,5293
PAK,Pakistan,admin2,PK62022,Punjab,PK6312022,Sahiwal,21,2024-01-11,2024-11-15,0.11,11,0.43999999999999995,44,0.0035193244663587,0.011752060926035455,569
PAK,Pakistan,admin2,PK62022,Punjab,PK6322022,Sargodha,21,2024-01-11,2024-11-15,15.58,1558,63.06,6306,0.3298918894730893,0.911116049252859,20786
PAK,Pakistan,admin2,PK62022,Punjab,PK6332022,Sheikhupura,21,2024-01-11,2024-11-15,1.22,122,4.55,455,0.0341249072301069,0.1127833713188828,1281
PAK,Pakistan,admin2,PK62022,Punjab,PK6342022,Sialkot,21,2024-01-11,2024-11-15,2.37,237,11.030000000000001,1103,0.0774571894748195,0.3026250052210116,8067
PAK,Pakistan,admin2,PK62022,Punjab,PK6352022,Toba Tek Singh,21,2024-01-11,2024-11-15,0.3,30,0.8500000000000001,85,0.0107793089516073,0.024918661694384708,289
PAK,Pakistan,admin2,PK62022,Punjab,PK6362022,Vehari,21,2024-01-11,2024-11-15,1.55,155,4.17,417,0.0342421516598542,0.07998258081911279,2210
PAK,Pakistan,admin2,PK72022,Sindh,PK7012022,Badin,21,2024-01-11,2024-11-15,343.55,34355,718.49,71849,6.893045039297639,9.882691931986885,119959
PAK,Pakistan,admin2,PK72022,Sindh,PK7032022,Dadu,21,2024-01-11,2024-11-15,242.45,24245,391.13,39113,7.196024300673691,4.334509281641153,80122
PAK,Pakistan,admin2,PK72022,Sindh,PK7052022,Ghotki,21,2024-01-11,2024-11-15,56.22,5622,193.75,19375,1.814357124448288,2.680951334288826,28583
PAK,Pakistan,admin2,PK72022,Sindh,PK7062022,Hyderabad,21,2024-01-11,2024-11-15,35.67,3567,93.6,9360,6.862810783844592,8.26715848431686,137077
PAK,Pakistan,admin2,PK72022,Sindh,PK7072022,Jacobabad,21,2024-01-11,2024-11-15,215.03,21503,350.95,35095,8.738214100536197,11.44936589903683,73054
PAK,Pakistan,admin2,PK72022,Sindh,PK7082022,Jamshoro,21,2024-01-11,2024-11-15,47.71,4771,139.11,13911,3.022372194687569,1.1110849190047087,28338
PAK,Pakistan,admin2,PK72022,Sindh,PK7092022,Kambar Shahdad Kot,21,2024-01-11,2024-11-15,268.24,26824,397.12999999999994,39713,7.813863064657813,6.26166950548219,42994
PAK,Pakistan,admin2,PK72022,Sindh,PK7102022,Kashmore,21,2024-01-11,2024-11-15,252.72,25272,494.74,49474,11.942270021990227,16.60113322850668,111441
PAK,Pakistan,admin2,PK72022,Sindh,PK7112022,Khairpur,21,2024-01-11,2024-11-15,77.62,7762,268.73,26873,2.4196245387098294,1.4922739550276847,65385
PAK,Pakistan,admin2,PK72022,Sindh,PK7122022,Korangi Karachi,21,2024-01-11,2024-11-15,0,0,1.52,152,0,1.4271680361490322,4087
PAK,Pakistan,admin2,PK72022,Sindh,PK7132022,Larkana,21,2024-01-11,2024-11-15,65.08,6508,154.01,15401,4.230877404951718,7.082367235471683,55130
PAK,Pakistan,admin2,PK72022,Sindh,PK7142022,Malir Karachi,21,2024-01-11,2024-11-15,3.03,303,137.29,13729,1.2251895741623833,4.5392889380240025,31988
PAK,Pakistan,admin2,PK72022,Sindh,PK7152022,Matiari,21,2024-01-11,2024-11-15,81.2,8120,150.98000000000002,15098,7.218722408154085,9.287354360939231,41325
PAK,Pakistan,admin2,PK72022,Sindh,PK7162022,Mirpur Khas,21,2024-01-11,2024-11-15,39.23,3923,96.72,9672,1.6832033779930633,2.5133692030279033,25229
PAK,Pakistan,admin2,PK72022,Sindh,PK7172022,Naushahro Feroze,21,2024-01-11,2024-11-15,79.19,7919,191.40999999999997,19141,3.144227759027566,5.599653504334701,57920
PAK,Pakistan,admin2,PK72022,Sindh,PK7182022,Sanghar,21,2024-01-11,2024-11-15,63.93,6393,367.65,36765,1.6243198235778915,3.24057228193851,62629
PAK,Pakistan,admin2,PK72022,Sindh,PK7192022,Shaheed Benazir Abad,21,2024-01-11,2024-11-15,103.63,10363,277.94,27794,3.420065705579144,5.412789638644905,57974
PAK,Pakistan,admin2,PK72022,Sindh,PK7202022,Shikarpur,21,2024-01-11,2024-11-15,129.22,12922,261.51,26151,6.004177565464341,9.018643931018426,64477
PAK,Pakistan,admin2,PK72022,Sindh,PK7212022,South Karachi,21,2024-01-11,2024-11-15,0,0,18.54,1854,0,3.3991458744562864,41533
PAK,Pakistan,admin2,PK72022,Sindh,PK7222022,Sujawal,21,2024-01-11,2024-11-15,395.59,39559,2231.5499999999997,223155,15.23496883902081,23.317087983185903,143258
PAK,Pakistan,admin2,PK72022,Sindh,PK7232022,Sukkur,21,2024-01-11,2024-11-15,35.13,3513,140.57999999999998,14058,2.119731294128235,2.3985304156190144,41531
PAK,Pakistan,admin2,PK72022,Sindh,PK7242022,Tando Allahyar,21,2024-01-11,2024-11-15,18.12,1812,37.77,3777,1.6882262060892137,2.198975708628477,9576
PAK,Pakistan,admin2,PK72022,Sindh,PK7252022,Tando Muhammad Khan,21,2024-01-11,2024-11-15,80.08,8008,157.19,15719,5.781465234680719,8.459033858885086,37735
PAK,Pakistan,admin2,PK72022,Sindh,PK7262022,Tharparkar,21,2024-01-11,2024-11-15,19.99,1999,446.82000000000005,44682,0.5804594491776947,2.0520365644034673,14396
PAK,Pakistan,admin2,PK72022,Sindh,PK7272022,Thatta,21,2024-01-11,2024-11-15,162.03,16203,864.98,86498,8.143480761055894,10.251102155483778,82758
PAK,Pakistan,admin2,PK72022,Sindh,PK7282022,Umer Kot,21,2024-01-11,2024-11-15,30.68,3068,67.33,6733,1.5989761843417567,1.1033948906495663,15327
PAK,Pakistan,admin2,PK12022,Azad Kashmir,PK1012022,Bagh,20,2024-10-16,2024-10-31,0,0,0.05,5,0,0.006024633521542816,39
PAK,Pakistan,admin2,PK12022,Azad Kashmir,PK1032022,Jhelum Valley,20,2024-10-16,2024-10-31,0.02,2,3.29,329,0.1456972183258532,0.39893465260659133,1397
PAK,Pakistan,admin2,PK12022,Azad Kashmir,PK1052022,Kotli,20,2024-10-16,2024-10-31,0.35,35,7.609999999999999,761,0.196195845000666,0.39608312963455583,2415
PAK,Pakistan,admin2,PK12022,Azad Kashmir,PK1062022,Mirpur,20,2024-10-16,2024-10-31,28.57,2857,69.36,6936,11.697882536101128,6.450803686150611,14494
PAK,Pakistan,admin2,PK12022,Azad Kashmir,PK1072022,Muzaffarabad,20,2024-10-16,2024-10-31,0.03,3,4.35,435,0.1826747887300401,0.2640034649249889,1368
PAK,Pakistan,admin2,PK12022,Azad Kashmir,PK1082022,Neelum,20,2024-10-16,2024-10-31,0.01,1,15.659999999999998,1566,0.1099531297835001,0.40881789894504333,401
PAK,Pakistan,admin2,PK22022,Balochistan,PK2012022,Awaran,20,2024-10-16,2024-10-31,1.87,187,41.25,4125,0.6707999252181523,0.1475923442414582,262
PAK,Pakistan,admin2,PK22022,Balochistan,PK2032022,Chagai,20,2024-10-16,2024-10-31,0.02,2,599.27,59927,0.007745772213242,1.1746844808446917,1778
PAK,Pakistan,admin2,PK22022,Balochistan,PK2042022,Dera Bugti,20,2024-10-16,2024-10-31,5.79,579,16.35,1635,0.9652083714543078,0.13848095810348915,1725
PAK,Pakistan,admin2,PK22022,Balochistan,PK2052022,Gwadar,20,2024-10-16,2024-10-31,2.12,212,303.32,30332,8.141970911204925,2.3572556342196695,4697
PAK,Pakistan,admin2,PK22022,Balochistan,PK2062022,Harnai,20,2024-10-16,2024-10-31,0,0,1.3199999999999998,132,0,0.038078475937847675,16
PAK,Pakistan,admin2,PK22022,Balochistan,PK2072022_1,Jaffarabad,20,2024-10-16,2024-10-31,3.56,356,13.799999999999999,1380,0.4970902315691392,1.6957787397631627,2065
PAK,Pakistan,admin2,PK22022,Balochistan,PK2082022,Jhal Magsi,20,2024-10-16,2024-10-31,37.04,3704,45.190000000000005,4519,2.164445569356863,1.025976281188041,2348
PAK,Pakistan,admin2,PK22022,Balochistan,PK2092022,Kachhi,20,2024-10-16,2024-10-31,0.82,82,6.16,616,0.0556767031978797,0.10030405768992837,192
PAK,Pakistan,admin2,PK22022,Balochistan,PK2102022,Kalat,20,2024-10-16,2024-10-31,0,0,4.140000000000001,414,0,0.037089811480080434,34
PAK,Pakistan,admin2,PK22022,Balochistan,PK2112022,Kech,20,2024-10-16,2024-10-31,3.23,323,106.93,10693,1.3393739181057367,0.39195698682772595,2715
PAK,Pakistan,admin2,PK22022,Balochistan,PK2122022,Kharan,20,2024-10-16,2024-10-31,0,0,20.55,2055,0,0.23023363258001275,168
PAK,Pakistan,admin2,PK22022,Balochistan,PK2132022,Khuzdar,20,2024-10-16,2024-10-31,1.76,176,25.53,2553,0.1279939621529154,0.07296031063888209,392
PAK,Pakistan,admin2,PK22022,Balochistan,PK2142022,Killa Abdullah,20,2024-10-16,2024-10-31,0.04,4,1.44,144,0.019298992479069,0.04164996613047883,11
PAK,Pakistan,admin2,PK22022,Balochistan,PK2152022,Killa Saifullah,20,2024-10-16,2024-10-31,0.08,8,30.56,3056,0.010176177060692,0.21079685259697642,366
PAK,Pakistan,admin2,PK22022,Balochistan,PK2172022,Lasbela,20,2024-10-16,2024-10-31,1.45,145,192.98,19298,0.1515914768158516,1.230806880187925,1933
PAK,Pakistan,admin2,PK22022,Balochistan,PK2182022,Lehri,20,2024-10-16,2024-10-31,0,0,0.28,28,0,0.0133500109997359,13
PAK,Pakistan,admin2,PK22022,Balochistan,PK2192022,Loralai,20,2024-10-16,2024-10-31,0.02,2,3.5,350,0.0071256886244528,0.08340251381063858,150
PAK,Pakistan,admin2,PK22022,Balochistan,PK2202022,Mastung,20,2024-10-16,2024-10-31,0,0,0.12,12,0,0.0025477246059234,0
PAK,Pakistan,admin2,PK22022,Balochistan,PK2212022,Musakhel,20,2024-10-16,2024-10-31,0,0,1.75,175,0,0.026160301864733906,38
PAK,Pakistan,admin2,PK22022,Balochistan,PK2222022,Nasirabad,20,2024-10-16,2024-10-31,2.76,276,3.15,315,0.1000781812799795,0.0854534258243837,472
PAK,Pakistan,admin2,PK22022,Balochistan,PK2232022,Nushki,20,2024-10-16,2024-10-31,2.26,226,71.28,7128,1.0427051350016374,1.0549266990366581,1437
PAK,Pakistan,admin2,PK22022,Balochistan,PK2242022,Panjgur,20,2024-10-16,2024-10-31,0,0,4.07,407,0,0.020801147273313204,45
PAK,Pakistan,admin2,PK22022,Balochistan,PK2252022,Pishin,20,2024-10-16,2024-10-31,0,0,3.84,384,0,0.0638713984875563,129
PAK,Pakistan,admin2,PK22022,Balochistan,PK2262022,Quetta,20,2024-10-16,2024-10-31,0.04,4,4.2,420,0.0220772912981707,0.09913832962744802,436
PAK,Pakistan,admin2,PK22022,Balochistan,PK2272022,Sherani,20,2024-10-16,2024-10-31,0.06,6,34.3,3430,0.3153163364775662,0.9545176096740091,810
PAK,Pakistan,admin2,PK22022,Balochistan,PK2282022,Sibi,20,2024-10-16,2024-10-31,0,0,1.19,119,0,0.02354823008103699,9
PAK,Pakistan,admin2,PK22022,Balochistan,PK2292022,Sohbatpur,20,2024-10-16,2024-10-31,92.82,9282,177.51,17751,13.306952295207648,19.75202670231931,25090
PAK,Pakistan,admin2,PK22022,Balochistan,PK2302022,Washuk,20,2024-10-16,2024-10-31,0,0,155.20000000000002,15520,0,0.3524439081392497,366
PAK,Pakistan,admin2,PK22022,Balochistan,PK2312022,Zhob,20,2024-10-16,2024-10-31,0.92,92,16.58,1658,0.4389140525462067,0.1182700302873268,362
PAK,Pakistan,admin2,PK22022,Balochistan,PK2322022,Ziarat,20,2024-10-16,2024-10-31,0,0,2.63,263,0,0.07114913992768147,66
PAK,Pakistan,admin2,PK22022,Balochistan,PK2332022,Shaheed Sikandarabad,20,2024-10-16,2024-10-31,0.31,31,3.92,392,0.1094448329509109,0.09299070729238068,87
PAK,Pakistan,admin2,PK22022,Balochistan,PK2342022,Duki,20,2024-10-16,2024-10-31,0.09,9,1.44,144,0.0201662755551525,0.03107662083894769,48
PAK,Pakistan,admin2,PK22022,Balochistan,PK2362022,Usta Muhammad,20,2024-10-16,2024-10-31,66.85,6685,86.38,8638,6.955083342067938,7.681425192441021,7558
PAK,Pakistan,admin2,PK32022,Gilgit Baltistan,PK3012022,Astore,20,2024-10-16,2024-10-31,0.01,1,55.11000000000001,5511,0.0519750519750519,0.87656120965291,1623
PAK,Pakistan,admin2,PK32022,Gilgit Baltistan,PK3022022,Diamir,20,2024-10-16,2024-10-31,0.01,1,45.599999999999994,4560,0.0489236790606653,0.8810958832363367,786
PAK,Pakistan,admin2,PK32022,Gilgit Baltistan,PK3032022,Ghanche,20,2024-10-16,2024-10-31,0.45,45,269.24,26924,4.88599348534202,2.528868497191674,4484
PAK,Pakistan,admin2,PK32022,Gilgit Baltistan,PK3042022,Ghizer,20,2024-10-16,2024-10-31,0.26,26,63.349999999999994,6335,1.414044037980839,1.1772572804736996,1210
PAK,Pakistan,admin2,PK32022,Gilgit Baltistan,PK3052022,Gilgit,20,2024-10-16,2024-10-31,0.07,7,58.190000000000005,5819,0.4246400669908363,1.176373858825909,1752
PAK,Pakistan,admin2,PK32022,Gilgit Baltistan,PK3062022,Hunza,20,2024-10-16,2024-10-31,0.1,10,265.05,26505,7.842051849801643,1.860232882983366,1018
PAK,Pakistan,admin2,PK32022,Gilgit Baltistan,PK3072022,Skardu,20,2024-10-16,2024-10-31,1.19,119,104.33000000000001,10433,5.215530576466949,4.0125600687217196,5331
PAK,Pakistan,admin2,PK32022,Gilgit Baltistan,PK3082022,Nagar,20,2024-10-16,2024-10-31,0.22,22,44,4400,4.974021598425336,1.171774790148921,2446
PAK,Pakistan,admin2,PK32022,Gilgit Baltistan,PK3092022,Kharmang,20,2024-10-16,2024-10-31,0.09,9,237.68,23768,4.6875,3.259333117677125,2671
PAK,Pakistan,admin2,PK32022,Gilgit Baltistan,PK3102022,Shigar,20,2024-10-16,2024-10-31,0.1,10,116.16999999999999,11617,0.5168943366624031,1.1047553219447508,1184
PAK,Pakistan,admin2,PK32022,Gilgit Baltistan,PK3112022,Darel,20,2024-10-16,2024-10-31,0,0,5.3999999999999995,540,0,0.26819776361629516,79
PAK,Pakistan,admin2,PK32022,Gilgit Baltistan,PK3122022,Tangir,20,2024-10-16,2024-10-31,0,0,10.02,1002,0,0.7443318218502335,89
PAK,Pakistan,admin2,PK32022,Gilgit Baltistan,PK3132022,Gupis-Yasin,20,2024-10-16,2024-10-31,0.32,32,88.55,8855,0.91324200913242,0.922720606109414,1567
PAK,Pakistan,admin2,PK32022,Gilgit Baltistan,PK3142022,Rondu,20,2024-10-16,2024-10-31,0.03,3,57.050000000000004,5705,0.5408347944120807,2.4615651335946573,1290
PAK,Pakistan,admin2,PK42022,Islamabad,PK4012022,Islamabad,20,2024-10-16,2024-10-31,0.19,19,5.609999999999999,561,0.0718215836236709,0.5361519234663414,8967
PAK,Pakistan,admin2,PK52022,Khyber Pakhtunkhwa,PK5012022,Abbottabad,20,2024-10-16,2024-10-31,0,0,0.53,53,0,0.02827950800310068,150
PAK,Pakistan,admin2,PK52022,Khyber Pakhtunkhwa,PK5022022,Bajaur,20,2024-10-16,2024-10-31,0.53,53,2.8199999999999994,282,0.1025994128717283,0.1708718666303138,1156
PAK,Pakistan,admin2,PK52022,Khyber Pakhtunkhwa,PK5032022,Bannu,20,2024-10-16,2024-10-31,2.86,286,17.869999999999997,1787,0.4489101418298754,0.7372117339692058,998
PAK,Pakistan,admin2,PK52022,Khyber Pakhtunkhwa,PK5042022,Batagram,20,2024-10-16,2024-10-31,0.04,4,3.84,384,0.0859089163348224,0.2118497894126119,1922
PAK,Pakistan,admin2,PK52022,Khyber Pakhtunkhwa,PK5052022,Buner,20,2024-10-16,2024-10-31,0.03,3,2.3199999999999994,232,0.0067509175291147,0.10942367773387747,608
PAK,Pakistan,admin2,PK52022,Khyber Pakhtunkhwa,PK5062022,Charsadda,20,2024-10-16,2024-10-31,3.28,328,7.96,796,0.5911017142303079,0.6569666395719449,7981
PAK,Pakistan,admin2,PK52022,Khyber Pakhtunkhwa,PK5072022,Chitral Lower,20,2024-10-16,2024-10-31,0.02,2,51.11,5111,0.0704067855574974,0.679923678977215,1724
PAK,Pakistan,admin2,PK52022,Khyber Pakhtunkhwa,PK5082022,Chitral Upper,20,2024-10-16,2024-10-31,0.1,10,62.42,6242,0.4541326067211626,0.5819290822395871,934
PAK,Pakistan,admin2,PK52022,Khyber Pakhtunkhwa,PK5092022,D. I. Khan,20,2024-10-16,2024-10-31,76.86,7686,215.09,21509,1.8527513541472875,2.018264062664536,26595
PAK,Pakistan,admin2,PK52022,Khyber Pakhtunkhwa,PK5102022,Hangu,20,2024-10-16,2024-10-31,0.01,1,0.44000000000000006,44,0.0034107830770051,0.027197218960737266,94
PAK,Pakistan,admin2,PK52022,Khyber Pakhtunkhwa,PK5112022,Haripur,20,2024-10-16,2024-10-31,24.9,2490,114.56000000000002,11456,4.962047894488084,4.848344591750179,24121
PAK,Pakistan,admin2,PK52022,Khyber Pakhtunkhwa,PK5122022,Karak,20,2024-10-16,2024-10-31,0.07,7,4.34,434,0.017800045951043,0.14034378457235408,478
PAK,Pakistan,admin2,PK52022,Khyber Pakhtunkhwa,PK5132022,Khyber,20,2024-10-16,2024-10-31,0.02,2,5.109999999999999,511,0.0120634851550536,0.15388394249137222,649
PAK,Pakistan,admin2,PK52022,Khyber Pakhtunkhwa,PK5142022,Kohat,20,2024-10-16,2024-10-31,1.43,143,48.67,4867,0.2150547146610522,1.1774465010313726,5854
PAK,Pakistan,admin2,PK52022,Khyber Pakhtunkhwa,PK5152022,Kohistan Lower,20,2024-10-16,2024-10-31,0,0,2.0500000000000003,205,0,0.20376642205340903,573
PAK,Pakistan,admin2,PK52022,Khyber Pakhtunkhwa,PK5162022,Kohistan Upper,20,2024-10-16,2024-10-31,0.01,1,69.84,6984,0.0691562932226832,1.0358780768036944,3575
PAK,Pakistan,admin2,PK52022,Khyber Pakhtunkhwa,PK5172022,Kolai Palas Kohistan,20,2024-10-16,2024-10-31,0.05,5,11.27,1127,0.5094436874932574,0.7489670087831518,1988
PAK,Pakistan,admin2,PK52022,Khyber Pakhtunkhwa,PK5182022,Kurram,20,2024-10-16,2024-10-31,0.06,6,2.84,284,0.0222213637062097,0.06998307321862576,285
PAK,Pakistan,admin2,PK52022,Khyber Pakhtunkhwa,PK5192022,Lakki Marwat,20,2024-10-16,2024-10-31,2.07,207,2.2499999999999996,225,0.1587739409205129,0.05719674862079312,803
PAK,Pakistan,admin2,PK52022,Khyber Pakhtunkhwa,PK5202022,Lower Dir,20,2024-10-16,2024-10-31,0,0,0.9200000000000002,92,0,0.061277982893882574,278
PAK,Pakistan,admin2,PK52022,Khyber Pakhtunkhwa,PK5212022,Malakand,20,2024-10-16,2024-10-31,0,0,0.8300000000000001,83,0,0.09690030284263317,101
PAK,Pakistan,admin2,PK52022,Khyber Pakhtunkhwa,PK5222022,Mansehra,20,2024-10-16,2024-10-31,1.97,197,9.39,939,0.5744909548123152,0.1911545219805746,4802
PAK,Pakistan,admin2,PK52022,Khyber Pakhtunkhwa,PK5232022,Mardan,20,2024-10-16,2024-10-31,0.8,80,2.62,262,0.0951917925636452,0.13205561634651258,4793
PAK,Pakistan,admin2,PK52022,Khyber Pakhtunkhwa,PK5242022,Mohmand,20,2024-10-16,2024-10-31,0.08,8,3.7,370,0.0178876900336893,0.13584775065281413,668
PAK,Pakistan,admin2,PK52022,Khyber Pakhtunkhwa,PK5252022,North Waziristan,20,2024-10-16,2024-10-31,0.29,29,4.37,437,0.1895152331037366,0.07459311708788564,134
PAK,Pakistan,admin2,PK52022,Khyber Pakhtunkhwa,PK5262022,Nowshera,20,2024-10-16,2024-10-31,2.37,237,14.049999999999999,1405,0.4765717681518366,0.6738372491814695,7281
PAK,Pakistan,admin2,PK52022,Khyber Pakhtunkhwa,PK5272022,Orakzai,20,2024-10-16,2024-10-31,0,0,1.04,104,0,0.06993724371837226,173
PAK,Pakistan,admin2,PK52022,Khyber Pakhtunkhwa,PK5282022,Peshawar,20,2024-10-16,2024-10-31,1.22,122,3.3299999999999996,333,0.184851900709514,0.17906716917801777,11009
PAK,Pakistan,admin2,PK52022,Khyber Pakhtunkhwa,PK5292022,Shangla,20,2024-10-16,2024-10-31,4.15,415,22.16,2216,10.937837527764485,1.3198455957230337,9701
PAK,Pakistan,admin2,PK52022,Khyber Pakhtunkhwa,PK5302022,South Waziristan,20,2024-10-16,2024-10-31,0.26,26,27.79,2779,0.1327560680335802,0.37703565174039777,808
PAK,Pakistan,admin2,PK52022,Khyber Pakhtunkhwa,PK5312022,Swabi,20,2024-10-16,2024-10-31,0.71,71,19.549999999999997,1955,0.0767667287019287,1.0902978071831646,16605
PAK,Pakistan,admin2,PK52022,Khyber Pakhtunkhwa,PK5322022,Swat,20,2024-10-16,2024-10-31,0.16,16,25.48,2548,0.0487719567942622,0.3923582426046412,2466
PAK,Pakistan,admin2,PK52022,Khyber Pakhtunkhwa,PK5332022,Tank,20,2024-10-16,2024-10-31,1.57,157,2.77,277,0.220144203663879,0.09043496973491646,290
PAK,Pakistan,admin2,PK52022,Khyber Pakhtunkhwa,PK5342022,Tor Ghar,20,2024-10-16,2024-10-31,3.66,366,41.68,4168,26.98631166833409,7.536504545026185,23759
PAK,Pakistan,admin2,PK52022,Khyber Pakhtunkhwa,PK5352022,Upper Dir,20,2024-10-16,2024-10-31,0.04,4,11.030000000000001,1103,0.0402861740220531,0.24395081724629644,702
PAK,Pakistan,admin2,PK62022,Punjab,PK6012022,Attock,20,2024-10-16,2024-10-31,2.78,278,38.32,3832,0.0815462325209205,0.46128565622206386,6514
PAK,Pakistan,admin2,PK62022,Punjab,PK6022022,Bahawalnagar,20,2024-10-16,2024-10-31,28.26,2826,42.39,4239,0.4405317798047535,0.42821674553775935,14428
PAK,Pakistan,admin2,PK62022,Punjab,PK6032022,Bahawalpur,20,2024-10-16,2024-10-31,5.64,564,10.18,1018,0.0811991516918773,0.03707651813077037,3322
PAK,Pakistan,admin2,PK62022,Punjab,PK6042022,Bhakkar,20,2024-10-16,2024-10-31,18.75,1875,58.18000000000001,5818,0.4400143819477245,0.5826829726413973,6286
PAK,Pakistan,admin2,PK62022,Punjab,PK6052022,Chakwal,20,2024-10-16,2024-10-31,1.99,199,19.31,1931,0.0609273096913359,0.24923136894982817,5841
PAK,Pakistan,admin2,PK62022,Punjab,PK6062022,Chiniot,20,2024-10-16,2024-10-31,1.03,103,2.16,216,0.044976049418892,0.07044241146780966,1222
PAK,Pakistan,admin2,PK62022,Punjab,PK6072022,Dera Ghazi Khan,20,2024-10-16,2024-10-31,104.32,10432,251.12999999999997,25113,2.1929675233954544,1.8346258527439196,46662
PAK,Pakistan,admin2,PK62022,Punjab,PK6082022,Faisalabad,20,2024-10-16,2024-10-31,10.58,1058,23.25,2325,0.2128165528886797,0.3332055382725484,10682
PAK,Pakistan,admin2,PK62022,Punjab,PK6092022,Gujranwala,20,2024-10-16,2024-10-31,28.95,2895,89.16,8916,0.8117206201062839,2.0795531380029537,50161
PAK,Pakistan,admin2,PK62022,Punjab,PK6102022,Gujrat,20,2024-10-16,2024-10-31,20.32,2032,59.96000000000001,5996,0.7808886867711641,1.587688332516668,34099
PAK,Pakistan,admin2,PK62022,Punjab,PK6112022,Hafizabad,20,2024-10-16,2024-10-31,21.69,2169,48.35,4835,0.9179118499922968,1.7946724679986994,21321
PAK,Pakistan,admin2,PK62022,Punjab,PK6122022,Jhang,20,2024-10-16,2024-10-31,49.65,4965,140.07,14007,0.9486827574661836,1.8828257348852362,35093
PAK,Pakistan,admin2,PK62022,Punjab,PK6132022,Jhelum,20,2024-10-16,2024-10-31,38.1,3810,130.19,13019,2.323307896872244,3.056742351795557,50132
PAK,Pakistan,admin2,PK62022,Punjab,PK6142022,Kasur,20,2024-10-16,2024-10-31,2.19,219,10.69,1069,0.0597017669830789,0.24119856401579567,4956
PAK,Pakistan,admin2,PK62022,Punjab,PK6152022,Khanewal,20,2024-10-16,2024-10-31,14.4,1440,58.129999999999995,5813,0.3526653355022889,1.147654798158883,22535
PAK,Pakistan,admin2,PK62022,Punjab,PK6162022,Khushab,20,2024-10-16,2024-10-31,32.75,3275,105.32,10532,1.0213661669101577,1.3466088807734038,31157
PAK,Pakistan,admin2,PK62022,Punjab,PK6172022,Lahore,20,2024-10-16,2024-10-31,2.34,234,7.9399999999999995,794,0.2306753976164232,0.3902998901504452,46603
PAK,Pakistan,admin2,PK62022,Punjab,PK6182022,Leiah,20,2024-10-16,2024-10-31,88.96,8896,181.89999999999998,18190,1.982710888312132,2.4242786548657755,26198
PAK,Pakistan,admin2,PK62022,Punjab,PK6192022,Lodhran,20,2024-10-16,2024-10-31,0.34,34,0.98,98,0.0123492881198024,0.033312592167837385,283
PAK,Pakistan,admin2,PK62022,Punjab,PK6202022,Mandi Bahauddin,20,2024-10-16,2024-10-31,44.84,4484,119.30000000000001,11930,1.7876982961519472,3.6620969874092517,65368
PAK,Pakistan,admin2,PK62022,Punjab,PK6212022,Mianwali,20,2024-10-16,2024-10-31,103.33,10333,254.62000000000003,25462,2.879364367952413,3.5859772708884923,36783
PAK,Pakistan,admin2,PK62022,Punjab,PK6222022,Multan,20,2024-10-16,2024-10-31,12.37,1237,41.02,4102,0.4216125572602346,0.9710486199952864,17169
PAK,Pakistan,admin2,PK62022,Punjab,PK6232022,Muzaffargarh,20,2024-10-16,2024-10-31,136.37,13637,395.95,39595,2.4066826400019936,4.4427635768229745,118766
PAK,Pakistan,admin2,PK62022,Punjab,PK6242022,Nankana Sahib,20,2024-10-16,2024-10-31,6.97,697,12.78,1278,0.3226620399832971,0.49537286418619214,5186
PAK,Pakistan,admin2,PK62022,Punjab,PK6262022,Okara,20,2024-10-16,2024-10-31,7.41,741,11.25,1125,0.1658299314816226,0.21728414459096984,5449
PAK,Pakistan,admin2,PK62022,Punjab,PK6272022,Pakpattan,20,2024-10-16,2024-10-31,0.08,8,0.09,9,0.0027051419537163,0.003022552946731564,72
PAK,Pakistan,admin2,PK62022,Punjab,PK6282022,Rahim Yar Khan,20,2024-10-16,2024-10-31,54.37,5437,209.24,20924,0.7810446158445321,1.4270317468200555,27470
PAK,Pakistan,admin2,PK62022,Punjab,PK6292022,Rajanpur,20,2024-10-16,2024-10-31,90.46,9046,215.13,21513,1.6529388726905725,1.4874723462759778,28778
PAK,Pakistan,admin2,PK62022,Punjab,PK6302022,Rawalpindi,20,2024-10-16,2024-10-31,4.46,446,49.879999999999995,4988,0.1960002742935345,0.7941516513102213,9406
PAK,Pakistan,admin2,PK62022,Punjab,PK6312022,Sahiwal,20,2024-10-16,2024-10-31,0.35,35,1.7999999999999998,180,0.0111978505747778,0.0478562860091834,1580
PAK,Pakistan,admin2,PK62022,Punjab,PK6322022,Sargodha,20,2024-10-16,2024-10-31,31.72,3172,98.94999999999999,9895,0.6716412537924514,1.429669094094044,33876
PAK,Pakistan,admin2,PK62022,Punjab,PK6332022,Sheikhupura,20,2024-10-16,2024-10-31,4.14,414,10.93,1093,0.1158009146988876,0.2554157972885926,4099
PAK,Pakistan,admin2,PK62022,Punjab,PK6342022,Sialkot,20,2024-10-16,2024-10-31,7.3,730,24.43,2443,0.2385812165258153,0.6702746035856131,16843
PAK,Pakistan,admin2,PK62022,Punjab,PK6352022,Toba Tek Singh,20,2024-10-16,2024-10-31,1.33,133,2.75,275,0.0477882696854594,0.08061919959948044,942
PAK,Pakistan,admin2,PK62022,Punjab,PK6362022,Vehari,20,2024-10-16,2024-10-31,2.49,249,5.95,595,0.0550083597632497,0.11412382634861426,3549
PAK,Pakistan,admin2,PK72022,Sindh,PK7012022,Badin,20,2024-10-16,2024-10-31,485.16,48516,968.89,96889,9.734331920435576,13.326895831511603,155172
PAK,Pakistan,admin2,PK72022,Sindh,PK7032022,Dadu,20,2024-10-16,2024-10-31,344.55,34455,524.83,52483,10.226397908010394,5.816174945117294,116849
PAK,Pakistan,admin2,PK72022,Sindh,PK7052022,Ghotki,20,2024-10-16,2024-10-31,73.91,7391,228.92000000000002,22892,2.385256760369494,3.1676045390730225,35938
PAK,Pakistan,admin2,PK72022,Sindh,PK7062022,Hyderabad,20,2024-10-16,2024-10-31,52.44,5244,127.28999999999999,12729,10.089313078351848,11.242805592614246,194764
PAK,Pakistan,admin2,PK72022,Sindh,PK7072022,Jacobabad,20,2024-10-16,2024-10-31,355.86,35586,540.22,54022,14.46114900161285,17.624095871143112,120513
PAK,Pakistan,admin2,PK72022,Sindh,PK7082022,Jamshoro,20,2024-10-16,2024-10-31,87.2,8720,206.62000000000003,20662,5.524017090269461,1.6502937672687295,48007
PAK,Pakistan,admin2,PK72022,Sindh,PK7092022,Kambar Shahdad Kot,20,2024-10-16,2024-10-31,444.01,44401,613.96,61396,12.93406404465671,9.680494068909036,77703
PAK,Pakistan,admin2,PK72022,Sindh,PK7102022,Kashmore,20,2024-10-16,2024-10-31,415.99,41599,746.6500000000001,74665,19.65758509990391,25.054040758912787,184180
PAK,Pakistan,admin2,PK72022,Sindh,PK7112022,Khairpur,20,2024-10-16,2024-10-31,100.72,10072,319.41,31941,3.13971377916586,1.7737030624619239,82277
PAK,Pakistan,admin2,PK72022,Sindh,PK7122022,Korangi Karachi,20,2024-10-16,2024-10-31,0,0,3.7299999999999995,373,0,3.501537709405686,8032
PAK,Pakistan,admin2,PK72022,Sindh,PK7132022,Larkana,20,2024-10-16,2024-10-31,108.36,10836,218.72,21872,7.044527897980457,10.058147923786551,78723
PAK,Pakistan,admin2,PK72022,Sindh,PK7142022,Malir Karachi,20,2024-10-16,2024-10-31,3.02,302,223.65,22365,1.221146044214653,7.394653441540303,47692
PAK,Pakistan,admin2,PK72022,Sindh,PK7152022,Matiari,20,2024-10-16,2024-10-31,132.01,13201,221.87,22187,11.735757944586462,13.648068035909303,59291
PAK,Pakistan,admin2,PK72022,Sindh,PK7162022,Mirpur Khas,20,2024-10-16,2024-10-31,64.24,6424,145.74999999999997,14575,2.756283074235901,3.787464447284086,42166
PAK,Pakistan,admin2,PK72022,Sindh,PK7172022,Naushahro Feroze,20,2024-10-16,2024-10-31,107.85,10785,254.57000000000002,25457,4.28216900885368,7.447384110540124,74535
PAK,Pakistan,admin2,PK72022,Sindh,PK7182022,Sanghar,20,2024-10-16,2024-10-31,81.53,8153,419.84999999999997,41985,2.071496874961763,3.700678015971395,72588
PAK,Pakistan,admin2,PK72022,Sindh,PK7192022,Shaheed Benazir Abad,20,2024-10-16,2024-10-31,143.49,14349,332.1,33210,4.735551752326076,6.467537738339112,71422
PAK,Pakistan,admin2,PK72022,Sindh,PK7202022,Shikarpur,20,2024-10-16,2024-10-31,208.05,20805,395.99,39599,9.666995376062964,13.656429238820648,99616
PAK,Pakistan,admin2,PK72022,Sindh,PK7212022,South Karachi,20,2024-10-16,2024-10-31,0,0,26.799999999999997,2680,0,4.913544198243176,62843
PAK,Pakistan,admin2,PK72022,Sindh,PK7222022,Sujawal,20,2024-10-16,2024-10-31,526.93,52693,3713.33,371333,20.293137163086115,38.799956228004625,204223
PAK,Pakistan,admin2,PK72022,Sindh,PK7232022,Sukkur,20,2024-10-16,2024-10-31,54.66,5466,182.41,18241,3.298164319301148,3.112220323752059,56524
PAK,Pakistan,admin2,PK72022,Sindh,PK7242022,Tando Allahyar,20,2024-10-16,2024-10-31,28.04,2804,57.63,5763,2.612464835471388,3.355228225794524,14415
PAK,Pakistan,admin2,PK72022,Sindh,PK7252022,Tando Muhammad Khan,20,2024-10-16,2024-10-31,110.11,11011,203.23000000000002,20323,7.949514697685987,10.936633698970773,50431
PAK,Pakistan,admin2,PK72022,Sindh,PK7262022,Tharparkar,20,2024-10-16,2024-10-31,25.57,2557,541.12,54112,0.742488650098732,2.485112630880453,16876
PAK,Pakistan,admin2,PK72022,Sindh,PK7272022,Thatta,20,2024-10-16,2024-10-31,214.38,21438,1406.69,140669,10.774544254490912,16.671047759598455,118419
PAK,Pakistan,admin2,PK72022,Sindh,PK7282022,Umer Kot,20,2024-10-16,2024-10-31,51.02,5102,108.28,10828,2.659053615551383,1.7744779260290364,23278
PAK,Pakistan,admin2,PK72022,Sindh,PK7292022,West Karachi,19,2024-01-10,2024-10-15,0.04,4,0.53,53,0.1990189536285837,0.34222372239642185,60
PAK,Pakistan,admin2,PK72022,Sindh,PK7282022,Umer Kot,19,2024-01-10,2024-10-15,127.48,12748,248.97000000000003,24897,6.643985788131915,4.080086527922509,49690
PAK,Pakistan,admin2,PK72022,Sindh,PK7272022,Thatta,19,2024-01-10,2024-10-15,288.43,28843,1425.8,142580,14.496230055615328,16.897525322306606,140752
PAK,Pakistan,admin2,PK72022,Sindh,PK7262022,Tharparkar,19,2024-01-10,2024-10-15,36.5,3650,677.7,67770,1.0598684289637748,3.1123610843208214,20954
PAK,Pakistan,admin2,PK72022,Sindh,PK7252022,Tando Muhammad Khan,19,2024-01-10,2024-10-15,135.04,13504,244,24400,9.749363952188864,13.130633383599216,61559
PAK,Pakistan,admin2,PK72022,Sindh,PK7242022,Tando Allahyar,19,2024-01-10,2024-10-15,45.44,4544,85.42,8542,4.233609205557056,4.973166667488603,21326
PAK,Pakistan,admin2,PK72022,Sindh,PK7232022,Sukkur,19,2024-01-10,2024-10-15,84.42,8442,241.97999999999996,24198,5.0938717862313005,4.128584364571696,90833
PAK,Pakistan,admin2,PK72022,Sindh,PK7222022,Sujawal,19,2024-01-10,2024-10-15,686.91,68691,2536.91,253691,26.454289656492293,26.507742903105086,208506
PAK,Pakistan,admin2,PK72022,Sindh,PK7212022,South Karachi,19,2024-01-10,2024-10-15,0,0,31.230000000000004,3123,0,5.725745720564717,92127
PAK,Pakistan,admin2,PK72022,Sindh,PK7202022,Shikarpur,19,2024-01-10,2024-10-15,242.85,24285,455.40999999999997,45541,11.283969368309975,15.705635090914694,117705
PAK,Pakistan,admin2,PK72022,Sindh,PK7192022,Shaheed Benazir Abad,19,2024-01-10,2024-10-15,221.93,22193,468.13,46813,7.324280440405088,9.116677029354678,100493
PAK,Pakistan,admin2,PK72022,Sindh,PK7182022,Sanghar,19,2024-01-10,2024-10-15,125.71,12571,547.8,54780,3.194012905083321,4.828465921517518,95120
PAK,Pakistan,admin2,PK72022,Sindh,PK7172022,Naushahro Feroze,19,2024-01-10,2024-10-15,176.21,17621,371.36,37136,6.996393148355189,10.864047465491538,108277
PAK,Pakistan,admin2,PK72022,Sindh,PK7162022,Mirpur Khas,19,2024-01-10,2024-10-15,147,14700,314.37999999999994,31438,6.30718573961204,8.169489351198429,95922
PAK,Pakistan,admin2,PK72022,Sindh,PK7152022,Matiari,19,2024-01-10,2024-10-15,207.18,20718,313.44000000000005,31344,18.418410203465065,19.280887209516443,84398
PAK,Pakistan,admin2,PK72022,Sindh,PK7142022,Malir Karachi,19,2024-01-10,2024-10-15,3.61,361,212.3,21230,1.4597143111307602,7.019382631965154,48492
PAK,Pakistan,admin2,PK72022,Sindh,PK7132022,Larkana,19,2024-01-10,2024-10-15,129.49,12949,257.35,25735,8.418197836004884,11.834603000121016,88376
PAK,Pakistan,admin2,PK72022,Sindh,PK7122022,Korangi Karachi,19,2024-01-10,2024-10-15,0,0,3.7699999999999996,377,0,3.539087711651323,8353
PAK,Pakistan,admin2,PK72022,Sindh,PK7112022,Khairpur,19,2024-01-10,2024-10-15,139.29,13929,416.12,41612,4.342044601866686,2.3107395458866526,102867
PAK,Pakistan,admin2,PK72022,Sindh,PK7102022,Kashmore,19,2024-01-10,2024-10-15,487.3,48730,863.82,86382,23.027335318597014,28.98571149583345,230641
PAK,Pakistan,admin2,PK72022,Sindh,PK7092022,Kambar Shahdad Kot,19,2024-01-10,2024-10-15,511.83,51183,702.0299999999999,70203,14.909668701102778,11.069120547260752,86151
PAK,Pakistan,admin2,PK72022,Sindh,PK7082022,Jamshoro,19,2024-01-10,2024-10-15,136.87,13687,291.8,29180,8.670552971848407,2.330634601147107,67130
PAK,Pakistan,admin2,PK72022,Sindh,PK7072022,Jacobabad,19,2024-01-10,2024-10-15,398.85,39885,593.99,59399,16.208141626744464,19.378284229573687,131413
PAK,Pakistan,admin2,PK72022,Sindh,PK7062022,Hyderabad,19,2024-01-10,2024-10-15,70.55,7055,163.04,16304,13.573627720780374,14.400400847040823,219476
PAK,Pakistan,admin2,PK72022,Sindh,PK7052022,Ghotki,19,2024-01-10,2024-10-15,89.64,8964,271.64,27164,2.8929023947980173,3.758728363593377,42908
PAK,Pakistan,admin2,PK72022,Sindh,PK7032022,Dadu,19,2024-01-10,2024-10-15,401.8,40180,597.83,59783,11.925603481174218,6.625162180971881,146430
PAK,Pakistan,admin2,PK72022,Sindh,PK7012022,Badin,19,2024-01-10,2024-10-15,832.34,83234,1521.0300000000002,152103,16.70020989087177,20.921475468426852,250787
PAK,Pakistan,admin2,PK62022,Punjab,PK6362022,Vehari,19,2024-01-10,2024-10-15,2.54,254,6.12,612,0.0561129453006644,0.11738450710143189,3453
PAK,Pakistan,admin2,PK62022,Punjab,PK6352022,Toba Tek Singh,19,2024-01-10,2024-10-15,5.95,595,10.35,1035,0.2137896275402133,0.28734821253243914,3822
PAK,Pakistan,admin2,PK62022,Punjab,PK6342022,Sialkot,19,2024-01-10,2024-10-15,15.26,1526,41.010000000000005,4101,0.4987327896142386,1.1251723902188295,32566
PAK,Pakistan,admin2,PK62022,Punjab,PK6332022,Sheikhupura,19,2024-01-10,2024-10-15,18.52,1852,36,3600,0.5180272802471977,0.8412597165955475,14679
PAK,Pakistan,admin2,PK62022,Punjab,PK6322022,Sargodha,19,2024-01-10,2024-10-15,39.65,3965,121.71,12171,0.8395515672405642,1.7585146583343716,41988
PAK,Pakistan,admin2,PK62022,Punjab,PK6312022,Sahiwal,19,2024-01-10,2024-10-15,2.63,263,7.32,732,0.0841438486047591,0.19461556310401293,3945
PAK,Pakistan,admin2,PK62022,Punjab,PK6302022,Rawalpindi,19,2024-01-10,2024-10-15,6.61,661,59.02,5902,0.2904847114529738,0.9396718215783735,11497
PAK,Pakistan,admin2,PK62022,Punjab,PK6292022,Rajanpur,19,2024-01-10,2024-10-15,126.1,12610,287.1,28710,2.304174130513831,1.9850941784773541,37958
PAK,Pakistan,admin2,PK62022,Punjab,PK6282022,Rahim Yar Khan,19,2024-01-10,2024-10-15,57.44,5744,249.93,24993,0.8251462706292059,1.7045404534636612,29554
PAK,Pakistan,admin2,PK62022,Punjab,PK6272022,Pakpattan,19,2024-01-10,2024-10-15,0.1,10,0.12000000000000001,12,0.0033814274421454,0.003956421849316313,41
PAK,Pakistan,admin2,PK62022,Punjab,PK6262022,Okara,19,2024-01-10,2024-10-15,11.2,1120,17.07,1707,0.2506471299047468,0.32969247539269847,7309
PAK,Pakistan,admin2,PK62022,Punjab,PK6252022,Narowal,19,2024-01-10,2024-10-15,0.16,16,0.42,42,0.0064545326504669,0.01553451367884984,137
PAK,Pakistan,admin2,PK62022,Punjab,PK6242022,Nankana Sahib,19,2024-01-10,2024-10-15,17.08,1708,31.49,3149,0.7906840233737038,1.2206018382803754,12486
PAK,Pakistan,admin2,PK62022,Punjab,PK6232022,Muzaffargarh,19,2024-01-10,2024-10-15,141.6,14160,410.74,41074,2.498982634188475,4.608715018422195,117675
PAK,Pakistan,admin2,PK62022,Punjab,PK6222022,Multan,19,2024-01-10,2024-10-15,10.79,1079,43.6,4360,0.367760670399186,1.0321238379277053,15837
PAK,Pakistan,admin2,PK62022,Punjab,PK6212022,Mianwali,19,2024-01-10,2024-10-15,145.93,14593,340.42,34042,4.066443842207448,4.794353870693034,50543
PAK,Pakistan,admin2,PK62022,Punjab,PK6202022,Mandi Bahauddin,19,2024-01-10,2024-10-15,53.57,5357,134.71,13471,2.1357492802154288,4.135130638507127,72459
PAK,Pakistan,admin2,PK62022,Punjab,PK6192022,Lodhran,19,2024-01-10,2024-10-15,0.38,38,0.96,96,0.0138021455456616,0.0326327433480858,392
PAK,Pakistan,admin2,PK62022,Punjab,PK6182022,Leiah,19,2024-01-10,2024-10-15,111.03,11103,227.39999999999998,22740,2.474599706939028,3.030681506962492,33289
PAK,Pakistan,admin2,PK62022,Punjab,PK6172022,Lahore,19,2024-01-10,2024-10-15,6.27,627,17.03,1703,0.6180917705363137,0.8371293613680204,28289
PAK,Pakistan,admin2,PK62022,Punjab,PK6162022,Khushab,19,2024-01-10,2024-10-15,89.57,8957,206.2,20620,2.793397483057796,2.6364484543816546,51786
PAK,Pakistan,admin2,PK62022,Punjab,PK6152022,Khanewal,19,2024-01-10,2024-10-15,13.56,1356,57.29,5729,0.332093190931322,1.1310707618531293,22222
PAK,Pakistan,admin2,PK62022,Punjab,PK6142022,Kasur,19,2024-01-10,2024-10-15,2.29,229,12.559999999999999,1256,0.062427875064498,0.2690512779662692,5873
PAK,Pakistan,admin2,PK62022,Punjab,PK6132022,Jhelum,19,2024-01-10,2024-10-15,63.16,6316,181.01999999999998,18102,3.8514468967572415,4.250184349965679,67778
PAK,Pakistan,admin2,PK62022,Punjab,PK6122022,Jhang,19,2024-01-10,2024-10-15,62.63,6263,168.37,16837,1.1966969003042716,2.263235303652654,43842
PAK,Pakistan,admin2,PK62022,Punjab,PK6112022,Hafizabad,19,2024-01-10,2024-10-15,30.19,3019,61.400000000000006,6140,1.2776283426126067,2.2790670017604997,25655
PAK,Pakistan,admin2,PK62022,Punjab,PK6102022,Gujrat,19,2024-01-10,2024-10-15,26.19,2619,71.92,7192,1.0064702119358655,1.904378667021327,43181
PAK,Pakistan,admin2,PK62022,Punjab,PK6092022,Gujranwala,19,2024-01-10,2024-10-15,35.58,3558,100.22,10022,0.9976172595295882,2.3375147542693586,54721
PAK,Pakistan,admin2,PK62022,Punjab,PK6082022,Faisalabad,19,2024-01-10,2024-10-15,25.93,2593,53.32,5332,0.5215815894521234,0.7641513677717111,22663
PAK,Pakistan,admin2,PK62022,Punjab,PK6072022,Dera Ghazi Khan,19,2024-01-10,2024-10-15,116.14,11614,277.66,27766,2.441442179516373,2.0284403069043,49992
PAK,Pakistan,admin2,PK62022,Punjab,PK6062022,Chiniot,19,2024-01-10,2024-10-15,2.66,266,7.55,755,0.1161517392759736,0.24622231786202023,3157
PAK,Pakistan,admin2,PK62022,Punjab,PK6052022,Chakwal,19,2024-01-10,2024-10-15,1.99,199,22.32,2232,0.0609273096913359,0.2880810023283358,6521
PAK,Pakistan,admin2,PK62022,Punjab,PK6042022,Bhakkar,19,2024-01-10,2024-10-15,13.2,1320,66.32,6632,0.309770124891198,0.6642065098930467,6141
PAK,Pakistan,admin2,PK62022,Punjab,PK6032022,Bahawalpur,19,2024-01-10,2024-10-15,4.92,492,9.3,930,0.0708333025397228,0.033871475306106534,2802
PAK,Pakistan,admin2,PK62022,Punjab,PK6022022,Bahawalnagar,19,2024-01-10,2024-10-15,37.36,3736,52.19,5219,0.5823873776895113,0.5272147192643467,19696
PAK,Pakistan,admin2,PK62022,Punjab,PK6012022,Attock,19,2024-01-10,2024-10-15,3.42,342,51.510000000000005,5151,0.1003194659070317,0.620063260751527,9018
PAK,Pakistan,admin2,PK52022,Khyber Pakhtunkhwa,PK5352022,Upper Dir,19,2024-01-10,2024-10-15,0.05,5,2.93,293,0.0503577175275664,0.06480289161664984,190
PAK,Pakistan,admin2,PK52022,Khyber Pakhtunkhwa,PK5342022,Tor Ghar,19,2024-01-10,2024-10-15,3.73,373,40.38,4038,27.50244331226397,7.30144082361222,22253
PAK,Pakistan,admin2,PK52022,Khyber Pakhtunkhwa,PK5332022,Tank,19,2024-01-10,2024-10-15,2.96,296,4.29,429,0.4150489444873133,0.14005993507682038,447
PAK,Pakistan,admin2,PK52022,Khyber Pakhtunkhwa,PK5322022,Swat,19,2024-01-10,2024-10-15,0.1,10,12.54,1254,0.0304824729964139,0.1959319497953191,2489
PAK,Pakistan,admin2,PK52022,Khyber Pakhtunkhwa,PK5312022,Swabi,19,2024-01-10,2024-10-15,1.69,169,24.799999999999997,2480,0.1827264387412107,1.3830887784216106,18752
PAK,Pakistan,admin2,PK52022,Khyber Pakhtunkhwa,PK5302022,South Waziristan,19,2024-01-10,2024-10-15,0.29,29,28.18,2818,0.1480740758836088,0.38232690413977694,683
PAK,Pakistan,admin2,PK52022,Khyber Pakhtunkhwa,PK5292022,Shangla,19,2024-01-10,2024-10-15,4.32,432,17.82,1782,11.385893522877728,1.0613559799541725,8393
PAK,Pakistan,admin2,PK52022,Khyber Pakhtunkhwa,PK5282022,Peshawar,19,2024-01-10,2024-10-15,0.62,62,3.41,341,0.0939411298687694,0.18336908315226447,3364
PAK,Pakistan,admin2,PK52022,Khyber Pakhtunkhwa,PK5262022,Nowshera,19,2024-01-10,2024-10-15,5.81,581,26.650000000000002,2665,1.1683046299418445,1.278132575849549,15520
PAK,Pakistan,admin2,PK52022,Khyber Pakhtunkhwa,PK5252022,North Waziristan,19,2024-01-10,2024-10-15,0.11,11,3.7199999999999998,372,0.0718850884186587,0.07072617989642871,63
PAK,Pakistan,admin2,PK52022,Khyber Pakhtunkhwa,PK5242022,Mohmand,19,2024-01-10,2024-10-15,0.08,8,3.3100000000000005,331,0.0178876900336893,0.12152866342184188,587
PAK,Pakistan,admin2,PK52022,Khyber Pakhtunkhwa,PK5222022,Mansehra,19,2024-01-10,2024-10-15,2.05,205,7.18,718,0.5978205367336275,0.14826037235727327,5235
PAK,Pakistan,admin2,PK52022,Khyber Pakhtunkhwa,PK5212022,Malakand,19,2024-01-10,2024-10-15,0,0,0.2,20,0,0.022702794380123497,32
PAK,Pakistan,admin2,PK52022,Khyber Pakhtunkhwa,PK5202022,Lower Dir,19,2024-01-10,2024-10-15,0.07,7,1.7100000000000002,171,0.0179527507737786,0.0872546289976396,1018
PAK,Pakistan,admin2,PK52022,Khyber Pakhtunkhwa,PK5182022,Kurram,19,2024-01-10,2024-10-15,0.06,6,1.9300000000000002,193,0.0222213637062097,0.04755891947603791,158
PAK,Pakistan,admin2,PK52022,Khyber Pakhtunkhwa,PK5172022,Kolai Palas Kohistan,19,2024-01-10,2024-10-15,0,0,8.94,894,0,0.5980234926145919,1277
PAK,Pakistan,admin2,PK52022,Khyber Pakhtunkhwa,PK5162022,Kohistan Upper,19,2024-01-10,2024-10-15,0,0,43.75999999999999,4376,0,0.6504503763219271,2165
PAK,Pakistan,admin2,PK52022,Khyber Pakhtunkhwa,PK5152022,Kohistan Lower,19,2024-01-10,2024-10-15,0,0,2.4799999999999995,248,0,0.24650767155729472,550
PAK,Pakistan,admin2,PK52022,Khyber Pakhtunkhwa,PK5142022,Kohat,19,2024-01-10,2024-10-15,1.75,175,61.97,6197,0.2631788466131757,1.4992060749725529,7491
PAK,Pakistan,admin2,PK52022,Khyber Pakhtunkhwa,PK5132022,Khyber,19,2024-01-10,2024-10-15,0.1,10,2.5700000000000003,257,0.0603174257752681,0.07835438737103502,326
PAK,Pakistan,admin2,PK52022,Khyber Pakhtunkhwa,PK5122022,Karak,19,2024-01-10,2024-10-15,0.11,11,4.88,488,0.0279715007802104,0.15780591445002012,438
PAK,Pakistan,admin2,PK52022,Khyber Pakhtunkhwa,PK5112022,Haripur,19,2024-01-10,2024-10-15,27.5,2750,123.89,12389,5.480173377446679,5.243203661591563,27649
PAK,Pakistan,admin2,PK52022,Khyber Pakhtunkhwa,PK5102022,Hangu,19,2024-01-10,2024-10-15,0,0,0.32,32,0,0.0304997473305241,56
PAK,Pakistan,admin2,PK52022,Khyber Pakhtunkhwa,PK5092022,D. I. Khan,19,2024-01-10,2024-10-15,81.24,8124,239.17,23917,1.9583335936888575,2.2442150535472454,27386
PAK,Pakistan,admin2,PK52022,Khyber Pakhtunkhwa,PK5082022,Chitral Upper,19,2024-01-10,2024-10-15,0,0,34.47,3447,0,0.32201792846178245,974
PAK,Pakistan,admin2,PK52022,Khyber Pakhtunkhwa,PK5072022,Chitral Lower,19,2024-01-10,2024-10-15,0.02,2,34.06,3406,0.0704067855574974,0.4536906214318803,1185
PAK,Pakistan,admin2,PK52022,Khyber Pakhtunkhwa,PK5062022,Charsadda,19,2024-01-10,2024-10-15,2.39,239,10.129999999999999,1013,0.4307113100641572,0.83606432900299,9044
PAK,Pakistan,admin2,PK52022,Khyber Pakhtunkhwa,PK5052022,Buner,19,2024-01-10,2024-10-15,0,0,0.26,26,0,0.015514837051621084,65
PAK,Pakistan,admin2,PK52022,Khyber Pakhtunkhwa,PK5042022,Batagram,19,2024-01-10,2024-10-15,0.04,4,3.3,330,0.0859089163348224,0.19196952796848876,2223
PAK,Pakistan,admin2,PK52022,Khyber Pakhtunkhwa,PK5032022,Bannu,19,2024-01-10,2024-10-15,2.79,279,20.779999999999998,2078,0.4379228306662071,0.8572613224331336,1189
PAK,Pakistan,admin2,PK12022,Azad Kashmir,PK1032022,Jhelum Valley,19,2024-01-10,2024-10-15,0.01,1,0.16,16,0.0728486091629266,0.019471892680854266,84
PAK,Pakistan,admin2,PK12022,Azad Kashmir,PK1052022,Kotli,19,2024-01-10,2024-10-15,0.33,33,5.569999999999999,557,0.1849846538577708,0.2899057860794318,1594
PAK,Pakistan,admin2,PK12022,Azad Kashmir,PK1062022,Mirpur,19,2024-01-10,2024-10-15,42.73,4273,99.36,9936,17.495643009016494,9.240943688810912,23472
PAK,Pakistan,admin2,PK12022,Azad Kashmir,PK1072022,Muzaffarabad,19,2024-01-10,2024-10-15,0,0,1.86,186,0,0.11402068050994246,1543
PAK,Pakistan,admin2,PK12022,Azad Kashmir,PK1082022,Neelum,19,2024-01-10,2024-10-15,0.01,1,11.549999999999999,1155,0.1099531297835001,0.30164689217362606,313
PAK,Pakistan,admin2,PK22022,Balochistan,PK2012022,Awaran,19,2024-01-10,2024-10-15,1.85,185,20.590000000000003,2059,0.6636255944671561,0.07367094225288791,153
PAK,Pakistan,admin2,PK22022,Balochistan,PK2032022,Chagai,19,2024-01-10,2024-10-15,0.02,2,255.23999999999998,25524,0.007745772213242,0.5003195002099206,768
PAK,Pakistan,admin2,PK22022,Balochistan,PK2042022,Dera Bugti,19,2024-01-10,2024-10-15,7.98,798,19.880000000000003,1988,1.330287185527699,0.16837929340045008,1961
PAK,Pakistan,admin2,PK22022,Balochistan,PK2052022,Gwadar,19,2024-01-10,2024-10-15,2.3,230,262.3,26230,8.833270328194022,2.0386369562945594,4613
PAK,Pakistan,admin2,PK22022,Balochistan,PK2062022,Harnai,19,2024-01-10,2024-10-15,0,0,0.24,24,0,0.006923359261426866,3
PAK,Pakistan,admin2,PK22022,Balochistan,PK2072022_1,Jaffarabad,19,2024-01-10,2024-10-15,2.39,239,11.85,1185,0.3337206891714164,1.4561578308835854,1736
PAK,Pakistan,admin2,PK22022,Balochistan,PK2082022,Jhal Magsi,19,2024-01-10,2024-10-15,79.19,7919,96.42,9642,4.627495805544546,2.1890823861949746,4462
PAK,Pakistan,admin2,PK22022,Balochistan,PK2092022,Kachhi,19,2024-01-10,2024-10-15,1.29,129,8.15,815,0.0875889599088595,0.1320584259645958,237
PAK,Pakistan,admin2,PK22022,Balochistan,PK2102022,Kalat,19,2024-01-10,2024-10-15,0,0,0.87,87,0,0.007907809590210695,12
PAK,Pakistan,admin2,PK22022,Balochistan,PK2112022,Kech,19,2024-01-10,2024-10-15,4.18,418,82.89,8289,1.7333074234309531,0.3038372265795397,2769
PAK,Pakistan,admin2,PK22022,Balochistan,PK2122022,Kharan,19,2024-01-10,2024-10-15,0,0,12.26,1226,0,0.1373559287314334,94
PAK,Pakistan,admin2,PK22022,Balochistan,PK2132022,Khuzdar,19,2024-01-10,2024-10-15,3.31,331,25.500000000000004,2550,0.2407159174580399,0.0728745758437718,487
PAK,Pakistan,admin2,PK22022,Balochistan,PK2142022,Killa Abdullah,19,2024-01-10,2024-10-15,0.04,4,1.68,168,0.019298992479069,0.04859162715222529,12
PAK,Pakistan,admin2,PK22022,Balochistan,PK2152022,Killa Saifullah,19,2024-01-10,2024-10-15,0.08,8,31.529999999999998,3153,0.010176177060692,0.2174877212821552,371
PAK,Pakistan,admin2,PK22022,Balochistan,PK2172022,Lasbela,19,2024-01-10,2024-10-15,1.42,142,136.23999999999998,13624,0.1484551014334547,0.8689249111659388,1527
PAK,Pakistan,admin2,PK22022,Balochistan,PK2182022,Lehri,19,2024-01-10,2024-10-15,5.23,523,7.98,798,0.3210646814430006,0.21258580243592473,434
PAK,Pakistan,admin2,PK22022,Balochistan,PK2192022,Loralai,19,2024-01-10,2024-10-15,0.11,11,4.55,455,0.0391912874344908,0.10422855868976066,192
PAK,Pakistan,admin2,PK22022,Balochistan,PK2202022,Mastung,19,2024-01-10,2024-10-15,0.28,28,1.35,135,0.0514304804687348,0.02543268383048617,14
PAK,Pakistan,admin2,PK22022,Balochistan,PK2212022,Musakhel,19,2024-01-10,2024-10-15,0,0,0.53,53,0,0.007922834279033833,13
PAK,Pakistan,admin2,PK22022,Balochistan,PK2222022,Nasirabad,19,2024-01-10,2024-10-15,9.69,969,11.879999999999999,1188,0.351361440798189,0.3225728926731073,765
PAK,Pakistan,admin2,PK22022,Balochistan,PK2232022,Nushki,19,2024-01-10,2024-10-15,1.97,197,49.47,4947,0.9089066884748784,0.7325863504107708,982
PAK,Pakistan,admin2,PK22022,Balochistan,PK2242022,Panjgur,19,2024-01-10,2024-10-15,0,0,3.1099999999999994,311,0,0.01589473415724908,40
PAK,Pakistan,admin2,PK22022,Balochistan,PK2252022,Pishin,19,2024-01-10,2024-10-15,0,0,1.98,198,0,0.0329336898451462,42
PAK,Pakistan,admin2,PK22022,Balochistan,PK2262022,Quetta,19,2024-01-10,2024-10-15,0.05,5,3.6399999999999997,364,0.0275966141227133,0.08591988567712167,446
PAK,Pakistan,admin2,PK22022,Balochistan,PK2272022,Sherani,19,2024-01-10,2024-10-15,0.13,13,27.689999999999998,2769,0.6831853957013934,0.7705712131741491,656
PAK,Pakistan,admin2,PK22022,Balochistan,PK2282022,Sibi,19,2024-01-10,2024-10-15,0,0,0.34,34,0,0.006739188837030403,3
PAK,Pakistan,admin2,PK22022,Balochistan,PK2292022,Sohbatpur,19,2024-01-10,2024-10-15,105.6,10560,198.93,19893,15.13913124729506,22.135489109866374,28515
PAK,Pakistan,admin2,PK22022,Balochistan,PK2302022,Washuk,19,2024-01-10,2024-10-15,0,0,33.96,3396,0,0.07713772448474741,74
PAK,Pakistan,admin2,PK22022,Balochistan,PK2312022,Zhob,19,2024-01-10,2024-10-15,0.98,98,16.15,1615,0.4675388820600897,0.11520271345840348,327
PAK,Pakistan,admin2,PK22022,Balochistan,PK2322022,Ziarat,19,2024-01-10,2024-10-15,0,0,1.07,107,0,0.03054393663285607,17
PAK,Pakistan,admin2,PK22022,Balochistan,PK2332022,Shaheed Sikandarabad,19,2024-01-10,2024-10-15,0.28,28,4.710000000000001,471,0.0988533975040486,0.11173118146610027,111
PAK,Pakistan,admin2,PK22022,Balochistan,PK2342022,Duki,19,2024-01-10,2024-10-15,0.38,38,1.7300000000000002,173,0.0851464967884217,0.03439292465152219,72
PAK,Pakistan,admin2,PK22022,Balochistan,PK2362022,Usta Muhammad,19,2024-01-10,2024-10-15,143.51,14351,172.2,17220,14.930800455051155,15.313051842305441,13120
PAK,Pakistan,admin2,PK32022,Gilgit Baltistan,PK3012022,Astore,19,2024-01-10,2024-10-15,0,0,49.34,4934,0,0.7871945334586801,1030
PAK,Pakistan,admin2,PK32022,Gilgit Baltistan,PK3022022,Diamir,19,2024-01-10,2024-10-15,0,0,15.77,1577,0,0.3059205514434462,280
PAK,Pakistan,admin2,PK32022,Gilgit Baltistan,PK3032022,Ghanche,19,2024-01-10,2024-10-15,0.52,52,361.77,36177,5.646036916395222,3.3979674499666914,5746
PAK,Pakistan,admin2,PK32022,Gilgit Baltistan,PK3042022,Ghizer,19,2024-01-10,2024-10-15,0.1,10,36.92,3692,0.543863091531092,0.6860984813747276,678
PAK,Pakistan,admin2,PK32022,Gilgit Baltistan,PK3052022,Gilgit,19,2024-01-10,2024-10-15,0.03,3,36.57,3657,0.1819886001389298,0.739302148432093,1009
PAK,Pakistan,admin2,PK32022,Gilgit Baltistan,PK3062022,Hunza,19,2024-01-10,2024-10-15,0.09,9,185.93000000000004,18593,7.057846664821478,1.3049352949749002,1113
PAK,Pakistan,admin2,PK32022,Gilgit Baltistan,PK3072022,Skardu,19,2024-01-10,2024-10-15,0.43,43,117.28,11728,1.884603485614108,4.511314603115295,4970
PAK,Pakistan,admin2,PK32022,Gilgit Baltistan,PK3082022,Nagar,19,2024-01-10,2024-10-15,0.16,16,39.96,3996,3.617470253400244,1.0641845594170656,2313
PAK,Pakistan,admin2,PK32022,Gilgit Baltistan,PK3092022,Kharmang,19,2024-01-10,2024-10-15,0.07,7,210.73,21073,3.6458333333333335,2.889764674722739,1694
PAK,Pakistan,admin2,PK32022,Gilgit Baltistan,PK3102022,Shigar,19,2024-01-10,2024-10-15,0.21,21,216.57,21657,1.0854781069910466,2.05954084594624,1469
PAK,Pakistan,admin2,PK32022,Gilgit Baltistan,PK3112022,Darel,19,2024-01-10,2024-10-15,0,0,2.23,223,0,0.13926810831343525,25
PAK,Pakistan,admin2,PK32022,Gilgit Baltistan,PK3122022,Tangir,19,2024-01-10,2024-10-15,0,0,3.9999999999999996,400,0,0.2971384518364205,54
PAK,Pakistan,admin2,PK32022,Gilgit Baltistan,PK3132022,Gupis-Yasin,19,2024-01-10,2024-10-15,0.16,16,83.52,8352,0.45662100456621,0.8703063243620355,1123
PAK,Pakistan,admin2,PK32022,Gilgit Baltistan,PK3142022,Rondu,19,2024-01-10,2024-10-15,0.03,3,43.67,4367,0.5408347944120807,1.883558903939334,826
PAK,Pakistan,admin2,PK42022,Islamabad,PK4012022,Islamabad,19,2024-01-10,2024-10-15,0.22,22,6.68,668,0.0831618336695137,0.6384126290116153,11418
PAK,Pakistan,admin2,PK52022,Khyber Pakhtunkhwa,PK5012022,Abbottabad,19,2024-01-10,2024-10-15,0,0,0.72,72,0,0.03842727945033415,187
PAK,Pakistan,admin2,PK52022,Khyber Pakhtunkhwa,PK5022022,Bajaur,19,2024-01-10,2024-10-15,0.53,53,3.08,308,0.1025994128717283,0.18662601036218682,1140
PAK,Pakistan,admin2,PK12022,Azad Kashmir,PK1052022,Kotli,18,2024-09-16,2024-09-30,0.23,23,4.05,405,0.1289286981432948,0.21079325558737852,797
PAK,Pakistan,admin2,PK12022,Azad Kashmir,PK1062022,Mirpur,18,2024-09-16,2024-09-30,54.41,5441,121.69,12169,22.277976506449505,11.317737897457725,30403
PAK,Pakistan,admin2,PK12022,Azad Kashmir,PK1072022,Muzaffarabad,18,2024-09-16,2024-09-30,0,0,0.19999999999999998,20,0,0.01256924669103485,23
PAK,Pakistan,admin2,PK12022,Azad Kashmir,PK1082022,Neelum,18,2024-09-16,2024-09-30,0,0,8.81,881,0,0.23063518586123288,252
PAK,Pakistan,admin2,PK22022,Balochistan,PK2012022,Awaran,18,2024-09-16,2024-09-30,1.85,185,72.77,7277,0.6636255944671561,0.26037078522305257,266
PAK,Pakistan,admin2,PK22022,Balochistan,PK2022022,Barkhan,18,2024-09-16,2024-09-30,0,0,1.08,108,0,0.03572917055197611,26
PAK,Pakistan,admin2,PK22022,Balochistan,PK2032022,Chagai,18,2024-09-16,2024-09-30,0.02,2,108.82,10882,0.007745772213242,0.21331107540843489,333
PAK,Pakistan,admin2,PK22022,Balochistan,PK2042022,Dera Bugti,18,2024-09-16,2024-09-30,8.08,808,19.13,1913,1.346957451010502,0.16202695587276705,1851
PAK,Pakistan,admin2,PK22022,Balochistan,PK2052022,Gwadar,18,2024-09-16,2024-09-30,2.23,223,314.43000000000006,31443,8.564431666031595,2.443597155043159,4795
PAK,Pakistan,admin2,PK22022,Balochistan,PK2072022_1,Jaffarabad,18,2024-09-16,2024-09-30,4.08,408,13.14,1314,0.5696989170792381,1.6146762782962292,1831
PAK,Pakistan,admin2,PK22022,Balochistan,PK2082022,Jhal Magsi,18,2024-09-16,2024-09-30,202,20200,232.80000000000004,23280,11.803941819926738,5.285401156463288,10166
PAK,Pakistan,admin2,PK22022,Balochistan,PK2092022,Kachhi,18,2024-09-16,2024-09-30,2.3,230,8.959999999999999,896,0.1561663626281992,0.14589681118535036,295
PAK,Pakistan,admin2,PK22022,Balochistan,PK2102022,Kalat,18,2024-09-16,2024-09-30,0,0,0.37,37,0,0.003363091434917191,2
PAK,Pakistan,admin2,PK22022,Balochistan,PK2112022,Kech,18,2024-09-16,2024-09-30,4.89,489,84.17,8417,2.027720885305589,0.3085291272915895,2958
PAK,Pakistan,admin2,PK22022,Balochistan,PK2122022,Kharan,18,2024-09-16,2024-09-30,0,0,3.82,382,0,0.04279768741876632,31
PAK,Pakistan,admin2,PK22022,Balochistan,PK2132022,Khuzdar,18,2024-09-16,2024-09-30,5.97,597,34.010000000000005,3401,0.4341613375300599,0.09714966693718344,829
PAK,Pakistan,admin2,PK22022,Balochistan,PK2142022,Killa Abdullah,18,2024-09-16,2024-09-30,0.01,1,2.6099999999999994,261,0.0048247481197672,0.07549056361149276,31
PAK,Pakistan,admin2,PK22022,Balochistan,PK2152022,Killa Saifullah,18,2024-09-16,2024-09-30,0.1,10,25.180000000000003,2518,0.012720221325865,0.1736866737039223,253
PAK,Pakistan,admin2,PK22022,Balochistan,PK2162022,Kohlu,18,2024-09-16,2024-09-30,0,0,0.8300000000000001,83,0,0.009823467439869877,8
PAK,Pakistan,admin2,PK22022,Balochistan,PK2172022,Lasbela,18,2024-09-16,2024-09-30,1.52,152,176.46999999999997,17647,0.1589096860414444,1.1255077735867087,1926
PAK,Pakistan,admin2,PK22022,Balochistan,PK2182022,Lehri,18,2024-09-16,2024-09-30,5.71,571,8.51,851,0.3505314208488592,0.22589361559405352,412
PAK,Pakistan,admin2,PK22022,Balochistan,PK2192022,Loralai,18,2024-09-16,2024-09-30,0.27,27,3.41,341,0.0961967964301138,0.0812578777412222,170
PAK,Pakistan,admin2,PK22022,Balochistan,PK2202022,Mastung,18,2024-09-16,2024-09-30,1.32,132,3,300,0.2424579793526069,0.05709381680606268,180
PAK,Pakistan,admin2,PK22022,Balochistan,PK2222022,Nasirabad,18,2024-09-16,2024-09-30,52.09,5209,62.78,6278,1.88879437060657,1.7046402526950906,3850
PAK,Pakistan,admin2,PK22022,Balochistan,PK2232022,Nushki,18,2024-09-16,2024-09-30,1.89,189,27.96,2796,0.8719967721916346,0.414051230189714,517
PAK,Pakistan,admin2,PK22022,Balochistan,PK2242022,Panjgur,18,2024-09-16,2024-09-30,0,0,4.1499999999999995,415,0,0.021210015032985197,33
PAK,Pakistan,admin2,PK22022,Balochistan,PK2252022,Pishin,18,2024-09-16,2024-09-30,0.06,6,2.7499999999999996,275,0.01187351401614,0.042069654209039645,331
PAK,Pakistan,admin2,PK22022,Balochistan,PK2262022,Quetta,18,2024-09-16,2024-09-30,0.05,5,1.95,195,0.0275966141227133,0.04602851018417232,353
PAK,Pakistan,admin2,PK22022,Balochistan,PK2272022,Sherani,18,2024-09-16,2024-09-30,0.14,14,28.630000000000003,2863,0.7357381184476544,0.79673000480953,676
PAK,Pakistan,admin2,PK22022,Balochistan,PK2292022,Sohbatpur,18,2024-09-16,2024-09-30,103.23,10323,196.6,19660,14.7993609721427,21.876223591211627,28111
PAK,Pakistan,admin2,PK22022,Balochistan,PK2302022,Washuk,18,2024-09-16,2024-09-30,0,0,8.24,824,0,0.0187166969594132,17
PAK,Pakistan,admin2,PK22022,Balochistan,PK2312022,Zhob,18,2024-09-16,2024-09-30,0.9,90,16.509999999999998,1651,0.4293724427082456,0.1177706996407579,322
PAK,Pakistan,admin2,PK72022,Sindh,PK7292022,West Karachi,18,2024-09-16,2024-09-30,0.03,3,0.18,18,0.1492642152214378,0.2583244927075389,17
PAK,Pakistan,admin2,PK72022,Sindh,PK7282022,Umer Kot,18,2024-09-16,2024-09-30,252.29,25229,444.49000000000007,44449,13.148816869217136,7.284241719067664,90002
PAK,Pakistan,admin2,PK72022,Sindh,PK7272022,Thatta,18,2024-09-16,2024-09-30,344.62,34462,1799.65,179965,17.3202884643281,21.328118562413444,179600
PAK,Pakistan,admin2,PK72022,Sindh,PK7262022,Tharparkar,18,2024-09-16,2024-09-30,45.55,4555,776.29,77629,1.3226577243643818,3.5651391266746506,24907
PAK,Pakistan,admin2,PK72022,Sindh,PK7252022,Tando Muhammad Khan,18,2024-09-16,2024-09-30,156.92,15692,288.65999999999997,28866,11.329015042783446,15.533969805367825,75198
PAK,Pakistan,admin2,PK72022,Sindh,PK7242022,Tando Allahyar,18,2024-09-16,2024-09-30,65.05,6505,117.97,11797,6.060657544486939,6.868233104233558,29286
PAK,Pakistan,admin2,PK72022,Sindh,PK7232022,Sukkur,18,2024-09-16,2024-09-30,135.64,13564,317.98,31798,8.184467769301275,5.42527174248495,114647
PAK,Pakistan,admin2,PK72022,Sindh,PK7222022,Sujawal,18,2024-09-16,2024-09-30,872.49,87249,4251.89,425189,33.601349787298126,44.427278449879374,274313
PAK,Pakistan,admin2,PK72022,Sindh,PK7212022,South Karachi,18,2024-09-16,2024-09-30,0,0,30.310000000000002,3031,0,5.55707181525189,92245
PAK,Pakistan,admin2,PK72022,Sindh,PK7202022,Shikarpur,18,2024-09-16,2024-09-30,225.72,22572,426.42999999999995,42643,10.488027860057352,14.70620753127677,111137
PAK,Pakistan,admin2,PK72022,Sindh,PK7192022,Shaheed Benazir Abad,18,2024-09-16,2024-09-30,344.7,34470,632.65,63265,11.376017067578218,12.320649654201263,134579
PAK,Pakistan,admin2,PK72022,Sindh,PK7182022,Sanghar,18,2024-09-16,2024-09-30,192.77,19277,693.02,69302,4.897859102003912,6.108476547882567,122511
PAK,Pakistan,admin2,PK72022,Sindh,PK7172022,Naushahro Feroze,18,2024-09-16,2024-09-30,269.73,26973,507.76,50776,10.709591532295812,14.854396653053591,138290
PAK,Pakistan,admin2,PK72022,Sindh,PK7162022,Mirpur Khas,18,2024-09-16,2024-09-30,279.78,27978,579.7399999999999,57974,12.004247797473854,15.065143318480114,181653
PAK,Pakistan,admin2,PK72022,Sindh,PK7152022,Matiari,18,2024-09-16,2024-09-30,316.61,31661,448.99,44899,28.14679435524218,27.619083550921342,116694
PAK,Pakistan,admin2,PK72022,Sindh,PK7142022,Malir Karachi,18,2024-09-16,2024-09-30,3.75,375,257.09000000000003,25709,1.5163237303989892,8.500297130720307,54415
PAK,Pakistan,admin2,PK72022,Sindh,PK7132022,Larkana,18,2024-09-16,2024-09-30,140.77,14077,268.96000000000004,26896,9.15151524731182,12.368505237662903,89904
PAK,Pakistan,admin2,PK72022,Sindh,PK7122022,Korangi Karachi,18,2024-09-16,2024-09-30,0.02,2,6.58,658,0.2248320372427656,5.70091063714701,22799
PAK,Pakistan,admin2,PK72022,Sindh,PK7112022,Khairpur,18,2024-09-16,2024-09-30,168.66,16866,449.91999999999996,44992,5.257586636160781,2.498432991649819,109555
PAK,Pakistan,admin2,PK72022,Sindh,PK7102022,Kashmore,18,2024-09-16,2024-09-30,461.44,46144,822.52,82252,21.80532240798976,27.599878932593512,209943
PAK,Pakistan,admin2,PK72022,Sindh,PK7092022,Kambar Shahdad Kot,18,2024-09-16,2024-09-30,627.51,62751,842.67,84267,18.27944084291465,13.28663420588895,98162
PAK,Pakistan,admin2,PK72022,Sindh,PK7082022,Jamshoro,18,2024-09-16,2024-09-30,304.26,30426,529.71,52971,19.27451192529113,4.230844601006285,110898
PAK,Pakistan,admin2,PK72022,Sindh,PK7072022,Jacobabad,18,2024-09-16,2024-09-30,377.37,37737,571.29,57129,15.335254871968305,18.63772116957045,125670
PAK,Pakistan,admin2,PK72022,Sindh,PK7062022,Hyderabad,18,2024-09-16,2024-09-30,81.15,8115,182.12,18212,15.613038831202372,16.085629307305418,224809
PAK,Pakistan,admin2,PK72022,Sindh,PK7052022,Ghotki,18,2024-09-16,2024-09-30,98.48,9848,284.84,28484,3.178190850509914,3.94137898352944,42593
PAK,Pakistan,admin2,PK72022,Sindh,PK7032022,Dadu,18,2024-09-16,2024-09-30,477.12,47712,680.84,68084,14.161134726077258,7.545080406290911,178700
PAK,Pakistan,admin2,PK72022,Sindh,PK7012022,Badin,18,2024-09-16,2024-09-30,1165.76,116576,2079.33,207933,23.39000490470562,28.600784722039684,346997
PAK,Pakistan,admin2,PK62022,Punjab,PK6362022,Vehari,18,2024-09-16,2024-09-30,2.69,269,5.88,588,0.0594267019129083,0.11278119309745407,3328
PAK,Pakistan,admin2,PK62022,Punjab,PK6352022,Toba Tek Singh,18,2024-09-16,2024-09-30,15.9,1590,25.339999999999996,2534,0.571303374435192,0.7035172662388411,10013
PAK,Pakistan,admin2,PK62022,Punjab,PK6342022,Sialkot,18,2024-09-16,2024-09-30,13.03,1303,35.2,3520,0.4258511303193663,0.9657661091368641,26987
PAK,Pakistan,admin2,PK62022,Punjab,PK6332022,Sheikhupura,18,2024-09-16,2024-09-30,19.12,1912,36.83,3683,0.5348100215079061,0.860655426728167,15943
PAK,Pakistan,admin2,PK62022,Punjab,PK6322022,Sargodha,18,2024-09-16,2024-09-30,33.76,3376,113.37,11337,0.7148363407324452,1.638015009574955,40533
PAK,Pakistan,admin2,PK62022,Punjab,PK6312022,Sahiwal,18,2024-09-16,2024-09-30,6.09,609,14.959999999999999,1496,0.1948426000011341,0.3977389103874361,6785
PAK,Pakistan,admin2,PK62022,Punjab,PK6302022,Rawalpindi,18,2024-09-16,2024-09-30,7.47,747,63.86,6386,0.3282784863167495,1.0167306425956444,12113
PAK,Pakistan,admin2,PK62022,Punjab,PK6292022,Rajanpur,18,2024-09-16,2024-09-30,181.04,18104,363.57,36357,3.308070456686947,2.5138303394949904,50307
PAK,Pakistan,admin2,PK62022,Punjab,PK6282022,Rahim Yar Khan,18,2024-09-16,2024-09-30,59.31,5931,252.35,25235,0.8520094935762221,1.7210450263335928,30306
PAK,Pakistan,admin2,PK62022,Punjab,PK6272022,Pakpattan,18,2024-09-16,2024-09-30,0.21,21,0.32,32,0.0071009976285054,0.010138785561355373,104
PAK,Pakistan,admin2,PK62022,Punjab,PK6262022,Okara,18,2024-09-16,2024-09-30,12.81,1281,18.560000000000002,1856,0.2866776548285542,0.3584705532096358,8202
PAK,Pakistan,admin2,PK62022,Punjab,PK6252022,Narowal,18,2024-09-16,2024-09-30,1.53,153,2.5800000000000005,258,0.0617214684700906,0.0958001820509252,1282
PAK,Pakistan,admin2,PK62022,Punjab,PK6242022,Nankana Sahib,18,2024-09-16,2024-09-30,33.69,3369,65.82,6582,1.5596103482119483,2.551286535268792,24107
PAK,Pakistan,admin2,PK62022,Punjab,PK6232022,Muzaffargarh,18,2024-09-16,2024-09-30,169.9,16990,484.92,48492,2.998426197377273,5.441052945253181,147113
PAK,Pakistan,admin2,PK62022,Punjab,PK6222022,Multan,18,2024-09-16,2024-09-30,24.72,2472,82.35,8235,0.8425434450665318,1.9494357351684983,31771
PAK,Pakistan,admin2,PK62022,Punjab,PK6212022,Mianwali,18,2024-09-16,2024-09-30,225.51,22551,439.78,43978,6.283997470405001,6.193704674382769,65419
PAK,Pakistan,admin2,PK62022,Punjab,PK6202022,Mandi Bahauddin,18,2024-09-16,2024-09-30,49.57,4957,126.61,12661,1.9762757479984845,3.8865274188002537,66735
PAK,Pakistan,admin2,PK62022,Punjab,PK6192022,Lodhran,18,2024-09-16,2024-09-30,0.73,73,1.92,192,0.0265146480219288,0.06547783385416892,444
PAK,Pakistan,admin2,PK62022,Punjab,PK6182022,Leiah,18,2024-09-16,2024-09-30,124.92,12492,254.64999999999998,25465,2.7841754065642026,3.393856841459976,37945
PAK,Pakistan,admin2,PK62022,Punjab,PK6172022,Lahore,18,2024-09-16,2024-09-30,6.33,633,19.67,1967,0.6240065243213502,0.966901617035171,29517
PAK,Pakistan,admin2,PK62022,Punjab,PK6162022,Khushab,18,2024-09-16,2024-09-30,74.75,7475,169.69,16969,2.331209800810207,2.1696359758682005,41101
PAK,Pakistan,admin2,PK62022,Punjab,PK6152022,Khanewal,18,2024-09-16,2024-09-30,17.56,1756,67.50999999999999,6751,0.4300557841264023,1.3328432035731324,25404
PAK,Pakistan,admin2,PK62022,Punjab,PK6142022,Kasur,18,2024-09-16,2024-09-30,4.52,452,15.330000000000002,1533,0.1232200852801445,0.3283882238234798,7327
PAK,Pakistan,admin2,PK62022,Punjab,PK6132022,Jhelum,18,2024-09-16,2024-09-30,47.79,4779,153.97,15397,2.9141964407224283,3.615075043443905,55972
PAK,Pakistan,admin2,PK62022,Punjab,PK6122022,Jhang,18,2024-09-16,2024-09-30,70.96,7096,189.76,18976,1.355861600600209,2.550760415876508,54142
PAK,Pakistan,admin2,PK62022,Punjab,PK6112022,Hafizabad,18,2024-09-16,2024-09-30,30.82,3082,63.150000000000006,6315,1.3042896826538768,2.3440241231461814,25432
PAK,Pakistan,admin2,PK62022,Punjab,PK6102022,Gujrat,18,2024-09-16,2024-09-30,27.33,2733,68.06,6806,1.050279911882673,1.8021692446811948,40227
PAK,Pakistan,admin2,PK62022,Punjab,PK6092022,Gujranwala,18,2024-09-16,2024-09-30,31.38,3138,95.07000000000001,9507,0.8798546825193503,2.2174229237252034,51655
PAK,Pakistan,admin2,PK62022,Punjab,PK6082022,Faisalabad,18,2024-09-16,2024-09-30,35.83,3583,70.74,7074,0.720719951795973,1.0138047216086052,28477
PAK,Pakistan,admin2,PK62022,Punjab,PK6072022,Dera Ghazi Khan,18,2024-09-16,2024-09-30,137.02,13702,311.77,31177,2.880372028907641,2.2776303193962164,58507
PAK,Pakistan,admin2,PK62022,Punjab,PK6062022,Chiniot,18,2024-09-16,2024-09-30,7.33,733,27.589999999999996,2759,0.3200722740198823,0.8997713575911446,10828
PAK,Pakistan,admin2,PK62022,Punjab,PK6052022,Chakwal,18,2024-09-16,2024-09-30,1.66,166,16.740000000000002,1674,0.0508237859736772,0.21606075174625192,4878
PAK,Pakistan,admin2,PK62022,Punjab,PK6042022,Bhakkar,18,2024-09-16,2024-09-30,15.41,1541,73.51,7351,0.3616331533767698,0.7362156294064819,6681
PAK,Pakistan,admin2,PK62022,Punjab,PK6032022,Bahawalpur,18,2024-09-16,2024-09-30,9.79,979,25.439999999999998,2544,0.1409467544438793,0.09265487438573765,7308
PAK,Pakistan,admin2,PK62022,Punjab,PK6022022,Bahawalnagar,18,2024-09-16,2024-09-30,104.73,10473,141.86,14186,1.632586457853922,1.4330461788626219,53089
PAK,Pakistan,admin2,PK62022,Punjab,PK6012022,Attock,18,2024-09-16,2024-09-30,4.11,411,56.16,5616,0.1205593581514328,0.6760386861542564,10475
PAK,Pakistan,admin2,PK52022,Khyber Pakhtunkhwa,PK5352022,Upper Dir,18,2024-09-16,2024-09-30,0,0,9.330000000000002,933,0,0.21098508525268558,293
PAK,Pakistan,admin2,PK52022,Khyber Pakhtunkhwa,PK5342022,Tor Ghar,18,2024-09-16,2024-09-30,3.86,386,35.5,3550,28.46097350813377,6.419047777073645,19847
PAK,Pakistan,admin2,PK52022,Khyber Pakhtunkhwa,PK5332022,Tank,18,2024-09-16,2024-09-30,0.83,83,2.28,228,0.1163819675420507,0.06895766550856763,234
PAK,Pakistan,admin2,PK52022,Khyber Pakhtunkhwa,PK5322022,Swat,18,2024-09-16,2024-09-30,0,0,25.380000000000003,2538,0,0.41797565938745657,679
PAK,Pakistan,admin2,PK52022,Khyber Pakhtunkhwa,PK5312022,Swabi,18,2024-09-16,2024-09-30,6.62,662,48.48,4848,0.7157686535306597,2.7037154829790198,30047
PAK,Pakistan,admin2,PK52022,Khyber Pakhtunkhwa,PK5302022,South Waziristan,18,2024-09-16,2024-09-30,0.29,29,26.41,2641,0.1480740758836088,0.4318336627938837,592
PAK,Pakistan,admin2,PK52022,Khyber Pakhtunkhwa,PK5292022,Shangla,18,2024-09-16,2024-09-30,3.75,375,13.91,1391,9.883588127498028,0.8284770864849909,5936
PAK,Pakistan,admin2,PK52022,Khyber Pakhtunkhwa,PK5282022,Peshawar,18,2024-09-16,2024-09-30,0.57,57,1.93,193,0.0863652322987073,0.10543987032963385,1734
PAK,Pakistan,admin2,PK52022,Khyber Pakhtunkhwa,PK5262022,Nowshera,18,2024-09-16,2024-09-30,4.79,479,25.76,2576,0.9631977930157372,1.2354482234102955,15762
PAK,Pakistan,admin2,PK52022,Khyber Pakhtunkhwa,PK5252022,North Waziristan,18,2024-09-16,2024-09-30,0.14,14,4,400,0.0914901125328383,0.0760496558026115,70
PAK,Pakistan,admin2,PK52022,Khyber Pakhtunkhwa,PK5242022,Mohmand,18,2024-09-16,2024-09-30,0.09,9,1.36,136,0.0201236512879005,0.049933227266980344,935
PAK,Pakistan,admin2,PK52022,Khyber Pakhtunkhwa,PK5222022,Mansehra,18,2024-09-16,2024-09-30,2.2,220,9.2,920,0.641563502836088,0.18728664560397074,4814
PAK,Pakistan,admin2,PK52022,Khyber Pakhtunkhwa,PK5182022,Kurram,18,2024-09-16,2024-09-30,0.03,3,1.04,104,0.0111106818531048,0.02562760427724298,73
PAK,Pakistan,admin2,PK52022,Khyber Pakhtunkhwa,PK5172022,Kolai Palas Kohistan,18,2024-09-16,2024-09-30,0,0,11.46,1146,0,0.7665938730831341,698
PAK,Pakistan,admin2,PK52022,Khyber Pakhtunkhwa,PK5162022,Kohistan Upper,18,2024-09-16,2024-09-30,0,0,29.29,2929,0,0.5150524446749699,706
PAK,Pakistan,admin2,PK52022,Khyber Pakhtunkhwa,PK5152022,Kohistan Lower,18,2024-09-16,2024-09-30,0,0,1.98,198,0,0.19711480764382242,104
PAK,Pakistan,admin2,PK52022,Khyber Pakhtunkhwa,PK5142022,Kohat,18,2024-09-16,2024-09-30,2.6,260,66.44,6644,0.391008572111004,1.607346322755792,7593
PAK,Pakistan,admin2,PK52022,Khyber Pakhtunkhwa,PK5132022,Khyber,18,2024-09-16,2024-09-30,0.08,8,1,100,0.0482539406202145,0.03048808847121951,131
PAK,Pakistan,admin2,PK52022,Khyber Pakhtunkhwa,PK5122022,Karak,18,2024-09-16,2024-09-30,0.1,10,2.69,269,0.0254286370729185,0.08908458218415359,255
PAK,Pakistan,admin2,PK52022,Khyber Pakhtunkhwa,PK5112022,Haripur,18,2024-09-16,2024-09-30,31,3100,130.25,13025,6.177649989121711,5.512368043605627,32797
PAK,Pakistan,admin2,PK52022,Khyber Pakhtunkhwa,PK5102022,Hangu,18,2024-09-16,2024-09-30,0.03,3,0.48,48,0.0102323492310155,0.039329463494064125,93
PAK,Pakistan,admin2,PK52022,Khyber Pakhtunkhwa,PK5092022,D. I. Khan,18,2024-09-16,2024-09-30,87.15,8715,263.76,26376,2.100797300467552,2.4749515512966567,30444
PAK,Pakistan,admin2,PK52022,Khyber Pakhtunkhwa,PK5082022,Chitral Upper,18,2024-09-16,2024-09-30,0,0,154.16,15416,0,1.4401590905618908,851
PAK,Pakistan,admin2,PK52022,Khyber Pakhtunkhwa,PK5072022,Chitral Lower,18,2024-09-16,2024-09-30,0,0,48.15,4815,0,0.7346368194475306,378
PAK,Pakistan,admin2,PK52022,Khyber Pakhtunkhwa,PK5062022,Charsadda,18,2024-09-16,2024-09-30,1.6,160,7.9799999999999995,798,0.2883422996245404,0.6586173095206179,6817
PAK,Pakistan,admin2,PK52022,Khyber Pakhtunkhwa,PK5052022,Buner,18,2024-09-16,2024-09-30,0,0,0.3500000000000001,35,0,0.020885357569490007,69
PAK,Pakistan,admin2,PK52022,Khyber Pakhtunkhwa,PK5042022,Batagram,18,2024-09-16,2024-09-30,0.01,1,2.1700000000000004,217,0.0214772290837056,0.12049153228799601,311
PAK,Pakistan,admin2,PK52022,Khyber Pakhtunkhwa,PK5032022,Bannu,18,2024-09-16,2024-09-30,2.78,278,20.020000000000003,2002,0.436353214785683,0.8259081653085341,1140
PAK,Pakistan,admin2,PK52022,Khyber Pakhtunkhwa,PK5022022,Bajaur,18,2024-09-16,2024-09-30,0.67,67,1.1400000000000001,114,0.1297011445736943,0.06907586097821185,721
PAK,Pakistan,admin2,PK52022,Khyber Pakhtunkhwa,PK5012022,Abbottabad,18,2024-09-16,2024-09-30,0,0,0.16,16,0,0.014451213058909456,60
PAK,Pakistan,admin2,PK42022,Islamabad,PK4012022,Islamabad,18,2024-09-16,2024-09-30,0.19,19,5.569999999999999,557,0.0718215836236709,0.5128555835723151,7619
PAK,Pakistan,admin2,PK32022,Gilgit Baltistan,PK3142022,Rondu,18,2024-09-16,2024-09-30,0,0,27.57,2757,0,1.192430643935106,311
PAK,Pakistan,admin2,PK32022,Gilgit Baltistan,PK3132022,Gupis-Yasin,18,2024-09-16,2024-09-30,0.02,2,167.23999999999998,16724,0.0570776255707762,1.7426967155927535,841
PAK,Pakistan,admin2,PK32022,Gilgit Baltistan,PK3122022,Tangir,18,2024-09-16,2024-09-30,0,0,4.220000000000001,422,0,0.3459938376378663,28
PAK,Pakistan,admin2,PK32022,Gilgit Baltistan,PK3112022,Darel,18,2024-09-16,2024-09-30,0,0,2.4399999999999995,244,0,0.15238304228017086,18
PAK,Pakistan,admin2,PK32022,Gilgit Baltistan,PK3102022,Shigar,18,2024-09-16,2024-09-30,0.31,31,326.47999999999996,32648,1.6023724436534497,3.1047647198805386,1523
PAK,Pakistan,admin2,PK32022,Gilgit Baltistan,PK3092022,Kharmang,18,2024-09-16,2024-09-30,0,0,116.12,11612,0,1.5928933157192269,665
PAK,Pakistan,admin2,PK32022,Gilgit Baltistan,PK3082022,Nagar,18,2024-09-16,2024-09-30,0,0,56.980000000000004,5698,0,1.5192378555440993,1651
PAK,Pakistan,admin2,PK32022,Gilgit Baltistan,PK3072022,Skardu,18,2024-09-16,2024-09-30,0.3,30,95.33,9533,1.3148396411261216,3.666981762576578,3636
PAK,Pakistan,admin2,PK32022,Gilgit Baltistan,PK3062022,Hunza,18,2024-09-16,2024-09-30,0,0,417.78999999999996,41779,0,2.9324891850467107,1336
PAK,Pakistan,admin2,PK32022,Gilgit Baltistan,PK3052022,Gilgit,18,2024-09-16,2024-09-30,0,0,13.350000000000001,1335,0,0.2707871117345934,108
PAK,Pakistan,admin2,PK32022,Gilgit Baltistan,PK3042022,Ghizer,18,2024-09-16,2024-09-30,0.09,9,61.36000000000001,6136,0.4894767823779827,1.1402763493270123,299
PAK,Pakistan,admin2,PK32022,Gilgit Baltistan,PK3032022,Ghanche,18,2024-09-16,2024-09-30,0.24,24,409.00999999999993,40901,2.6058631921824107,3.841674729001512,2968
PAK,Pakistan,admin2,PK32022,Gilgit Baltistan,PK3022022,Diamir,18,2024-09-16,2024-09-30,0,0,9.290000000000001,929,0,0.20328678854354432,85
PAK,Pakistan,admin2,PK32022,Gilgit Baltistan,PK3012022,Astore,18,2024-09-16,2024-09-30,0,0,68.94999999999999,6895,0,1.1000620811101736,659
PAK,Pakistan,admin2,PK22022,Balochistan,PK2362022,Usta Muhammad,18,2024-09-16,2024-09-30,287.64,28764,332.88999999999993,33289,29.926105796745272,29.602565782723904,24751
PAK,Pakistan,admin2,PK22022,Balochistan,PK2342022,Duki,18,2024-09-16,2024-09-30,0.62,62,3.31,331,0.1389232316021618,0.06580380381302804,129
PAK,Pakistan,admin2,PK22022,Balochistan,PK2332022,Shaheed Sikandarabad,18,2024-09-16,2024-09-30,0.32,32,4.04,404,0.1129753114331984,0.0958373615972495,93
PAK,Pakistan,admin2,PK72022,Sindh,PK7122022,Korangi Karachi,17,2024-01-09,2024-09-15,0.02,2,3.71,371,0.2248320372427656,3.2143432315828884,8922
PAK,Pakistan,admin2,PK72022,Sindh,PK7112022,Khairpur,17,2024-01-09,2024-09-15,331.25,33125,622.96,62296,10.325955017361904,3.4593345849888233,146701
PAK,Pakistan,admin2,PK72022,Sindh,PK7102022,Kashmore,17,2024-01-09,2024-09-15,439.79,43979,780.5,78050,20.782252821189783,26.189886576483534,165083
PAK,Pakistan,admin2,PK72022,Sindh,PK7092022,Kambar Shahdad Kot,17,2024-01-09,2024-09-15,1460.39,146039,1855.38,185538,42.54133418205944,29.25434081303741,326944
PAK,Pakistan,admin2,PK72022,Sindh,PK7082022,Jamshoro,17,2024-01-09,2024-09-15,377.62,37762,628.6,62860,23.92178134893984,5.02068852049716,119807
PAK,Pakistan,admin2,PK72022,Sindh,PK7072022,Jacobabad,17,2024-01-09,2024-09-15,693.26,69326,949.12,94912,28.172135550098705,30.96401812820583,212423
PAK,Pakistan,admin2,PK72022,Sindh,PK7062022,Hyderabad,17,2024-01-09,2024-09-15,69.43,6943,157.93,15793,13.358142773264088,13.949063455429078,144203
PAK,Pakistan,admin2,PK72022,Sindh,PK7052022,Ghotki,17,2024-01-09,2024-09-15,99.13,9913,222.42,22242,3.1991679428416715,3.077662945922687,39581
PAK,Pakistan,admin2,PK72022,Sindh,PK7032022,Dadu,17,2024-01-09,2024-09-15,789.74,78974,1023.19,102319,23.43983597118598,11.33900890211033,278148
PAK,Pakistan,admin2,PK72022,Sindh,PK7012022,Badin,17,2024-01-09,2024-09-15,1257.67,125767,2255.01,225501,25.234102618464448,31.01722937486916,354667
PAK,Pakistan,admin2,PK62022,Punjab,PK6362022,Vehari,17,2024-01-09,2024-09-15,2.9,290,6.61,661,0.0640659611700499,0.12678293985955308,3257
PAK,Pakistan,admin2,PK62022,Punjab,PK6352022,Toba Tek Singh,17,2024-01-09,2024-09-15,29.13,2913,47.959999999999994,4796,1.046670899201078,1.3315188669619114,18239
PAK,Pakistan,admin2,PK62022,Punjab,PK6342022,Sialkot,17,2024-01-09,2024-09-15,62.59,6259,98.72,9872,2.0455888140206557,2.7085349515338417,79437
PAK,Pakistan,admin2,PK62022,Punjab,PK6332022,Sheikhupura,17,2024-01-09,2024-09-15,51.12,5112,72.09,7209,1.4298895554123514,1.6846225824825847,33851
PAK,Pakistan,admin2,PK62022,Punjab,PK6322022,Sargodha,17,2024-01-09,2024-09-15,67.03,6703,164.60999999999999,16461,1.4192973909744018,2.378350981089647,64532
PAK,Pakistan,admin2,PK62022,Punjab,PK6312022,Sahiwal,17,2024-01-09,2024-09-15,13.99,1399,25.67,2567,0.4475940844032622,0.6824838121420781,10333
PAK,Pakistan,admin2,PK62022,Punjab,PK6302022,Rawalpindi,17,2024-01-09,2024-09-15,4.95,495,46.35000000000001,4635,0.2175339367159183,0.7379496599484514,8115
PAK,Pakistan,admin2,PK62022,Punjab,PK6292022,Rajanpur,17,2024-01-09,2024-09-15,684.81,68481,1118.28,111828,12.513255244386809,7.732118139699254,144601
PAK,Pakistan,admin2,PK62022,Punjab,PK6282022,Rahim Yar Khan,17,2024-01-09,2024-09-15,124.23,12423,312,31200,1.7846086559934933,2.127862287363111,50214
PAK,Pakistan,admin2,PK62022,Punjab,PK6272022,Pakpattan,17,2024-01-09,2024-09-15,5.09,509,9.52,952,0.1721146568052043,0.28403372110675573,3531
PAK,Pakistan,admin2,PK62022,Punjab,PK6262022,Okara,17,2024-01-09,2024-09-15,17.99,1799,27.84,2784,0.4026019524094996,0.5377058298144537,11299
PAK,Pakistan,admin2,PK62022,Punjab,PK6252022,Narowal,17,2024-01-09,2024-09-15,9.43,943,11.790000000000001,1179,0.3804140180868985,0.4185896900306073,8051
PAK,Pakistan,admin2,PK62022,Punjab,PK6242022,Nankana Sahib,17,2024-01-09,2024-09-15,69.34,6934,116.47,11647,3.2099549286143216,4.514560054128779,42991
PAK,Pakistan,admin2,PK62022,Punjab,PK6232022,Muzaffargarh,17,2024-01-09,2024-09-15,341.74,34174,757.51,75751,6.031089868697524,8.49965358524857,206319
PAK,Pakistan,admin2,PK62022,Punjab,PK6222022,Multan,17,2024-01-09,2024-09-15,68.16,6816,170.94,17094,2.3231294990183984,4.0465882764991274,64865
PAK,Pakistan,admin2,PK62022,Punjab,PK6212022,Mianwali,17,2024-01-09,2024-09-15,318.44,31844,532.8299999999999,53283,8.873558398633179,7.50418768850646,77984
PAK,Pakistan,admin2,PK62022,Punjab,PK6202022,Mandi Bahauddin,17,2024-01-09,2024-09-15,114.51,11451,210.29,21029,4.565328543540577,6.455239324693984,98243
PAK,Pakistan,admin2,PK62022,Punjab,PK6192022,Lodhran,17,2024-01-09,2024-09-15,0.3,30,0.99,99,0.0108964306939433,0.03463546016964585,453
PAK,Pakistan,admin2,PK62022,Punjab,PK6182022,Leiah,17,2024-01-09,2024-09-15,118.95,11895,245.91000000000003,24591,2.6511180324272487,3.2773741837165637,39179
PAK,Pakistan,admin2,PK62022,Punjab,PK6172022,Lahore,17,2024-01-09,2024-09-15,8.68,868,18.93,1893,0.8556677142352795,0.9305260605224093,27740
PAK,Pakistan,admin2,PK62022,Punjab,PK6162022,Khushab,17,2024-01-09,2024-09-15,144.57,14457,228.08999999999997,22809,4.508668908403099,2.9163313674098523,52186
PAK,Pakistan,admin2,PK62022,Punjab,PK6152022,Khanewal,17,2024-01-09,2024-09-15,48.77,4877,124.53,12453,1.194408917531016,2.4585833823279843,46070
PAK,Pakistan,admin2,PK62022,Punjab,PK6142022,Kasur,17,2024-01-09,2024-09-15,11.44,1144,25.72,2572,0.3118667645143482,0.550955323988252,12018
PAK,Pakistan,admin2,PK62022,Punjab,PK6132022,Jhelum,17,2024-01-09,2024-09-15,96.96,9696,199.47,19947,5.912544191095346,4.683373507279051,61854
PAK,Pakistan,admin2,PK62022,Punjab,PK6122022,Jhang,17,2024-01-09,2024-09-15,152.53,15253,368.3,36830,2.914452789452508,4.9507012076692565,103716
PAK,Pakistan,admin2,PK62022,Punjab,PK6112022,Hafizabad,17,2024-01-09,2024-09-15,56.14,5614,109.66999999999999,10967,2.3758216347887293,4.0707700013529955,43576
PAK,Pakistan,admin2,PK62022,Punjab,PK6102022,Gujrat,17,2024-01-09,2024-09-15,145.91,14591,218.36999999999998,21837,5.607257297577783,5.782246517205883,131857
PAK,Pakistan,admin2,PK62022,Punjab,PK6092022,Gujranwala,17,2024-01-09,2024-09-15,57.32,5732,141.86,14186,1.6071787891016305,3.3087579253145822,83659
PAK,Pakistan,admin2,PK62022,Punjab,PK6082022,Faisalabad,17,2024-01-09,2024-09-15,48.96,4896,94.25000000000001,9425,0.9848297192277656,1.3507364293414064,37564
PAK,Pakistan,admin2,PK62022,Punjab,PK6072022,Dera Ghazi Khan,17,2024-01-09,2024-09-15,170.44,17044,362.19,36219,3.5829120464678037,2.645972753575122,74943
PAK,Pakistan,admin2,PK62022,Punjab,PK6062022,Chiniot,17,2024-01-09,2024-09-15,17.59,1759,74.28999999999999,7429,0.7680861255129235,2.422762383307218,26424
PAK,Pakistan,admin2,PK62022,Punjab,PK6052022,Chakwal,17,2024-01-09,2024-09-15,1.76,176,13.77,1377,0.0538854598275132,0.1777273925654653,3210
PAK,Pakistan,admin2,PK62022,Punjab,PK6042022,Bhakkar,17,2024-01-09,2024-09-15,12.36,1236,67.11,6711,0.2900574805799399,0.6841211269115064,6160
PAK,Pakistan,admin2,PK62022,Punjab,PK6032022,Bahawalpur,17,2024-01-09,2024-09-15,33.63,3363,112.03,11203,0.4841715374818859,0.4080238041444262,13640
PAK,Pakistan,admin2,PK62022,Punjab,PK6022022,Bahawalnagar,17,2024-01-09,2024-09-15,271.78,27178,349.25,34925,4.236649933309834,3.528065543266395,126007
PAK,Pakistan,admin2,PK62022,Punjab,PK6012022,Attock,17,2024-01-09,2024-09-15,7.75,775,61.92999999999999,6193,0.2273321230349402,0.7454963645572132,11859
PAK,Pakistan,admin2,PK52022,Khyber Pakhtunkhwa,PK5352022,Upper Dir,17,2024-01-09,2024-09-15,0,0,0.02,2,0,0.0204822320652957,0
PAK,Pakistan,admin2,PK52022,Khyber Pakhtunkhwa,PK5342022,Tor Ghar,17,2024-01-09,2024-09-15,4.41,441,34.03,3403,32.51629356758288,6.153244953628625,19008
PAK,Pakistan,admin2,PK52022,Khyber Pakhtunkhwa,PK5332022,Tank,17,2024-01-09,2024-09-15,77.15,7715,153.73000000000002,15373,10.817914211890615,4.595092018355356,33106
PAK,Pakistan,admin2,PK52022,Khyber Pakhtunkhwa,PK5322022,Swat,17,2024-01-09,2024-09-15,0.27,27,2.4800000000000004,248,0.0823026770903176,0.0387489023518653,1203
PAK,Pakistan,admin2,PK52022,Khyber Pakhtunkhwa,PK5312022,Swabi,17,2024-01-09,2024-09-15,10.04,1004,59.11,5911,1.0855464171371334,3.2965474876008636,35400
PAK,Pakistan,admin2,PK52022,Khyber Pakhtunkhwa,PK5302022,South Waziristan,17,2024-01-09,2024-09-15,0.29,29,21.88,2188,0.1480740758836088,0.357762989092396,472
PAK,Pakistan,admin2,PK52022,Khyber Pakhtunkhwa,PK5292022,Shangla,17,2024-01-09,2024-09-15,3.43,343,11.419999999999998,1142,9.040188607284865,0.6801731364240543,4881
PAK,Pakistan,admin2,PK52022,Khyber Pakhtunkhwa,PK5282022,Peshawar,17,2024-01-09,2024-09-15,1,100,3.39,339,0.151517951401241,0.18229360465870276,3668
PAK,Pakistan,admin2,PK52022,Khyber Pakhtunkhwa,PK5262022,Nowshera,17,2024-01-09,2024-09-15,6.14,614,27.870000000000005,2787,1.234662724241467,1.3366437106539186,20221
PAK,Pakistan,admin2,PK52022,Khyber Pakhtunkhwa,PK5252022,North Waziristan,17,2024-01-09,2024-09-15,0.19,19,2.81,281,0.1241651527231377,0.053424883201335586,72
PAK,Pakistan,admin2,PK52022,Khyber Pakhtunkhwa,PK5242022,Mohmand,17,2024-01-09,2024-09-15,0.11,11,0.6,60,0.0245955737963228,0.03510881840583234,625
PAK,Pakistan,admin2,PK52022,Khyber Pakhtunkhwa,PK5232022,Mardan,17,2024-01-09,2024-09-15,0.47,47,1.88,188,0.0559251781311415,0.0946573507563672,926
PAK,Pakistan,admin2,PK52022,Khyber Pakhtunkhwa,PK5222022,Mansehra,17,2024-01-09,2024-09-15,1.77,177,4.49,449,0.5161670000090345,0.09140402595237264,3948
PAK,Pakistan,admin2,PK52022,Khyber Pakhtunkhwa,PK5212022,Malakand,17,2024-01-09,2024-09-15,0.05,5,0.7200000000000002,72,0.0300362696790571,0.08054355846968812,500
PAK,Pakistan,admin2,PK52022,Khyber Pakhtunkhwa,PK5202022,Lower Dir,17,2024-01-09,2024-09-15,0.01,1,0.060000000000000005,6,0.0025646786819683,0.005384742111502277,239
PAK,Pakistan,admin2,PK52022,Khyber Pakhtunkhwa,PK5192022,Lakki Marwat,17,2024-01-09,2024-09-15,0,0,0.28,28,0,0.013049617350127827,63
PAK,Pakistan,admin2,PK52022,Khyber Pakhtunkhwa,PK5182022,Kurram,17,2024-01-09,2024-09-15,0.02,2,0.9200000000000002,92,0.0074071212354032,0.022670573014484174,65
PAK,Pakistan,admin2,PK52022,Khyber Pakhtunkhwa,PK5172022,Kolai Palas Kohistan,17,2024-01-09,2024-09-15,0,0,0.56,56,0,0.11630610822902354,21
PAK,Pakistan,admin2,PK52022,Khyber Pakhtunkhwa,PK5162022,Kohistan Upper,17,2024-01-09,2024-09-15,0,0,2.6999999999999997,270,0,0.04748815360244273,53
PAK,Pakistan,admin2,PK52022,Khyber Pakhtunkhwa,PK5142022,Kohat,17,2024-01-09,2024-09-15,2.07,207,56.4,5640,0.3113029785652993,1.364454133103953,6160
PAK,Pakistan,admin2,PK52022,Khyber Pakhtunkhwa,PK5132022,Khyber,17,2024-01-09,2024-09-15,0.05,5,0.44,44,0.030158712887634,0.02940770522764652,46
PAK,Pakistan,admin2,PK52022,Khyber Pakhtunkhwa,PK5122022,Karak,17,2024-01-09,2024-09-15,0.08,8,2.4400000000000004,244,0.0203429096583348,0.07874537133644169,249
PAK,Pakistan,admin2,PK52022,Khyber Pakhtunkhwa,PK5112022,Haripur,17,2024-01-09,2024-09-15,29.65,2965,114.4,11440,5.908623296047056,4.8415731607561145,29457
PAK,Pakistan,admin2,PK52022,Khyber Pakhtunkhwa,PK5102022,Hangu,17,2024-01-09,2024-09-15,0.02,2,0.31999999999999995,32,0.0068215661540103,0.08296143025505685,51
PAK,Pakistan,admin2,PK52022,Khyber Pakhtunkhwa,PK5092022,D. I. Khan,17,2024-01-09,2024-09-15,272.88,27288,589.05,58905,6.5779181566447,5.527260431040702,57603
PAK,Pakistan,admin2,PK52022,Khyber Pakhtunkhwa,PK5082022,Chitral Upper,17,2024-01-09,2024-09-15,0,0,39.53,3953,0,0.3731233065340028,142
PAK,Pakistan,admin2,PK52022,Khyber Pakhtunkhwa,PK5072022,Chitral Lower,17,2024-01-09,2024-09-15,0,0,8.21,821,0,0.12526206204910084,88
PAK,Pakistan,admin2,PK52022,Khyber Pakhtunkhwa,PK5062022,Charsadda,17,2024-01-09,2024-09-15,2.56,256,13.809999999999999,1381,0.4613476793992647,1.1397875995588642,11790
PAK,Pakistan,admin2,PK52022,Khyber Pakhtunkhwa,PK5042022,Batagram,17,2024-01-09,2024-09-15,0,0,0.25,25,0,0.015538746247666893,187
PAK,Pakistan,admin2,PK52022,Khyber Pakhtunkhwa,PK5032022,Bannu,17,2024-01-09,2024-09-15,2.75,275,16.29,1629,0.431644367144111,0.6720301704733278,1080
PAK,Pakistan,admin2,PK52022,Khyber Pakhtunkhwa,PK5022022,Bajaur,17,2024-01-09,2024-09-15,0.27,27,0.33,33,0.05226762542522,0.034823905462718116,257
PAK,Pakistan,admin2,PK42022,Islamabad,PK4012022,Islamabad,17,2024-01-09,2024-09-15,0.15,15,4.26,426,0.0567012502292138,0.416103683706961,6740
PAK,Pakistan,admin2,PK32022,Gilgit Baltistan,PK3142022,Rondu,17,2024-01-09,2024-09-15,0,0,0.44,44,0,0.024873915077749074,7
PAK,Pakistan,admin2,PK32022,Gilgit Baltistan,PK3132022,Gupis-Yasin,17,2024-01-09,2024-09-15,0,0,19.73,1973,0,0.2068990599808526,208
PAK,Pakistan,admin2,PK32022,Gilgit Baltistan,PK3122022,Tangir,17,2024-01-09,2024-09-15,0,0,0.86,86,0,0.10284779590795187,6
PAK,Pakistan,admin2,PK32022,Gilgit Baltistan,PK3112022,Darel,17,2024-01-09,2024-09-15,0,0,0.41000000000000003,41,0,0.05142104302532199,4
PAK,Pakistan,admin2,PK32022,Gilgit Baltistan,PK3102022,Shigar,17,2024-01-09,2024-09-15,0.12,12,73.3,7330,0.6202732039948837,0.7309809560679486,628
PAK,Pakistan,admin2,PK32022,Gilgit Baltistan,PK3092022,Kharmang,17,2024-01-09,2024-09-15,0,0,13.37,1337,0,0.18360862348043844,60
PAK,Pakistan,admin2,PK32022,Gilgit Baltistan,PK3082022,Nagar,17,2024-01-09,2024-09-15,0,0,8.28,828,0,0.22511243387322255,514
PAK,Pakistan,admin2,PK32022,Gilgit Baltistan,PK3072022,Skardu,17,2024-01-09,2024-09-15,0.25,25,37.28,3728,1.0956997009384346,1.4340195123135926,1786
PAK,Pakistan,admin2,PK32022,Gilgit Baltistan,PK3062022,Hunza,17,2024-01-09,2024-09-15,0,0,63.76,6376,0,0.44753467157801335,309
PAK,Pakistan,admin2,PK32022,Gilgit Baltistan,PK3052022,Gilgit,17,2024-01-09,2024-09-15,0,0,1.76,176,0,0.042979774759931685,13
PAK,Pakistan,admin2,PK32022,Gilgit Baltistan,PK3042022,Ghizer,17,2024-01-09,2024-09-15,0,0,11.04,1104,0,0.2059399995654715,103
PAK,Pakistan,admin2,PK32022,Gilgit Baltistan,PK3032022,Ghanche,17,2024-01-09,2024-09-15,0.19,19,82.61000000000001,8261,2.0629750271444083,0.7759241812249452,1189
PAK,Pakistan,admin2,PK32022,Gilgit Baltistan,PK3022022,Diamir,17,2024-01-09,2024-09-15,0,0,0.44,44,0,0.0237407379383086,3
PAK,Pakistan,admin2,PK32022,Gilgit Baltistan,PK3012022,Astore,17,2024-01-09,2024-09-15,0,0,8.98,898,0,0.14831676406203245,77
PAK,Pakistan,admin2,PK22022,Balochistan,PK2362022,Usta Muhammad,17,2024-01-09,2024-09-15,724.83,72483,846.52,84652,75.41141449261187,75.27761118204646,81017
PAK,Pakistan,admin2,PK22022,Balochistan,PK2342022,Duki,17,2024-01-09,2024-09-15,4.62,462,25.990000000000002,2599,1.035202145164496,0.5166890819035049,847
PAK,Pakistan,admin2,PK22022,Balochistan,PK2332022,Shaheed Sikandarabad,17,2024-01-09,2024-09-15,0.16,16,2.21,221,0.0564876557165992,0.05242588344800021,48
PAK,Pakistan,admin2,PK22022,Balochistan,PK2312022,Zhob,17,2024-01-09,2024-09-15,0.84,84,17.96,1796,0.4007476131943626,0.1283093559135086,272
PAK,Pakistan,admin2,PK22022,Balochistan,PK2302022,Washuk,17,2024-01-09,2024-09-15,0.07,7,0.7999999999999999,80,0.0283595366448904,0.001807011939760522,4
PAK,Pakistan,admin2,PK22022,Balochistan,PK2292022,Sohbatpur,17,2024-01-09,2024-09-15,94.71,9471,188.57,18857,13.577908337417757,20.982703370268446,26101
PAK,Pakistan,admin2,PK22022,Balochistan,PK2282022,Sibi,17,2024-01-09,2024-09-15,0.19,19,3.28,328,0.0281269636626334,0.06335499800565082,57
PAK,Pakistan,admin2,PK22022,Balochistan,PK2272022,Sherani,17,2024-01-09,2024-09-15,0.14,14,24.82,2482,0.7357381184476544,0.6907034131810178,531
PAK,Pakistan,admin2,PK22022,Balochistan,PK2262022,Quetta,17,2024-01-09,2024-09-15,0.02,2,1.25,125,0.0110386456490853,0.029505455246264203,215
PAK,Pakistan,admin2,PK22022,Balochistan,PK2252022,Pishin,17,2024-01-09,2024-09-15,0.02,2,1.36,136,0.00395783800538,0.02081155161615259,156
PAK,Pakistan,admin2,PK22022,Balochistan,PK2242022,Panjgur,17,2024-01-09,2024-09-15,0,0,1.2000000000000002,120,0,0.006133016395079947,13
PAK,Pakistan,admin2,PK22022,Balochistan,PK2232022,Nushki,17,2024-01-09,2024-09-15,1.47,147,2.65,265,0.6782197117046047,0.03924305293285903,43
PAK,Pakistan,admin2,PK22022,Balochistan,PK2222022,Nasirabad,17,2024-01-09,2024-09-15,523.29,52329,620.22,62022,18.974605609420465,16.825372623745828,38669
PAK,Pakistan,admin2,PK22022,Balochistan,PK2202022,Mastung,17,2024-01-09,2024-09-15,2,200,5.48,548,0.3673605747766772,0.10423562903293,346
PAK,Pakistan,admin2,PK22022,Balochistan,PK2192022,Loralai,17,2024-01-09,2024-09-15,0.33,33,1.9800000000000002,198,0.1175738623034724,0.04718199352716122,102
PAK,Pakistan,admin2,PK22022,Balochistan,PK2182022,Lehri,17,2024-01-09,2024-09-15,319.41,31941,489.15,48915,19.608273403386008,12.975066136473629,21214
PAK,Pakistan,admin2,PK22022,Balochistan,PK2172022,Lasbela,17,2024-01-09,2024-09-15,1.59,159,138.01000000000002,13801,0.1662278952670373,0.8802137917646157,1348
PAK,Pakistan,admin2,PK22022,Balochistan,PK2162022,Kohlu,17,2024-01-09,2024-09-15,0.14,14,0.52,52,0.0474787961292412,0.005947878124980858,2
PAK,Pakistan,admin2,PK22022,Balochistan,PK2152022,Killa Saifullah,17,2024-01-09,2024-09-15,3.02,302,47.95,4795,0.3841506840411256,0.3307496427364209,584
PAK,Pakistan,admin2,PK22022,Balochistan,PK2142022,Killa Abdullah,17,2024-01-09,2024-09-15,0.04,4,0.92,92,0.019298992479069,0.0266097005833614,7
PAK,Pakistan,admin2,PK22022,Balochistan,PK2132022,Khuzdar,17,2024-01-09,2024-09-15,8.23,823,29.42,2942,0.5985172207491446,0.08407725573818688,850
PAK,Pakistan,admin2,PK22022,Balochistan,PK2112022,Kech,17,2024-01-09,2024-09-15,4.51,451,69.86,6986,1.8701474831755025,0.2560751435498449,2591
PAK,Pakistan,admin2,PK22022,Balochistan,PK2102022,Kalat,17,2024-01-09,2024-09-15,0.44,44,1.77,177,0.0838481550267193,0.015455591386091894,12
PAK,Pakistan,admin2,PK22022,Balochistan,PK2092022,Kachhi,17,2024-01-09,2024-09-15,224.75,22475,290.41,29041,15.260169565516424,4.702866270728914,13130
PAK,Pakistan,admin2,PK22022,Balochistan,PK2082022,Jhal Magsi,17,2024-01-09,2024-09-15,722.34,72234,1016.09,101609,42.21019472379149,23.068914351678615,34967
PAK,Pakistan,admin2,PK22022,Balochistan,PK2072022_1,Jaffarabad,17,2024-01-09,2024-09-15,130.46,13046,151.51000000000002,15151,18.21640213778368,18.61793020735629,23351
PAK,Pakistan,admin2,PK22022,Balochistan,PK2052022,Gwadar,17,2024-01-09,2024-09-15,1.83,183,239.34,23934,7.028210739389157,1.8600341668671225,3124
PAK,Pakistan,admin2,PK22022,Balochistan,PK2042022,Dera Bugti,17,2024-01-09,2024-09-15,6.89,689,17.3,1730,1.1485812917651437,0.1465272523052206,1610
PAK,Pakistan,admin2,PK22022,Balochistan,PK2032022,Chagai,17,2024-01-09,2024-09-15,0.01,1,37.870000000000005,3787,0.003872886106621,0.07423350878255307,123
PAK,Pakistan,admin2,PK22022,Balochistan,PK2022022,Barkhan,17,2024-01-09,2024-09-15,0.26,26,0.28,28,0.0408358023185004,0.0108680728593165,4
PAK,Pakistan,admin2,PK22022,Balochistan,PK2012022,Awaran,17,2024-01-09,2024-09-15,1.87,187,36.97,3697,0.6707999252181523,0.13221307979881594,174
PAK,Pakistan,admin2,PK12022,Azad Kashmir,PK1082022,Neelum,17,2024-01-09,2024-09-15,0,0,1.76,176,0,0.11572942635465878,27
PAK,Pakistan,admin2,PK12022,Azad Kashmir,PK1072022,Muzaffarabad,17,2024-01-09,2024-09-15,0,0,0.16,16,0,0.010055397352827898,18
PAK,Pakistan,admin2,PK12022,Azad Kashmir,PK1062022,Mirpur,17,2024-01-09,2024-09-15,47.94,4794,98.3,9830,19.628858550251596,9.142358742050245,21575
PAK,Pakistan,admin2,PK12022,Azad Kashmir,PK1052022,Kotli,17,2024-01-09,2024-09-15,0.18,18,3,300,0.1009007202860568,0.15875815181604175,650
PAK,Pakistan,admin2,PK12022,Azad Kashmir,PK1022022,Bhimber,17,2024-01-09,2024-09-15,0.36,36,0.81,81,0.1018923563861644,0.05730115631819224,258
PAK,Pakistan,admin2,PK72022,Sindh,PK7132022,Larkana,17,2024-01-09,2024-09-15,275.33,27533,460.0399999999999,46004,17.899315855952004,21.155588747525435,139509
PAK,Pakistan,admin2,PK72022,Sindh,PK7142022,Malir Karachi,17,2024-01-09,2024-09-15,2.87,287,187.4,18740,1.1604930949986931,6.196101296421428,33923
PAK,Pakistan,admin2,PK72022,Sindh,PK7152022,Matiari,17,2024-01-09,2024-09-15,320.98,32098,450.71000000000004,45071,28.53528963755293,27.724887296455957,117108
PAK,Pakistan,admin2,PK72022,Sindh,PK7162022,Mirpur Khas,17,2024-01-09,2024-09-15,344.9,34490,760.4300000000001,76043,14.798288174096546,19.760559791754638,222425
PAK,Pakistan,admin2,PK72022,Sindh,PK7172022,Naushahro Feroze,17,2024-01-09,2024-09-15,500.31,50031,832.9799999999999,83298,19.86473784719133,24.36862951800177,189067
PAK,Pakistan,admin2,PK72022,Sindh,PK7182022,Sanghar,17,2024-01-09,2024-09-15,206.77,20677,645.73,64573,5.253568120150174,5.69164895856427,114437
PAK,Pakistan,admin2,PK72022,Sindh,PK7192022,Shaheed Benazir Abad,17,2024-01-09,2024-09-15,401.76,40176,664.4,66440,13.259148874587249,12.93897041057665,140840
PAK,Pakistan,admin2,PK72022,Sindh,PK7202022,Shikarpur,17,2024-01-09,2024-09-15,192.83,19283,364.36,36436,8.959801578304356,12.565611650437363,91026
PAK,Pakistan,admin2,PK72022,Sindh,PK7212022,South Karachi,17,2024-01-09,2024-09-15,0,0,14.55,1455,0,2.6684461821818934,35526
PAK,Pakistan,admin2,PK72022,Sindh,PK7222022,Sujawal,17,2024-01-09,2024-09-15,832.05,83205,3339.89,333989,32.04392381634335,34.89794491907542,229109
PAK,Pakistan,admin2,PK72022,Sindh,PK7232022,Sukkur,17,2024-01-09,2024-09-15,248.4,24840,467.13,46713,14.988364744134744,7.970020721639709,152165
PAK,Pakistan,admin2,PK72022,Sindh,PK7242022,Tando Allahyar,17,2024-01-09,2024-09-15,49.62,4962,95.4,9540,4.623056531244303,5.5542039344230005,22743
PAK,Pakistan,admin2,PK72022,Sindh,PK7252022,Tando Muhammad Khan,17,2024-01-09,2024-09-15,132.18,13218,260.15999999999997,26016,9.542883050950266,14.000268774906438,65293
PAK,Pakistan,admin2,PK72022,Sindh,PK7262022,Tharparkar,17,2024-01-09,2024-09-15,26.67,2667,737.4100000000001,73741,0.7744298904236676,3.386581359287321,19865
PAK,Pakistan,admin2,PK72022,Sindh,PK7272022,Thatta,17,2024-01-09,2024-09-15,339.94,33994,1655.76,165576,17.085075911333337,19.622840880672175,166966
PAK,Pakistan,admin2,PK72022,Sindh,PK7282022,Umer Kot,17,2024-01-09,2024-09-15,278.44,27844,507.5299999999999,50753,14.51169911238979,8.317332672677475,97776
PAK,Pakistan,admin2,PK12022,Azad Kashmir,PK1022022,Bhimber,16,2024-08-16,2024-08-31,2.05,205,3.7899999999999996,379,0.5802203627545476,0.26130328328001234,911
PAK,Pakistan,admin2,PK12022,Azad Kashmir,PK1052022,Kotli,16,2024-08-16,2024-08-31,0.04,4,0.7499999999999999,75,0.0224223822857904,0.039035788071736716,211
PAK,Pakistan,admin2,PK12022,Azad Kashmir,PK1062022,Mirpur,16,2024-08-16,2024-08-31,31.17,3117,67.09,6709,12.762443074913271,6.239683092615982,13447
PAK,Pakistan,admin2,PK12022,Azad Kashmir,PK1082022,Neelum,16,2024-08-16,2024-08-31,0,0,2.09,209,0,0.1374286937961573,31
PAK,Pakistan,admin2,PK22022,Balochistan,PK2012022,Awaran,16,2024-08-16,2024-08-31,1.99,199,103.55,10355,0.7138459097241302,0.3703182151248956,315
PAK,Pakistan,admin2,PK22022,Balochistan,PK2022022,Barkhan,16,2024-08-16,2024-08-31,0.42,42,0.44,44,0.0659655268221929,0.01707840020749735,6
PAK,Pakistan,admin2,PK22022,Balochistan,PK2032022,Chagai,16,2024-08-16,2024-08-31,0.02,2,42.28,4228,0.007745772213242,0.0828780763487284,140
PAK,Pakistan,admin2,PK22022,Balochistan,PK2042022,Dera Bugti,16,2024-08-16,2024-08-31,6.8,680,17.04,1704,1.1335780528306203,0.1443718195139346,1492
PAK,Pakistan,admin2,PK22022,Balochistan,PK2052022,Gwadar,16,2024-08-16,2024-08-31,1.54,154,291.03000000000003,29103,5.914450567573388,2.2617437268460723,3676
PAK,Pakistan,admin2,PK22022,Balochistan,PK2072022_1,Jaffarabad,16,2024-08-16,2024-08-31,186.57,18657,207.05999999999997,20706,26.051158568498398,25.444054047489896,31525
PAK,Pakistan,admin2,PK62022,Punjab,PK6282022,Rahim Yar Khan,16,2024-08-16,2024-08-31,214.57,21457,440.51,44051,3.082375266171809,3.0043096673279615,71701
PAK,Pakistan,admin2,PK62022,Punjab,PK6272022,Pakpattan,16,2024-08-16,2024-08-31,4.11,411,7.66,766,0.1389766678721787,0.2378454931664139,2941
PAK,Pakistan,admin2,PK62022,Punjab,PK6262022,Okara,16,2024-08-16,2024-08-31,19.46,1946,26.92,2692,0.4354993882094976,0.5199368153234589,10587
PAK,Pakistan,admin2,PK62022,Punjab,PK6252022,Narowal,16,2024-08-16,2024-08-31,58.76,5876,64.99,6499,2.370427115884004,2.3073913447912786,37271
PAK,Pakistan,admin2,PK62022,Punjab,PK6242022,Nankana Sahib,16,2024-08-16,2024-08-31,62.22,6222,95.63,9563,2.880348942289921,3.7067689360035643,35155
PAK,Pakistan,admin2,PK62022,Punjab,PK6232022,Muzaffargarh,16,2024-08-16,2024-08-31,499.19,49919,1000.06,100006,8.809796194636615,11.221189904375764,244668
PAK,Pakistan,admin2,PK62022,Punjab,PK6222022,Multan,16,2024-08-16,2024-08-31,65.02,6502,158.47999999999996,15848,2.2161073947502388,3.7516281154766684,61111
PAK,Pakistan,admin2,PK62022,Punjab,PK6212022,Mianwali,16,2024-08-16,2024-08-31,419.34,41934,626.37,62637,11.68520907826541,8.821571687873792,93666
PAK,Pakistan,admin2,PK62022,Punjab,PK6202022,Mandi Bahauddin,16,2024-08-16,2024-08-31,112.7,11270,191.25,19125,4.49316677021241,5.870771414939961,88874
PAK,Pakistan,admin2,PK62022,Punjab,PK6192022,Lodhran,16,2024-08-16,2024-08-31,0.65,65,1.15,115,0.0236089331702106,0.03781852629592082,555
PAK,Pakistan,admin2,PK62022,Punjab,PK6182022,Leiah,16,2024-08-16,2024-08-31,227.88,22788,385.5,38550,5.078913637911067,5.137764823808447,63380
PAK,Pakistan,admin2,PK62022,Punjab,PK6172022,Lahore,16,2024-08-16,2024-08-31,7.87,787,15.920000000000002,1592,0.7758185381372869,0.7825660265988776,22307
PAK,Pakistan,admin2,PK62022,Punjab,PK6162022,Khushab,16,2024-08-16,2024-08-31,22.09,2209,31.09,3109,0.6889153779250498,0.39751300895599234,5621
PAK,Pakistan,admin2,PK62022,Punjab,PK6152022,Khanewal,16,2024-08-16,2024-08-31,19,1900,65.15,6515,0.4653223176766312,1.2862499587141105,22308
PAK,Pakistan,admin2,PK62022,Punjab,PK6142022,Kasur,16,2024-08-16,2024-08-31,15.74,1574,28.18,2818,0.4290894120153707,0.6036516730166774,13490
PAK,Pakistan,admin2,PK62022,Punjab,PK6132022,Jhelum,16,2024-08-16,2024-08-31,56.4,5640,109.85,10985,3.43922743788962,2.5791777198305703,30569
PAK,Pakistan,admin2,PK62022,Punjab,PK6122022,Jhang,16,2024-08-16,2024-08-31,154.88,15488,329.76,32976,2.9593551958985405,4.432645208365501,126984
PAK,Pakistan,admin2,PK62022,Punjab,PK6112022,Hafizabad,16,2024-08-16,2024-08-31,36,3600,75.44,7544,1.5235051452154302,2.8002087070490562,28149
PAK,Pakistan,admin2,PK62022,Punjab,PK6102022,Gujrat,16,2024-08-16,2024-08-31,170.99,17099,243.76999999999998,24377,6.5710706964075465,6.454816291153905,137455
PAK,Pakistan,admin2,PK62022,Punjab,PK6092022,Gujranwala,16,2024-08-16,2024-08-31,73.23,7323,139.94,13994,2.0532746462999367,3.2639756384359404,82750
PAK,Pakistan,admin2,PK62022,Punjab,PK6082022,Faisalabad,16,2024-08-16,2024-08-31,32.11,3211,53.78,5378,0.6458922035213145,0.7707438214321573,22937
PAK,Pakistan,admin2,PK62022,Punjab,PK6072022,Dera Ghazi Khan,16,2024-08-16,2024-08-31,387.01,38701,668.71,66871,8.135547941231543,4.885249289166514,145031
PAK,Pakistan,admin2,PK62022,Punjab,PK6062022,Chiniot,16,2024-08-16,2024-08-31,34.24,3424,138.83,13883,1.4951261476726836,4.527555548183352,45389
PAK,Pakistan,admin2,PK62022,Punjab,PK6052022,Chakwal,16,2024-08-16,2024-08-31,0.1,10,4.11,411,0.0030616738538359,0.05304792696592363,995
PAK,Pakistan,admin2,PK62022,Punjab,PK6042022,Bhakkar,16,2024-08-16,2024-08-31,14.56,1456,75.12,7512,0.341685834728473,0.7657752801906179,6806
PAK,Pakistan,admin2,PK62022,Punjab,PK6032022,Bahawalpur,16,2024-08-16,2024-08-31,21.72,2172,60.69,6069,0.3127031160899959,0.22103869207824003,12059
PAK,Pakistan,admin2,PK62022,Punjab,PK6022022,Bahawalnagar,16,2024-08-16,2024-08-31,185.86,18586,240.96000000000004,24096,2.897283672841878,2.434137933587603,87789
PAK,Pakistan,admin2,PK62022,Punjab,PK6012022,Attock,16,2024-08-16,2024-08-31,8.54,854,53.480000000000004,5348,0.2505053329959212,0.6437775807608553,13876
PAK,Pakistan,admin2,PK52022,Khyber Pakhtunkhwa,PK5342022,Tor Ghar,16,2024-08-16,2024-08-31,4.1,410,27.310000000000002,2731,30.23056771589338,4.93814633216567,15742
PAK,Pakistan,admin2,PK52022,Khyber Pakhtunkhwa,PK5332022,Tank,16,2024-08-16,2024-08-31,46.36,4636,82.97999999999999,8298,6.500563873794543,2.4803274291493347,18392
PAK,Pakistan,admin2,PK52022,Khyber Pakhtunkhwa,PK5322022,Swat,16,2024-08-16,2024-08-31,0.13,13,1.93,193,0.0396272148953381,0.04273323007257464,846
PAK,Pakistan,admin2,PK52022,Khyber Pakhtunkhwa,PK5312022,Swabi,16,2024-08-16,2024-08-31,19.32,1932,79.7,7970,2.088919997917273,4.444845791943645,44577
PAK,Pakistan,admin2,PK52022,Khyber Pakhtunkhwa,PK5302022,South Waziristan,16,2024-08-16,2024-08-31,0.22,22,21.31,2131,0.1123320575668756,0.3484428380968444,470
PAK,Pakistan,admin2,PK52022,Khyber Pakhtunkhwa,PK5292022,Shangla,16,2024-08-16,2024-08-31,3.29,329,10.82,1082,8.671201317191603,0.6444372448431058,4724
PAK,Pakistan,admin2,PK52022,Khyber Pakhtunkhwa,PK5282022,Peshawar,16,2024-08-16,2024-08-31,1.21,121,5.49,549,0.1833367211955016,0.295218846482678,5334
PAK,Pakistan,admin2,PK52022,Khyber Pakhtunkhwa,PK5262022,Nowshera,16,2024-08-16,2024-08-31,7.61,761,28.889999999999997,2889,1.5302578715761506,1.3855628561460962,18965
PAK,Pakistan,admin2,PK52022,Khyber Pakhtunkhwa,PK5252022,North Waziristan,16,2024-08-16,2024-08-31,0.04,4,2.08,208,0.0261400321522395,0.039792572065218204,35
PAK,Pakistan,admin2,PK52022,Khyber Pakhtunkhwa,PK5242022,Mohmand,16,2024-08-16,2024-08-31,0,0,0.31,31,0,0.013461070634809667,234
PAK,Pakistan,admin2,PK52022,Khyber Pakhtunkhwa,PK5232022,Mardan,16,2024-08-16,2024-08-31,1.34,134,1.6500000000000001,165,0.1594462525441057,0.08446516826093861,1438
PAK,Pakistan,admin2,PK52022,Khyber Pakhtunkhwa,PK5222022,Mansehra,16,2024-08-16,2024-08-31,1.51,151,3.64,364,0.4403458587647695,0.07516264002513563,2983
PAK,Pakistan,admin2,PK52022,Khyber Pakhtunkhwa,PK5202022,Lower Dir,16,2024-08-16,2024-08-31,0.11,11,0.12,12,0.0282114655016521,0.02975153674951621,412
PAK,Pakistan,admin2,PK52022,Khyber Pakhtunkhwa,PK5192022,Lakki Marwat,16,2024-08-16,2024-08-31,0.89,89,0.9600000000000001,96,0.0682651243571287,0.02495768688243042,229
PAK,Pakistan,admin2,PK52022,Khyber Pakhtunkhwa,PK5182022,Kurram,16,2024-08-16,2024-08-31,0.02,2,0.32,32,0.0074071212354032,0.013876054860751278,24
PAK,Pakistan,admin2,PK52022,Khyber Pakhtunkhwa,PK5172022,Kolai Palas Kohistan,16,2024-08-16,2024-08-31,0,0,0.12,12,0,0.038923928905062105,6
PAK,Pakistan,admin2,PK52022,Khyber Pakhtunkhwa,PK5162022,Kohistan Upper,16,2024-08-16,2024-08-31,0,0,0.44000000000000006,44,0,0.025848583421603184,16
PAK,Pakistan,admin2,PK52022,Khyber Pakhtunkhwa,PK5142022,Kohat,16,2024-08-16,2024-08-31,0.7,70,18.28,1828,0.1052715386452703,0.4422379708003592,2160
PAK,Pakistan,admin2,PK52022,Khyber Pakhtunkhwa,PK5132022,Khyber,16,2024-08-16,2024-08-31,0.2,20,0.66,66,0.1206348515505362,0.023909709096407376,94
PAK,Pakistan,admin2,PK52022,Khyber Pakhtunkhwa,PK5122022,Karak,16,2024-08-16,2024-08-31,0.08,8,2.41,241,0.0203429096583348,0.07777719054132146,285
PAK,Pakistan,admin2,PK52022,Khyber Pakhtunkhwa,PK5112022,Haripur,16,2024-08-16,2024-08-31,27.41,2741,103.64,10364,5.462238264575035,4.386194426405276,26758
PAK,Pakistan,admin2,PK52022,Khyber Pakhtunkhwa,PK5092022,D. I. Khan,16,2024-08-16,2024-08-31,158.15,15815,381.77,38177,3.81229022454324,3.5822803068642886,44712
PAK,Pakistan,admin2,PK52022,Khyber Pakhtunkhwa,PK5082022,Chitral Upper,16,2024-08-16,2024-08-31,0,0,47.410000000000004,4741,0,0.447502554079864,214
PAK,Pakistan,admin2,PK52022,Khyber Pakhtunkhwa,PK5072022,Chitral Lower,16,2024-08-16,2024-08-31,0.16,16,6.63,663,0.5632542844599799,0.09207796964114558,433
PAK,Pakistan,admin2,PK52022,Khyber Pakhtunkhwa,PK5062022,Charsadda,16,2024-08-16,2024-08-31,4.47,447,19.04,1904,0.8055562995760598,1.5714377911369135,18526
PAK,Pakistan,admin2,PK52022,Khyber Pakhtunkhwa,PK5042022,Batagram,16,2024-08-16,2024-08-31,0,0,0.51,51,0,0.03169904234524046,421
PAK,Pakistan,admin2,PK52022,Khyber Pakhtunkhwa,PK5032022,Bannu,16,2024-08-16,2024-08-31,2.85,285,14.190000000000001,1419,0.4473405259493513,0.5853964468395656,1353
PAK,Pakistan,admin2,PK52022,Khyber Pakhtunkhwa,PK5022022,Bajaur,16,2024-08-16,2024-08-31,0.41,41,0.68,68,0.079369357127186,0.054552809479126226,760
PAK,Pakistan,admin2,PK42022,Islamabad,PK4012022,Islamabad,16,2024-08-16,2024-08-31,0.07,7,2.39,239,0.0264605834402998,0.23344784132855323,4062
PAK,Pakistan,admin2,PK32022,Gilgit Baltistan,PK3142022,Rondu,16,2024-08-16,2024-08-31,0,0,0.16,16,0,0.0423293773348593,1
PAK,Pakistan,admin2,PK32022,Gilgit Baltistan,PK3132022,Gupis-Yasin,16,2024-08-16,2024-08-31,0,0,21.71,2171,0,0.2276501966074368,159
PAK,Pakistan,admin2,PK32022,Gilgit Baltistan,PK3122022,Tangir,16,2024-08-16,2024-08-31,0,0,0.09,9,0,0.9288451965145037,1
PAK,Pakistan,admin2,PK32022,Gilgit Baltistan,PK3102022,Shigar,16,2024-08-16,2024-08-31,0.27,27,104.42999999999999,10443,1.3956147089884885,0.9931100823852134,1081
PAK,Pakistan,admin2,PK32022,Gilgit Baltistan,PK3092022,Kharmang,16,2024-08-16,2024-08-31,0,0,1.77,177,0,0.02430719996711855,26
PAK,Pakistan,admin2,PK32022,Gilgit Baltistan,PK3082022,Nagar,16,2024-08-16,2024-08-31,0,0,13.360000000000001,1336,0,0.3632248933026876,607
PAK,Pakistan,admin2,PK32022,Gilgit Baltistan,PK3072022,Skardu,16,2024-08-16,2024-08-31,0.72,72,48.46,4846,3.155615138702692,2.333592432538165,3090
PAK,Pakistan,admin2,PK32022,Gilgit Baltistan,PK3062022,Hunza,16,2024-08-16,2024-08-31,0,0,132.72,13272,0,0.931568406710068,1137
PAK,Pakistan,admin2,PK32022,Gilgit Baltistan,PK3052022,Gilgit,16,2024-08-16,2024-08-31,0,0,3.38,338,0,0.07675645649236713,82
PAK,Pakistan,admin2,PK32022,Gilgit Baltistan,PK3042022,Ghizer,16,2024-08-16,2024-08-31,0.01,1,14.6,1460,0.0543863091531091,0.27131738429228097,321
PAK,Pakistan,admin2,PK32022,Gilgit Baltistan,PK3032022,Ghanche,16,2024-08-16,2024-08-31,0.42,42,196.69000000000003,19669,4.5602605863192185,1.8474340540507745,3128
PAK,Pakistan,admin2,PK32022,Gilgit Baltistan,PK3022022,Diamir,16,2024-08-16,2024-08-31,0,0,4.2299999999999995,423,0,0.19712338564280554,41
PAK,Pakistan,admin2,PK32022,Gilgit Baltistan,PK3012022,Astore,16,2024-08-16,2024-08-31,0,0,5.22,522,0,0.08621531273984395,50
PAK,Pakistan,admin2,PK22022,Balochistan,PK2362022,Usta Muhammad,16,2024-08-16,2024-08-31,831.08,83108,970.98,97098,86.46567934070039,86.34533726969647,114675
PAK,Pakistan,admin2,PK22022,Balochistan,PK2342022,Duki,16,2024-08-16,2024-08-31,0.15,15,2.81,281,0.0336104592585875,0.055873649245464736,71
PAK,Pakistan,admin2,PK22022,Balochistan,PK2332022,Shaheed Sikandarabad,16,2024-08-16,2024-08-31,1.19,119,5.2700000000000005,527,0.4201269393922066,0.12501556822215465,129
PAK,Pakistan,admin2,PK22022,Balochistan,PK2312022,Zhob,16,2024-08-16,2024-08-31,0.81,81,11.83,1183,0.3864351984374211,0.08451557240850818,239
PAK,Pakistan,admin2,PK22022,Balochistan,PK2302022,Washuk,16,2024-08-16,2024-08-31,0.09,9,2.49,249,0.0364622614005734,0.005624324662504598,13
PAK,Pakistan,admin2,PK22022,Balochistan,PK2292022,Sohbatpur,16,2024-08-16,2024-08-31,176.75,17675,292.46,29246,25.339407651130696,32.54282986513608,46212
PAK,Pakistan,admin2,PK22022,Balochistan,PK2272022,Sherani,16,2024-08-16,2024-08-31,0.06,6,21.96,2196,0.3153163364775662,0.6111138982052836,462
PAK,Pakistan,admin2,PK22022,Balochistan,PK2262022,Quetta,16,2024-08-16,2024-08-31,0,0,0.65,65,0,0.016028316130961097,111
PAK,Pakistan,admin2,PK22022,Balochistan,PK2252022,Pishin,16,2024-08-16,2024-08-31,0.15,15,2.7699999999999996,277,0.0296837850403501,0.04226744411556935,433
PAK,Pakistan,admin2,PK22022,Balochistan,PK2242022,Panjgur,16,2024-08-16,2024-08-31,0,0,1.37,137,0,0.007001860384382993,16
PAK,Pakistan,admin2,PK22022,Balochistan,PK2232022,Nushki,16,2024-08-16,2024-08-31,1.51,151,4.62,462,0.6966746698462266,0.06841619039615439,85
PAK,Pakistan,admin2,PK22022,Balochistan,PK2222022,Nasirabad,16,2024-08-16,2024-08-31,280.04,28004,301.8500000000001,30185,10.154309378857052,8.188608439711196,31805
PAK,Pakistan,admin2,PK22022,Balochistan,PK2202022,Mastung,16,2024-08-16,2024-08-31,0.2,20,0.48000000000000004,48,0.0367360574776677,0.009135010688970007,7
PAK,Pakistan,admin2,PK22022,Balochistan,PK2192022,Loralai,16,2024-08-16,2024-08-31,0,0,1.2799999999999998,128,0,0.03268773717136498,56
PAK,Pakistan,admin2,PK22022,Balochistan,PK2182022,Lehri,16,2024-08-16,2024-08-31,245.61,24561,304.81,30481,15.077762219735256,8.088192201208942,15676
PAK,Pakistan,admin2,PK22022,Balochistan,PK2172022,Lasbela,16,2024-08-16,2024-08-31,1.67,167,135.42,13542,0.1745915629534291,0.8636950342784163,1368
PAK,Pakistan,admin2,PK22022,Balochistan,PK2162022,Kohlu,16,2024-08-16,2024-08-31,0.18,18,0.84,84,0.0610441664518816,0.00960656148061876,5
PAK,Pakistan,admin2,PK22022,Balochistan,PK2152022,Killa Saifullah,16,2024-08-16,2024-08-31,0.02,2,10.87,1087,0.002544044265173,0.07525889033840377,104
PAK,Pakistan,admin2,PK22022,Balochistan,PK2142022,Killa Abdullah,16,2024-08-16,2024-08-31,0.03,3,0.76,76,0.0144742443593018,0.02198192656886373,6
PAK,Pakistan,admin2,PK22022,Balochistan,PK2132022,Khuzdar,16,2024-08-16,2024-08-31,11.06,1106,49.34,4934,0.804325693983662,0.14100515969143937,1212
PAK,Pakistan,admin2,PK22022,Balochistan,PK2112022,Kech,16,2024-08-16,2024-08-31,4.7,470,66.24,6624,1.9489341842405457,0.2428058618485791,2544
PAK,Pakistan,admin2,PK22022,Balochistan,PK2102022,Kalat,16,2024-08-16,2024-08-31,0.38,38,0.48,48,0.0724143157048939,0.004191346816567312,3
PAK,Pakistan,admin2,PK22022,Balochistan,PK2092022,Kachhi,16,2024-08-16,2024-08-31,89.47,8947,110.35,11035,6.07487150623695,1.7869952583414321,3884
PAK,Pakistan,admin2,PK22022,Balochistan,PK2082022,Jhal Magsi,16,2024-08-16,2024-08-31,245.59,24559,282.45,28245,14.351138968098056,6.412635552590444,13276
PAK,Pakistan,admin2,PK72022,Sindh,PK7212022,South Karachi,16,2024-08-16,2024-08-31,0,0,9.92,992,0,1.8193117613226377,22729
PAK,Pakistan,admin2,PK72022,Sindh,PK7202022,Shikarpur,16,2024-08-16,2024-08-31,406.79,40679,620.01,62001,18.901403744429963,21.382162914117,191917
PAK,Pakistan,admin2,PK72022,Sindh,PK7192022,Shaheed Benazir Abad,16,2024-08-16,2024-08-31,325.4,32540,580.1800000000001,58018,10.739065720307376,11.298813745948772,127507
PAK,Pakistan,admin2,PK72022,Sindh,PK7182022,Sanghar,16,2024-08-16,2024-08-31,79.28,7928,301.46000000000004,30146,2.0143293541882565,2.657154685470375,56557
PAK,Pakistan,admin2,PK72022,Sindh,PK7172022,Naushahro Feroze,16,2024-08-16,2024-08-31,454.74,45474,773.75,77375,18.0553874370526,22.635870116394003,175906
PAK,Pakistan,admin2,PK72022,Sindh,PK7162022,Mirpur Khas,16,2024-08-16,2024-08-31,5.89,589,30.839999999999996,3084,0.2527164898388769,0.8014092868215519,7641
PAK,Pakistan,admin2,PK72022,Sindh,PK7152022,Matiari,16,2024-08-16,2024-08-31,282.34,28234,406.05999999999995,40606,25.100173457120988,24.978295878944117,103067
PAK,Pakistan,admin2,PK72022,Sindh,PK7142022,Malir Karachi,16,2024-08-16,2024-08-31,1.59,159,196.72,19672,0.6429212616891714,6.504253185869924,30816
PAK,Pakistan,admin2,PK72022,Sindh,PK7132022,Larkana,16,2024-08-16,2024-08-31,697.29,69729,949.2999999999998,94930,45.331107954806136,43.65490043914855,394568
PAK,Pakistan,admin2,PK72022,Sindh,PK7122022,Korangi Karachi,16,2024-08-16,2024-08-31,0,0,1.99,199,0,1.8681126117204603,3415
PAK,Pakistan,admin2,PK72022,Sindh,PK7112022,Khairpur,16,2024-08-16,2024-08-31,417.41,41741,767.3100000000001,76731,13.01179436617972,4.260918871850158,188797
PAK,Pakistan,admin2,PK72022,Sindh,PK7102022,Kashmore,16,2024-08-16,2024-08-31,559.45,55945,982.33,98233,26.43677969215905,32.96234629170669,223620
PAK,Pakistan,admin2,PK72022,Sindh,PK7092022,Kambar Shahdad Kot,16,2024-08-16,2024-08-31,2478.43,247843,2989.0699999999993,298907,72.19696031665622,47.12957587880957,760560
PAK,Pakistan,admin2,PK72022,Sindh,PK7082022,Jamshoro,16,2024-08-16,2024-08-31,297.18,29718,483.38,48338,18.826002280805945,3.8608024451764518,83587
PAK,Pakistan,admin2,PK72022,Sindh,PK7072022,Jacobabad,16,2024-08-16,2024-08-31,1109.73,110973,1432.3400000000001,143234,45.09630439374986,46.728550368503804,328775
PAK,Pakistan,admin2,PK72022,Sindh,PK7062022,Hyderabad,16,2024-08-16,2024-08-31,21.79,2179,51.61,5161,4.192336612839183,4.558419330935825,40295
PAK,Pakistan,admin2,PK72022,Sindh,PK7052022,Ghotki,16,2024-08-16,2024-08-31,185.95,18595,301.78999999999996,30179,6.001062029369604,4.17591898412916,62828
PAK,Pakistan,admin2,PK72022,Sindh,PK7032022,Dadu,16,2024-08-16,2024-08-31,1141.3,114130,1380.6699999999998,138067,33.874293810513024,15.300608314073303,498584
PAK,Pakistan,admin2,PK72022,Sindh,PK7012022,Badin,16,2024-08-16,2024-08-31,97.33,9733,257.21,25721,1.9528455062577184,3.5378741413608354,29513
PAK,Pakistan,admin2,PK62022,Punjab,PK6362022,Vehari,16,2024-08-16,2024-08-31,3.06,306,6.1,610,0.0676006348897768,0.11700089760110044,2921
PAK,Pakistan,admin2,PK62022,Punjab,PK6352022,Toba Tek Singh,16,2024-08-16,2024-08-31,6.83,683,12.500000000000002,1250,0.2454089337982616,0.3470389040246847,4673
PAK,Pakistan,admin2,PK62022,Punjab,PK6342022,Sialkot,16,2024-08-16,2024-08-31,208.56,20856,248.13,24813,6.816232673784116,6.807827973299149,171775
PAK,Pakistan,admin2,PK62022,Punjab,PK6332022,Sheikhupura,16,2024-08-16,2024-08-31,122.51,12251,141.29999999999998,14130,3.4267560530823,3.301944387637524,57464
PAK,Pakistan,admin2,PK62022,Punjab,PK6322022,Sargodha,16,2024-08-16,2024-08-31,34.37,3437,88.00999999999999,8801,0.7277525186899924,1.2716036075918833,31466
PAK,Pakistan,admin2,PK62022,Punjab,PK6312022,Sahiwal,16,2024-08-16,2024-08-31,4.03,403,8.63,863,0.1289352509038704,0.2294443045884742,3551
PAK,Pakistan,admin2,PK62022,Punjab,PK6302022,Rawalpindi,16,2024-08-16,2024-08-31,3.11,311,33.64,3364,0.1366728370073749,0.535590648558056,5720
PAK,Pakistan,admin2,PK62022,Punjab,PK6292022,Rajanpur,16,2024-08-16,2024-08-31,1042.36,104236,1608.09,160809,19.046621305966667,11.118809116919708,217473
PAK,Pakistan,admin2,PK72022,Sindh,PK7222022,Sujawal,16,2024-08-16,2024-08-31,96.97,9697,2082.8399999999997,208284,3.734510296822084,21.76324238081106,74836
PAK,Pakistan,admin2,PK72022,Sindh,PK7232022,Sukkur,16,2024-08-16,2024-08-31,383.17,38317,717.4099999999999,71741,23.12033703305197,12.240216997220351,222269
PAK,Pakistan,admin2,PK72022,Sindh,PK7282022,Umer Kot,16,2024-08-16,2024-08-31,6.31,631,16.28,1628,0.3288637458668997,0.26679442774060474,2934
PAK,Pakistan,admin2,PK72022,Sindh,PK7272022,Thatta,16,2024-08-16,2024-08-31,41.74,4174,826.23,82623,2.09781452179518,9.791865862708226,47295
PAK,Pakistan,admin2,PK72022,Sindh,PK7262022,Tharparkar,16,2024-08-16,2024-08-31,11.02,1102,393.62,39362,0.3199931530734464,1.8077136933899391,9552
PAK,Pakistan,admin2,PK72022,Sindh,PK7252022,Tando Muhammad Khan,16,2024-08-16,2024-08-31,18.85,1885,58.879999999999995,5888,1.3608968490725717,3.168572514861974,13488
PAK,Pakistan,admin2,PK72022,Sindh,PK7242022,Tando Allahyar,16,2024-08-16,2024-08-31,3.07,307,9.040000000000001,904,0.2860294951817817,0.5407791639655474,2258
PAK,Pakistan,admin2,PK62022,Punjab,PK6032022,Bahawalpur,15,2024-01-08,2024-08-15,13.51,1351,30.66,3066,0.1945036417300112,0.11166660568658485,6291
PAK,Pakistan,admin2,PK62022,Punjab,PK6022022,Bahawalnagar,15,2024-01-08,2024-08-15,53.59,5359,78.75,7875,0.835389174796063,0.7955194317315062,27909
PAK,Pakistan,admin2,PK62022,Punjab,PK6012022,Attock,15,2024-01-08,2024-08-15,9.06,906,59.59,5959,0.2657585851221366,0.7173280859674527,13995
PAK,Pakistan,admin2,PK52022,Khyber Pakhtunkhwa,PK5352022,Upper Dir,15,2024-01-08,2024-08-15,0,0,1.54,154,0,0.1961374262574212,37
PAK,Pakistan,admin2,PK52022,Khyber Pakhtunkhwa,PK5342022,Tor Ghar,15,2024-01-08,2024-08-15,2.72,272,22.700000000000003,2270,20.055401021275607,4.104574212382304,11255
PAK,Pakistan,admin2,PK52022,Khyber Pakhtunkhwa,PK5332022,Tank,15,2024-01-08,2024-08-15,21.01,2101,32.64000000000001,3264,2.94600619043191,0.9756313242640915,6097
PAK,Pakistan,admin2,PK52022,Khyber Pakhtunkhwa,PK5322022,Swat,15,2024-01-08,2024-08-15,2.45,245,9.910000000000002,991,0.7468205884121413,0.15317839858044285,8842
PAK,Pakistan,admin2,PK52022,Khyber Pakhtunkhwa,PK5312022,Swabi,15,2024-01-08,2024-08-15,28.65,2865,102.33,10233,3.097699686352477,5.706914302253364,54375
PAK,Pakistan,admin2,PK52022,Khyber Pakhtunkhwa,PK5302022,South Waziristan,15,2024-01-08,2024-08-15,0.18,18,20.35,2035,0.0919080471001709,0.39238665910312126,442
PAK,Pakistan,admin2,PK52022,Khyber Pakhtunkhwa,PK5292022,Shangla,15,2024-01-08,2024-08-15,1.84,184,6.219999999999999,622,4.849547241225699,0.37046207605583326,2688
PAK,Pakistan,admin2,PK52022,Khyber Pakhtunkhwa,PK5282022,Peshawar,15,2024-01-08,2024-08-15,0.68,68,4.800000000000001,480,0.1030322069528438,0.2581148384548005,4329
PAK,Pakistan,admin2,PK52022,Khyber Pakhtunkhwa,PK5262022,Nowshera,15,2024-01-08,2024-08-15,8.72,872,35.21000000000001,3521,1.7534623705839727,1.6886697184113553,26831
PAK,Pakistan,admin2,PK52022,Khyber Pakhtunkhwa,PK5252022,North Waziristan,15,2024-01-08,2024-08-15,0.23,23,3.6400000000000006,364,0.1503051848753773,0.06178849288972318,226
PAK,Pakistan,admin2,PK52022,Khyber Pakhtunkhwa,PK5242022,Mohmand,15,2024-01-08,2024-08-15,0.23,23,1.4,140,0.0514271088468569,0.05140185159836202,383
PAK,Pakistan,admin2,PK52022,Khyber Pakhtunkhwa,PK5232022,Mardan,15,2024-01-08,2024-08-15,4.79,479,5.32,532,0.5699608579748257,0.26814346525322386,3981
PAK,Pakistan,admin2,PK52022,Khyber Pakhtunkhwa,PK5222022,Mansehra,15,2024-01-08,2024-08-15,1.25,125,3.3999999999999995,340,0.3645247175205045,0.07020686156193987,2620
PAK,Pakistan,admin2,PK52022,Khyber Pakhtunkhwa,PK5212022,Malakand,15,2024-01-08,2024-08-15,0.56,56,0.8400000000000001,84,0.33640622040544,0.10308958822110449,1853
PAK,Pakistan,admin2,PK52022,Khyber Pakhtunkhwa,PK5202022,Lower Dir,15,2024-01-08,2024-08-15,1.39,139,2.9999999999999996,300,0.3564903367936044,0.1530782964870871,5723
PAK,Pakistan,admin2,PK52022,Khyber Pakhtunkhwa,PK5192022,Lakki Marwat,15,2024-01-08,2024-08-15,0.63,63,0.76,76,0.0483225037584169,0.02082237284669734,128
PAK,Pakistan,admin2,PK52022,Khyber Pakhtunkhwa,PK5182022,Kurram,15,2024-01-08,2024-08-15,0,0,0.32,32,0,0.012775264882827316,23
PAK,Pakistan,admin2,PK52022,Khyber Pakhtunkhwa,PK5162022,Kohistan Upper,15,2024-01-08,2024-08-15,0,0,4.09,409,0,0.06080450596631825,128
PAK,Pakistan,admin2,PK52022,Khyber Pakhtunkhwa,PK5142022,Kohat,15,2024-01-08,2024-08-15,0.95,95,22.529999999999998,2253,0.1428685167328668,0.545055879766526,2610
PAK,Pakistan,admin2,PK52022,Khyber Pakhtunkhwa,PK5132022,Khyber,15,2024-01-08,2024-08-15,0.24,24,6.889999999999999,689,0.1447618218606435,0.21006292956670466,825
PAK,Pakistan,admin2,PK52022,Khyber Pakhtunkhwa,PK5122022,Karak,15,2024-01-08,2024-08-15,0,0,0.9299999999999999,93,0,0.043698250671407354,100
PAK,Pakistan,admin2,PK52022,Khyber Pakhtunkhwa,PK5112022,Haripur,15,2024-01-08,2024-08-15,21.67,2167,93.92,9392,4.318376621427983,3.9748299935158578,18972
PAK,Pakistan,admin2,PK52022,Khyber Pakhtunkhwa,PK5102022,Hangu,15,2024-01-08,2024-08-15,0.02,2,0.28,28,0.0068215661540103,0.01730732115683278,51
PAK,Pakistan,admin2,PK52022,Khyber Pakhtunkhwa,PK5092022,D. I. Khan,15,2024-01-08,2024-08-15,234.98,23498,517.49,51749,5.664318412666271,4.855788134214843,64517
PAK,Pakistan,admin2,PK52022,Khyber Pakhtunkhwa,PK5082022,Chitral Upper,15,2024-01-08,2024-08-15,0,0,122.22999999999999,12223,0,1.1418697823000772,1042
PAK,Pakistan,admin2,PK52022,Khyber Pakhtunkhwa,PK5072022,Chitral Lower,15,2024-01-08,2024-08-15,0.27,27,28.620000000000005,2862,0.950491605026216,0.3812279972219734,2232
PAK,Pakistan,admin2,PK52022,Khyber Pakhtunkhwa,PK5062022,Charsadda,15,2024-01-08,2024-08-15,4.43,443,17.470000000000002,1747,0.7983477420854461,1.4418602001660654,15453
PAK,Pakistan,admin2,PK52022,Khyber Pakhtunkhwa,PK5052022,Buner,15,2024-01-08,2024-08-15,0.08,8,0.12000000000000001,12,0.018002446744306,0.008505234262919112,102
PAK,Pakistan,admin2,PK52022,Khyber Pakhtunkhwa,PK5042022,Batagram,15,2024-01-08,2024-08-15,0,0,0.15,15,0,0.015285003577290094,24
PAK,Pakistan,admin2,PK52022,Khyber Pakhtunkhwa,PK5032022,Bannu,15,2024-01-08,2024-08-15,4.23,423,13.320000000000002,1332,0.6639475174616689,0.5495053327627213,1205
PAK,Pakistan,admin2,PK52022,Khyber Pakhtunkhwa,PK5022022,Bajaur,15,2024-01-08,2024-08-15,0,0,0.24,24,0,0.021747516732084433,58
PAK,Pakistan,admin2,PK42022,Islamabad,PK4012022,Islamabad,15,2024-01-08,2024-08-15,0,0,1.3599999999999999,136,0,0.2656909953966047,1366
PAK,Pakistan,admin2,PK32022,Gilgit Baltistan,PK3142022,Rondu,15,2024-01-08,2024-08-15,0,0,0.97,97,0,0.06961342974350088,3
PAK,Pakistan,admin2,PK32022,Gilgit Baltistan,PK3132022,Gupis-Yasin,15,2024-01-08,2024-08-15,0.05,5,50.86,5086,0.1426940639269406,0.5299782047060959,411
PAK,Pakistan,admin2,PK32022,Gilgit Baltistan,PK3112022,Darel,15,2024-01-08,2024-08-15,0,0,0.25,25,0,0.059452061820818386,6
PAK,Pakistan,admin2,PK32022,Gilgit Baltistan,PK3102022,Shigar,15,2024-01-08,2024-08-15,0.57,57,227.65,22765,2.946297718975698,2.164909606961544,2117
PAK,Pakistan,admin2,PK32022,Gilgit Baltistan,PK3092022,Kharmang,15,2024-01-08,2024-08-15,0,0,1.87,187,0,0.025680488100853997,20
PAK,Pakistan,admin2,PK32022,Gilgit Baltistan,PK3082022,Nagar,15,2024-01-08,2024-08-15,0,0,41.42,4142,0,1.1043670055569779,1131
PAK,Pakistan,admin2,PK32022,Gilgit Baltistan,PK3072022,Skardu,15,2024-01-08,2024-08-15,1.38,138,70.15,7015,6.048262349180159,3.159725327474688,4316
PAK,Pakistan,admin2,PK32022,Gilgit Baltistan,PK3062022,Hunza,15,2024-01-08,2024-08-15,0.03,3,265.63,26563,2.352615554940493,1.864303568031962,1566
PAK,Pakistan,admin2,PK32022,Gilgit Baltistan,PK3052022,Gilgit,15,2024-01-08,2024-08-15,0.09,9,7.1000000000000005,710,0.5459658004167895,0.14289142056233756,164
PAK,Pakistan,admin2,PK32022,Gilgit Baltistan,PK3042022,Ghizer,15,2024-01-08,2024-08-15,0.17,17,38.68,3868,0.9245672556028564,0.7188052345496873,737
PAK,Pakistan,admin2,PK32022,Gilgit Baltistan,PK3032022,Ghanche,15,2024-01-08,2024-08-15,0.94,94,330.81999999999994,33082,10.206297502714442,3.1072659197777064,5627
PAK,Pakistan,admin2,PK32022,Gilgit Baltistan,PK3022022,Diamir,15,2024-01-08,2024-08-15,0,0,8.99,899,0,0.3330533638527762,81
PAK,Pakistan,admin2,PK32022,Gilgit Baltistan,PK3012022,Astore,15,2024-01-08,2024-08-15,0,0,10.769999999999998,1077,0,0.17788101881381602,84
PAK,Pakistan,admin2,PK22022,Balochistan,PK2362022,Usta Muhammad,15,2024-01-08,2024-08-15,279.26,27926,298.42999999999995,29843,29.0542494256678,26.538176894885083,34826
PAK,Pakistan,admin2,PK22022,Balochistan,PK2342022,Duki,15,2024-01-08,2024-08-15,1.32,132,7.57,757,0.2957720414755703,0.1505208273267503,210
PAK,Pakistan,admin2,PK22022,Balochistan,PK2312022,Zhob,15,2024-01-08,2024-08-15,0.85,85,16.09,1609,0.4055184181133432,0.11494975148376126,286
PAK,Pakistan,admin2,PK22022,Balochistan,PK2292022,Sohbatpur,15,2024-01-08,2024-08-15,352.63,35263,480.25,48025,50.55408950505357,53.43874048667031,77669
PAK,Pakistan,admin2,PK22022,Balochistan,PK2282022,Sibi,15,2024-01-08,2024-08-15,6.6,660,8.42,842,0.9770418956493716,0.15080145802134418,157
PAK,Pakistan,admin2,PK22022,Balochistan,PK2272022,Sherani,15,2024-01-08,2024-08-15,0.06,6,19.72,1972,0.3153163364775662,0.5487780543082053,410
PAK,Pakistan,admin2,PK22022,Balochistan,PK2262022,Quetta,15,2024-01-08,2024-08-15,0.02,2,0.68,68,0.0110386456490853,0.016050967653967668,127
PAK,Pakistan,admin2,PK22022,Balochistan,PK2252022,Pishin,15,2024-01-08,2024-08-15,0.17,17,3.01,301,0.0336416230457301,0.046047148788803414,462
PAK,Pakistan,admin2,PK22022,Balochistan,PK2242022,Panjgur,15,2024-01-08,2024-08-15,0,0,51,5100,0,0.2606531967909029,358
PAK,Pakistan,admin2,PK22022,Balochistan,PK2232022,Nushki,15,2024-01-08,2024-08-15,0.69,69,1.25,125,0.3183480279429777,0.018517166456075262,23
PAK,Pakistan,admin2,PK22022,Balochistan,PK2222022,Nasirabad,15,2024-01-08,2024-08-15,211.71,21171,243.29,24329,7.676649187965386,6.599988561528362,24828
PAK,Pakistan,admin2,PK22022,Balochistan,PK2212022,Musakhel,15,2024-01-08,2024-08-15,0,0,0.28,28,0,0.0042250657743327594,7
PAK,Pakistan,admin2,PK22022,Balochistan,PK2192022,Loralai,15,2024-01-08,2024-08-15,0,0,0.8,80,0,0.020429835732103125,36
PAK,Pakistan,admin2,PK22022,Balochistan,PK2182022,Lehri,15,2024-01-08,2024-08-15,363.15,36315,461.73999999999995,46174,22.293430031744872,12.247995579792159,22328
PAK,Pakistan,admin2,PK22022,Balochistan,PK2172022,Lasbela,15,2024-01-08,2024-08-15,0.64,64,60.52,6052,0.0669093414911345,0.38683554469857934,555
PAK,Pakistan,admin2,PK22022,Balochistan,PK2162022,Kohlu,15,2024-01-08,2024-08-15,0,0,0.21,21,0,0.002723098211473676,2
PAK,Pakistan,admin2,PK22022,Balochistan,PK2152022,Killa Saifullah,15,2024-01-08,2024-08-15,0.02,2,12.190000000000001,1219,0.002544044265173,0.08438725507223273,123
PAK,Pakistan,admin2,PK22022,Balochistan,PK2142022,Killa Abdullah,15,2024-01-08,2024-08-15,0.03,3,1.32,132,0.0144742443593018,0.03786803076778613,9
PAK,Pakistan,admin2,PK22022,Balochistan,PK2132022,Khuzdar,15,2024-01-08,2024-08-15,8.52,852,30.1,3010,0.6196071349675226,0.08602057776068753,784
PAK,Pakistan,admin2,PK22022,Balochistan,PK2122022,Kharan,15,2024-01-08,2024-08-15,0,0,0.4,40,0,0.004481925331071201,2
PAK,Pakistan,admin2,PK22022,Balochistan,PK2112022,Kech,15,2024-01-08,2024-08-15,2.3,230,54.4,5440,0.9537337497347352,0.19940578026211814,1723
PAK,Pakistan,admin2,PK22022,Balochistan,PK2102022,Kalat,15,2024-01-08,2024-08-15,0.05,5,0.89,89,0.0095281994348544,0.007771455555718528,7
PAK,Pakistan,admin2,PK22022,Balochistan,PK2092022,Kachhi,15,2024-01-08,2024-08-15,223.1,22310,271.63,27163,15.148137174935323,4.398745102159342,10028
PAK,Pakistan,admin2,PK22022,Balochistan,PK2082022,Jhal Magsi,15,2024-01-08,2024-08-15,178.79,17879,214.54,21454,10.447657217746048,4.870833179156502,10932
PAK,Pakistan,admin2,PK22022,Balochistan,PK2072022_1,Jaffarabad,15,2024-01-08,2024-08-15,172.6,17260,183.87,18387,24.100498305852085,22.594408469583538,27365
PAK,Pakistan,admin2,PK22022,Balochistan,PK2052022,Gwadar,15,2024-01-08,2024-08-15,0.78,78,151.79,15179,2.995630806952755,1.1797358124130815,1721
PAK,Pakistan,admin2,PK22022,Balochistan,PK2042022,Dera Bugti,15,2024-01-08,2024-08-15,8.64,864,21.46,2146,1.4403109377142005,0.18176155112543563,1824
PAK,Pakistan,admin2,PK22022,Balochistan,PK2032022,Chagai,15,2024-01-08,2024-08-15,0,0,12.679999999999998,1268,0,0.024982025848073994,56
PAK,Pakistan,admin2,PK22022,Balochistan,PK2022022,Barkhan,15,2024-01-08,2024-08-15,0.12,12,0.12,12,0.0188472933777694,0.0188472933777694,2
PAK,Pakistan,admin2,PK22022,Balochistan,PK2012022,Awaran,15,2024-01-08,2024-08-15,0.09,9,150.82000000000002,15082,0.0322844883794832,0.5398983370382705,310
PAK,Pakistan,admin2,PK12022,Azad Kashmir,PK1082022,Neelum,15,2024-01-08,2024-08-15,0,0,2.08,208,0,0.07402312709137107,24
PAK,Pakistan,admin2,PK12022,Azad Kashmir,PK1062022,Mirpur,15,2024-01-08,2024-08-15,23.8,2380,52.37,5237,9.744823393741926,4.870654397977328,10509
PAK,Pakistan,admin2,PK12022,Azad Kashmir,PK1052022,Kotli,15,2024-01-08,2024-08-15,0.06,6,0.69,69,0.0336335734286856,0.03591292502599774,243
PAK,Pakistan,admin2,PK12022,Azad Kashmir,PK1022022,Bhimber,15,2024-01-08,2024-08-15,3.42,342,3.9899999999999998,399,0.967977385668562,0.3405680572768887,951
PAK,Pakistan,admin2,PK62022,Punjab,PK6332022,Sheikhupura,15,2024-01-08,2024-08-15,569.26,56926,618.43,61843,15.922905483451393,14.45167351483846,274876
PAK,Pakistan,admin2,PK62022,Punjab,PK6322022,Sargodha,15,2024-01-08,2024-08-15,42.17,4217,110.89000000000001,11089,0.8929102040487918,1.6021829797280298,40734
PAK,Pakistan,admin2,PK62022,Punjab,PK6312022,Sahiwal,15,2024-01-08,2024-08-15,5.77,577,10.73,1073,0.1846045651899087,0.28527663826585475,4238
PAK,Pakistan,admin2,PK62022,Punjab,PK6302022,Rawalpindi,15,2024-01-08,2024-08-15,2.25,225,25.220000000000002,2522,0.0988790621435992,0.40153377397842366,5158
PAK,Pakistan,admin2,PK62022,Punjab,PK6292022,Rajanpur,15,2024-01-08,2024-08-15,694.2,69420,1064.5500000000002,106455,12.684834904065834,7.3606130536331165,144116
PAK,Pakistan,admin2,PK62022,Punjab,PK6282022,Rahim Yar Khan,15,2024-01-08,2024-08-15,185.56,18556,397.13,39713,2.665636176496439,2.708454968527283,63555
PAK,Pakistan,admin2,PK62022,Punjab,PK6272022,Pakpattan,15,2024-01-08,2024-08-15,6.59,659,9.319999999999999,932,0.2228360684373863,0.27806662612552124,3404
PAK,Pakistan,admin2,PK62022,Punjab,PK6262022,Okara,15,2024-01-08,2024-08-15,27.69,2769,33.64,3364,0.6196802702734321,0.6497278776924649,12800
PAK,Pakistan,admin2,PK62022,Punjab,PK6252022,Narowal,15,2024-01-08,2024-08-15,177.85,17785,184.16,18416,7.174616449284719,6.5383780590361855,109772
PAK,Pakistan,admin2,PK62022,Punjab,PK6242022,Nankana Sahib,15,2024-01-08,2024-08-15,183.32,18332,210.8,21080,8.486428288341182,8.17093894917444,84499
PAK,Pakistan,admin2,PK62022,Punjab,PK6232022,Muzaffargarh,15,2024-01-08,2024-08-15,466.94,46694,910.0899999999999,91009,8.240642310790722,10.211680019272181,196392
PAK,Pakistan,admin2,PK62022,Punjab,PK6222022,Multan,15,2024-01-08,2024-08-15,17.55,1755,66.26,6626,0.5981649458300013,1.5685441628690306,25149
PAK,Pakistan,admin2,PK62022,Punjab,PK6212022,Mianwali,15,2024-01-08,2024-08-15,485.61,48561,709.59,70959,13.53187003504666,9.99361248782407,107108
PAK,Pakistan,admin2,PK62022,Punjab,PK6202022,Mandi Bahauddin,15,2024-01-08,2024-08-15,203.08,20308,307.8,30780,8.09647123065427,9.448488583103373,137737
PAK,Pakistan,admin2,PK62022,Punjab,PK6192022,Lodhran,15,2024-01-08,2024-08-15,1.66,166,1.83,183,0.0602935831731533,0.06402312334389118,726
PAK,Pakistan,admin2,PK62022,Punjab,PK6182022,Leiah,15,2024-01-08,2024-08-15,278.82,27882,461.35,46135,6.214247413210302,6.14865836955649,72467
PAK,Pakistan,admin2,PK62022,Punjab,PK6172022,Lahore,15,2024-01-08,2024-08-15,9.79,979,16.369999999999997,1637,0.9650906592584546,0.8046862974512322,20062
PAK,Pakistan,admin2,PK62022,Punjab,PK6162022,Khushab,15,2024-01-08,2024-08-15,24.79,2479,43.41,4341,0.7731196115329101,0.5550350504592997,9304
PAK,Pakistan,admin2,PK62022,Punjab,PK6152022,Khanewal,15,2024-01-08,2024-08-15,10.58,1058,43.99,4399,0.2591110590009873,0.8684901870120294,17545
PAK,Pakistan,admin2,PK62022,Punjab,PK6142022,Kasur,15,2024-01-08,2024-08-15,28.3,2830,38.43000000000001,3843,0.7714885870416132,0.8232197939684499,17782
PAK,Pakistan,admin2,PK62022,Punjab,PK6132022,Jhelum,15,2024-01-08,2024-08-15,31.88,3188,67.8,6780,1.9440172113461187,1.591882106549956,18550
PAK,Pakistan,admin2,PK62022,Punjab,PK6122022,Jhang,15,2024-01-08,2024-08-15,98.88,9888,254.44,25444,1.8893404039930763,3.4201911900064226,80441
PAK,Pakistan,admin2,PK62022,Punjab,PK6112022,Hafizabad,15,2024-01-08,2024-08-15,174.24,17424,235.86999999999998,23587,7.373764902842684,8.755106412137605,79583
PAK,Pakistan,admin2,PK62022,Punjab,PK6102022,Gujrat,15,2024-01-08,2024-08-15,321.17,32117,408.17,40817,12.342422220979072,10.807984434345038,239970
PAK,Pakistan,admin2,PK62022,Punjab,PK6092022,Gujranwala,15,2024-01-08,2024-08-15,287.84,28784,367.21,36721,8.070661944434983,8.564845606617563,192873
PAK,Pakistan,admin2,PK62022,Punjab,PK6082022,Faisalabad,15,2024-01-08,2024-08-15,64.67,6467,88.66999999999999,8867,1.300836150785531,1.2707671001559944,35899
PAK,Pakistan,admin2,PK62022,Punjab,PK6072022,Dera Ghazi Khan,15,2024-01-08,2024-08-15,417.12,41712,718.32,71832,8.768506646460045,5.247674282415534,136705
PAK,Pakistan,admin2,PK62022,Punjab,PK6062022,Chiniot,15,2024-01-08,2024-08-15,43.86,4386,164.72,16472,1.915193716031656,5.371886118971127,57136
PAK,Pakistan,admin2,PK62022,Punjab,PK6052022,Chakwal,15,2024-01-08,2024-08-15,0.34,34,4.869999999999999,487,0.0104096911030423,0.06285638357253558,1081
PAK,Pakistan,admin2,PK62022,Punjab,PK6042022,Bhakkar,15,2024-01-08,2024-08-15,30.12,3012,110.03,11003,0.7068391031608247,1.1019698776165856,9916
PAK,Pakistan,admin2,PK72022,Sindh,PK7282022,Umer Kot,15,2024-01-08,2024-08-15,0.61,61,1.48,148,0.0317918993627272,0.025165291421942786,397
PAK,Pakistan,admin2,PK72022,Sindh,PK7272022,Thatta,15,2024-01-08,2024-08-15,25.19,2519,380.52,38052,1.266026540585064,4.509641138760072,20110
PAK,Pakistan,admin2,PK72022,Sindh,PK7262022,Tharparkar,15,2024-01-08,2024-08-15,0.35,35,122.41,12241,0.0101631219215704,0.5621722300895834,2966
PAK,Pakistan,admin2,PK72022,Sindh,PK7252022,Tando Muhammad Khan,15,2024-01-08,2024-08-15,21.05,2105,40.43,4043,1.5197283115638005,2.1757146088114916,10618
PAK,Pakistan,admin2,PK72022,Sindh,PK7242022,Tando Allahyar,15,2024-01-08,2024-08-15,10.67,1067,23.219999999999995,2322,0.9941155418858668,1.351872278378428,4870
PAK,Pakistan,admin2,PK72022,Sindh,PK7232022,Sukkur,15,2024-01-08,2024-08-15,303.07,30307,565.41,56541,18.287132459762145,9.646842241393847,192265
PAK,Pakistan,admin2,PK72022,Sindh,PK7222022,Sujawal,15,2024-01-08,2024-08-15,91.32,9132,753.84,75384,3.516917400286611,7.876746479014524,31815
PAK,Pakistan,admin2,PK72022,Sindh,PK7212022,South Karachi,15,2024-01-08,2024-08-15,0,0,1.75,175,0,0.3245696733443527,2451
PAK,Pakistan,admin2,PK72022,Sindh,PK7202022,Shikarpur,15,2024-01-08,2024-08-15,918.26,91826,1159.45,115945,42.66673960117077,39.98572408634208,407617
PAK,Pakistan,admin2,PK72022,Sindh,PK7192022,Shaheed Benazir Abad,15,2024-01-08,2024-08-15,247.48,24748,462.51,46251,8.167498415678146,9.00722938680886,117717
PAK,Pakistan,admin2,PK72022,Sindh,PK7182022,Sanghar,15,2024-01-08,2024-08-15,93.75,9375,297.1,29710,2.3819800322294284,2.6187243981067088,59176
PAK,Pakistan,admin2,PK72022,Sindh,PK7172022,Naushahro Feroze,15,2024-01-08,2024-08-15,237.33,23733,455.29999999999995,45530,9.423154110999016,13.319691972851935,127606
PAK,Pakistan,admin2,PK72022,Sindh,PK7162022,Mirpur Khas,15,2024-01-08,2024-08-15,7.58,758,27.049999999999997,2705,0.3252276728316956,0.7029222181751941,6131
PAK,Pakistan,admin2,PK72022,Sindh,PK7152022,Matiari,15,2024-01-08,2024-08-15,140.71,14071,222.98000000000002,22298,12.509192488317256,13.716348360062455,57922
PAK,Pakistan,admin2,PK72022,Sindh,PK7142022,Malir Karachi,15,2024-01-08,2024-08-15,0.04,4,45.14999999999999,4515,0.0161741197909225,1.5952700335301488,2450
PAK,Pakistan,admin2,PK72022,Sindh,PK7132022,Larkana,15,2024-01-08,2024-08-15,817.13,81713,989.8,98980,53.12195534585429,45.517350104992346,467902
PAK,Pakistan,admin2,PK72022,Sindh,PK7122022,Korangi Karachi,15,2024-01-08,2024-08-15,0,0,0.6600000000000001,66,0,0.6196913841173413,1438
PAK,Pakistan,admin2,PK72022,Sindh,PK7112022,Khairpur,15,2024-01-08,2024-08-15,179.82,17982,525.98,52598,5.605473905575902,2.9207987752221993,110334
PAK,Pakistan,admin2,PK72022,Sindh,PK7102022,Kashmore,15,2024-01-08,2024-08-15,703.53,70353,1095.79,109579,33.24527235110314,36.76952698481088,272221
PAK,Pakistan,admin2,PK72022,Sindh,PK7092022,Kambar Shahdad Kot,15,2024-01-08,2024-08-15,2201.49,220149,2469.6999999999994,246970,64.1296652185115,38.940511111448046,787822
PAK,Pakistan,admin2,PK72022,Sindh,PK7082022,Jamshoro,15,2024-01-08,2024-08-15,84.89,8489,160.05,16005,5.377681316433194,1.27833470840848,27854
PAK,Pakistan,admin2,PK72022,Sindh,PK7072022,Jacobabad,15,2024-01-08,2024-08-15,1713.69,171369,2027.0100000000002,202701,69.63953923614321,66.12901886595424,579738
PAK,Pakistan,admin2,PK72022,Sindh,PK7062022,Hyderabad,15,2024-01-08,2024-08-15,6.04,604,18.009999999999998,1801,1.1620795383914029,1.5907495138698147,11858
PAK,Pakistan,admin2,PK72022,Sindh,PK7052022,Ghotki,15,2024-01-08,2024-08-15,262.86,26286,388.62,38862,8.483136138962593,5.377400296935863,88595
PAK,Pakistan,admin2,PK72022,Sindh,PK7032022,Dadu,15,2024-01-08,2024-08-15,778.57,77857,889.0799999999999,88908,23.108305381627204,9.852799611693088,352820
PAK,Pakistan,admin2,PK72022,Sindh,PK7012022,Badin,15,2024-01-08,2024-08-15,155.04,15504,272.41,27241,3.110748662182232,3.7469472215236777,36373
PAK,Pakistan,admin2,PK62022,Punjab,PK6362022,Vehari,15,2024-01-08,2024-08-15,3.62,362,6.670000000000001,667,0.0799719929088209,0.12793376836054748,3221
PAK,Pakistan,admin2,PK62022,Punjab,PK6352022,Toba Tek Singh,15,2024-01-08,2024-08-15,16.35,1635,22.67,2267,0.587472337862603,0.6293897563391685,8121
PAK,Pakistan,admin2,PK62022,Punjab,PK6342022,Sialkot,15,2024-01-08,2024-08-15,541.34,54134,595.36,59536,17.692267911518478,16.33461678226487,403305
PAK,Pakistan,admin2,PK52022,Khyber Pakhtunkhwa,PK5292022,Shangla,14,2024-07-16,2024-07-31,2,200,6.239999999999999,624,5.271247001332282,0.3716532724418652,2727
PAK,Pakistan,admin2,PK52022,Khyber Pakhtunkhwa,PK5282022,Peshawar,14,2024-07-16,2024-07-31,0.53,53,3.3499999999999996,335,0.0803045142426577,0.18014264767157936,3139
PAK,Pakistan,admin2,PK52022,Khyber Pakhtunkhwa,PK5262022,Nowshera,14,2024-07-16,2024-07-31,5.11,511,33.3,3330,1.0275450359729474,1.5970662204799237,17695
PAK,Pakistan,admin2,PK52022,Khyber Pakhtunkhwa,PK5252022,North Waziristan,14,2024-07-16,2024-07-31,0.02,2,5.6,560,0.0130700160761197,0.09558843379683296,533
PAK,Pakistan,admin2,PK52022,Khyber Pakhtunkhwa,PK5242022,Mohmand,14,2024-07-16,2024-07-31,0.12,12,1.54,154,0.026831535050534,0.05654203675819835,487
PAK,Pakistan,admin2,PK52022,Khyber Pakhtunkhwa,PK5232022,Mardan,14,2024-07-16,2024-07-31,1.15,115,1.3599999999999999,136,0.1368382018102399,0.08035409742989878,2120
PAK,Pakistan,admin2,PK52022,Khyber Pakhtunkhwa,PK5222022,Mansehra,14,2024-07-16,2024-07-31,1.31,131,3.7600000000000002,376,0.3820219039614887,0.07654323776857921,2439
PAK,Pakistan,admin2,PK52022,Khyber Pakhtunkhwa,PK5212022,Malakand,14,2024-07-16,2024-07-31,0.11,11,1.03,103,0.0660797932939257,0.11522203503302599,1010
PAK,Pakistan,admin2,PK52022,Khyber Pakhtunkhwa,PK5202022,Lower Dir,14,2024-07-16,2024-07-31,2.53,253,3.6899999999999995,369,0.6488637065379994,0.23207520839907272,7012
PAK,Pakistan,admin2,PK52022,Khyber Pakhtunkhwa,PK5192022,Lakki Marwat,14,2024-07-16,2024-07-31,0,0,0.24,24,0,0.011185386300109613,65
PAK,Pakistan,admin2,PK52022,Khyber Pakhtunkhwa,PK5172022,Kolai Palas Kohistan,14,2024-07-16,2024-07-31,0,0,0.75,75,0,0.07797899007483397,108
PAK,Pakistan,admin2,PK52022,Khyber Pakhtunkhwa,PK5162022,Kohistan Upper,14,2024-07-16,2024-07-31,0,0,8.14,814,0,0.23084376024545034,173
PAK,Pakistan,admin2,PK52022,Khyber Pakhtunkhwa,PK5152022,Kohistan Lower,14,2024-07-16,2024-07-31,0,0,0.08,8,0,0.02023772581929061,44
PAK,Pakistan,admin2,PK52022,Khyber Pakhtunkhwa,PK5142022,Kohat,14,2024-07-16,2024-07-31,0.41,41,14.55,1455,0.0616590440636583,0.35947330033074076,1641
PAK,Pakistan,admin2,PK52022,Khyber Pakhtunkhwa,PK5132022,Khyber,14,2024-07-16,2024-07-31,0.14,14,37.8,3780,0.0844443960853754,1.138319574593713,2621
PAK,Pakistan,admin2,PK52022,Khyber Pakhtunkhwa,PK5122022,Karak,14,2024-07-16,2024-07-31,0.02,2,0.24000000000000002,24,0.0050857274145837,0.01691190354555553,18
PAK,Pakistan,admin2,PK52022,Khyber Pakhtunkhwa,PK5112022,Haripur,14,2024-07-16,2024-07-31,14.88,1488,87.75000000000001,8775,2.9652719947784214,3.7137066858072463,16266
PAK,Pakistan,admin2,PK52022,Khyber Pakhtunkhwa,PK5092022,D. I. Khan,14,2024-07-16,2024-07-31,100.39,10039,292.48,29248,2.4199545725064557,2.7444412713195567,32690
PAK,Pakistan,admin2,PK52022,Khyber Pakhtunkhwa,PK5082022,Chitral Upper,14,2024-07-16,2024-07-31,0,0,280.66,28066,0,2.621919112331995,2986
PAK,Pakistan,admin2,PK52022,Khyber Pakhtunkhwa,PK5072022,Chitral Lower,14,2024-07-16,2024-07-31,0.57,57,313.36,31336,2.006593388388678,4.174060279855961,7368
PAK,Pakistan,admin2,PK52022,Khyber Pakhtunkhwa,PK5062022,Charsadda,14,2024-07-16,2024-07-31,3.85,385,17.040000000000003,1704,0.6938236584715504,1.4063707962695908,15132
PAK,Pakistan,admin2,PK52022,Khyber Pakhtunkhwa,PK5032022,Bannu,14,2024-07-16,2024-07-31,2.43,243,10.360000000000001,1036,0.3814166589673416,0.42739303659322725,496
PAK,Pakistan,admin2,PK42022,Islamabad,PK4012022,Islamabad,14,2024-07-16,2024-07-31,0,0,0.8,80,0,0.15628882082153198,807
PAK,Pakistan,admin2,PK32022,Gilgit Baltistan,PK3142022,Rondu,14,2024-07-16,2024-07-31,0,0,1.3599999999999999,136,0,0.0588213883116334,7
PAK,Pakistan,admin2,PK32022,Gilgit Baltistan,PK3132022,Gupis-Yasin,14,2024-07-16,2024-07-31,0.01,1,134.78000000000003,13478,0.0285388127853881,1.4048274153523843,664
PAK,Pakistan,admin2,PK32022,Gilgit Baltistan,PK3122022,Tangir,14,2024-07-16,2024-07-31,0,0,0.16000000000000003,16,0,0.013118249768260211,1
PAK,Pakistan,admin2,PK32022,Gilgit Baltistan,PK3112022,Darel,14,2024-07-16,2024-07-31,0,0,0.28,28,0,0.03511680987095121,2
PAK,Pakistan,admin2,PK32022,Gilgit Baltistan,PK3102022,Shigar,14,2024-07-16,2024-07-31,0,0,69.84,6984,0,0.6654416883031182,504
PAK,Pakistan,admin2,PK32022,Gilgit Baltistan,PK3092022,Kharmang,14,2024-07-16,2024-07-31,0,0,56.46999999999999,5647,0,0.7754958091204456,262
PAK,Pakistan,admin2,PK32022,Gilgit Baltistan,PK3082022,Nagar,14,2024-07-16,2024-07-31,0,0,11.739999999999998,1174,0,0.31918115624053506,411
PAK,Pakistan,admin2,PK32022,Gilgit Baltistan,PK3072022,Skardu,14,2024-07-16,2024-07-31,0.32,32,40.27,4027,1.4024956172011964,1.5490334163323067,2266
PAK,Pakistan,admin2,PK32022,Gilgit Baltistan,PK3062022,Hunza,14,2024-07-16,2024-07-31,0.06,6,150.48,15048,4.705231109880986,1.0561322174357175,1137
PAK,Pakistan,admin2,PK32022,Gilgit Baltistan,PK3052022,Gilgit,14,2024-07-16,2024-07-31,0,0,2.01,201,0,0.04349253130011185,68
PAK,Pakistan,admin2,PK32022,Gilgit Baltistan,PK3042022,Ghizer,14,2024-07-16,2024-07-31,0.03,3,51.31,5131,0.1631589274593275,0.953864330653779,274
PAK,Pakistan,admin2,PK32022,Gilgit Baltistan,PK3032022,Ghanche,14,2024-07-16,2024-07-31,0.34,34,202.15,20215,3.691639522258415,1.8987177488757137,1907
PAK,Pakistan,admin2,PK32022,Gilgit Baltistan,PK3022022,Diamir,14,2024-07-16,2024-07-31,0,0,10.510000000000002,1051,0,0.204026000405698,63
PAK,Pakistan,admin2,PK32022,Gilgit Baltistan,PK3012022,Astore,14,2024-07-16,2024-07-31,0,0,10.98,1098,0,0.1813494509355365,121
PAK,Pakistan,admin2,PK22022,Balochistan,PK2362022,Usta Muhammad,14,2024-07-16,2024-07-31,4.51,451,4.579999999999999,458,0.4692210302576873,0.41215347029763505,592
PAK,Pakistan,admin2,PK22022,Balochistan,PK2342022,Duki,14,2024-07-16,2024-07-31,0.3,30,0.81,81,0.067220918517175,0.016105927362571697,40
PAK,Pakistan,admin2,PK22022,Balochistan,PK2312022,Zhob,14,2024-07-16,2024-07-31,0.51,51,17.45,1745,0.2433110508680059,0.12447599689468358,259
PAK,Pakistan,admin2,PK22022,Balochistan,PK2292022,Sohbatpur,14,2024-07-16,2024-07-31,91.45,9145,125.58,12558,13.11054500535164,13.975498656889402,16376
PAK,Pakistan,admin2,PK22022,Balochistan,PK2282022,Sibi,14,2024-07-16,2024-07-31,14.83,1483,17.73,1773,2.195383532193967,0.30888531286427456,329
PAK,Pakistan,admin2,PK22022,Balochistan,PK2272022,Sherani,14,2024-07-16,2024-07-31,0.06,6,18.78,1878,0.3153163364775662,0.5226192626728244,386
PAK,Pakistan,admin2,PK22022,Balochistan,PK2262022,Quetta,14,2024-07-16,2024-07-31,0,0,0.28,28,0,0.006904505410260089,27
PAK,Pakistan,admin2,PK22022,Balochistan,PK2252022,Pishin,14,2024-07-16,2024-07-31,0.02,2,0.56,56,0.00395783800538,0.008569462430180462,139
PAK,Pakistan,admin2,PK22022,Balochistan,PK2232022,Nushki,14,2024-07-16,2024-07-31,1.42,142,2.7399999999999998,274,0.6551510140275774,0.04057583586265421,48
PAK,Pakistan,admin2,PK22022,Balochistan,PK2222022,Nasirabad,14,2024-07-16,2024-07-31,40.16,4016,57.199999999999996,5720,1.456210058044919,1.5549887286771,3742
PAK,Pakistan,admin2,PK22022,Balochistan,PK2212022,Musakhel,14,2024-07-16,2024-07-31,0,0,0.21000000000000002,21,0,0.0031687993307495327,3
PAK,Pakistan,admin2,PK22022,Balochistan,PK2182022,Lehri,14,2024-07-16,2024-07-31,20.99,2099,27.5,2750,1.2885559586020234,0.7298281965171467,1092
PAK,Pakistan,admin2,PK22022,Balochistan,PK2172022,Lasbela,14,2024-07-16,2024-07-31,0.4,40,76.36999999999999,7637,0.041818338431959,0.4870801193903606,673
PAK,Pakistan,admin2,PK22022,Balochistan,PK2162022,Kohlu,14,2024-07-16,2024-07-31,0,0,1.25,125,0,0.0162118820507382,8
PAK,Pakistan,admin2,PK22022,Balochistan,PK2152022,Killa Saifullah,14,2024-07-16,2024-07-31,0.02,2,6.54,654,0.002544044265173,0.045279957940493144,72
PAK,Pakistan,admin2,PK22022,Balochistan,PK2132022,Khuzdar,14,2024-07-16,2024-07-31,0.46,46,7.88,788,0.0334529673808756,0.02250924361849465,117
PAK,Pakistan,admin2,PK22022,Balochistan,PK2112022,Kech,14,2024-07-16,2024-07-31,1.9,190,42.46,4246,0.7878670106504334,0.15563914393252795,1597
PAK,Pakistan,admin2,PK22022,Balochistan,PK2092022,Kachhi,14,2024-07-16,2024-07-31,153.07,15307,162.33999999999997,16234,10.393210924999329,2.630474217311961,8224
PAK,Pakistan,admin2,PK22022,Balochistan,PK2072022_1,Jaffarabad,14,2024-07-16,2024-07-31,13.52,1352,14.15,1415,1.8878258232625733,1.7576753528685798,2001
PAK,Pakistan,admin2,PK22022,Balochistan,PK2052022,Gwadar,14,2024-07-16,2024-07-31,1.23,123,198.23999999999998,19824,4.7238793494254985,1.5406249404183936,2762
PAK,Pakistan,admin2,PK22022,Balochistan,PK2042022,Dera Bugti,14,2024-07-16,2024-07-31,3.41,341,10.82,1082,0.5684560529635906,0.09167271638150026,1210
PAK,Pakistan,admin2,PK22022,Balochistan,PK2032022,Chagai,14,2024-07-16,2024-07-31,0.02,2,2.12,212,0.007745772213242,0.004155665133852942,6
PAK,Pakistan,admin2,PK22022,Balochistan,PK2012022,Awaran,14,2024-07-16,2024-07-31,1.45,145,9.11,911,0.5201389794472305,0.03261154920049476,84
PAK,Pakistan,admin2,PK12022,Azad Kashmir,PK1082022,Neelum,14,2024-07-16,2024-07-31,0,0,1.16,116,0,0.04128212857018866,22
PAK,Pakistan,admin2,PK12022,Azad Kashmir,PK1062022,Mirpur,14,2024-07-16,2024-07-31,14.98,1498,40.47,4047,6.133506489002271,3.7638988635887425,8074
PAK,Pakistan,admin2,PK12022,Azad Kashmir,PK1052022,Kotli,14,2024-07-16,2024-07-31,0.07,7,2.45,245,0.0392391690001332,0.12965249064976747,789
PAK,Pakistan,admin2,PK12022,Azad Kashmir,PK1022022,Bhimber,14,2024-07-16,2024-07-31,0.62,62,0.63,63,0.1754812804428387,0.05570868170475988,173
PAK,Pakistan,admin2,PK52022,Khyber Pakhtunkhwa,PK5302022,South Waziristan,14,2024-07-16,2024-07-31,0.13,13,18.04,1804,0.0663780340167901,0.3478454707724967,409
PAK,Pakistan,admin2,PK52022,Khyber Pakhtunkhwa,PK5312022,Swabi,14,2024-07-16,2024-07-31,11.73,1173,63.11999999999999,6312,1.2682728558783445,3.5201840199182293,36466
PAK,Pakistan,admin2,PK72022,Sindh,PK7292022,West Karachi,14,2024-07-16,2024-07-31,0,0,0.4,40,0,0.4005214632384124,7455
PAK,Pakistan,admin2,PK72022,Sindh,PK7282022,Umer Kot,14,2024-07-16,2024-07-31,0.16,16,0.16,16,0.0083388588492399,0.0083388588492399,19
PAK,Pakistan,admin2,PK72022,Sindh,PK7272022,Thatta,14,2024-07-16,2024-07-31,104.82,10482,802.6999999999999,80270,5.2681580779724655,9.513005734475742,57224
PAK,Pakistan,admin2,PK72022,Sindh,PK7262022,Tharparkar,14,2024-07-16,2024-07-31,1.34,134,209.23000000000002,20923,0.0389102382140125,0.9608961334992551,4851
PAK,Pakistan,admin2,PK72022,Sindh,PK7252022,Tando Muhammad Khan,14,2024-07-16,2024-07-31,218.35,21835,288.18,28818,15.76402265225443,15.50813905117058,80704
PAK,Pakistan,admin2,PK72022,Sindh,PK7242022,Tando Allahyar,14,2024-07-16,2024-07-31,4.68,468,8.71,871,0.4360319340230418,0.5070976548094794,2532
PAK,Pakistan,admin2,PK72022,Sindh,PK7232022,Sukkur,14,2024-07-16,2024-07-31,37.77,3777,98.62,9862,2.279027924259136,1.6826224896026976,35502
PAK,Pakistan,admin2,PK72022,Sindh,PK7222022,Sujawal,14,2024-07-16,2024-07-31,526.44,52644,1813.3999999999999,181340,20.27426627471401,18.947909456973548,141464
PAK,Pakistan,admin2,PK72022,Sindh,PK7212022,South Karachi,14,2024-07-16,2024-07-31,0.01,1,8.47,847,0.0602497885350559,1.5074964419566237,15102
PAK,Pakistan,admin2,PK72022,Sindh,PK7202022,Shikarpur,14,2024-07-16,2024-07-31,78.9,7890,115.5,11550,3.6660703444910734,3.983225781165647,30177
PAK,Pakistan,admin2,PK72022,Sindh,PK7192022,Shaheed Benazir Abad,14,2024-07-16,2024-07-31,11.72,1172,52.48,5248,0.3867911808297554,1.0220525494965806,9726
PAK,Pakistan,admin2,PK72022,Sindh,PK7182022,Sanghar,14,2024-07-16,2024-07-31,15.65,1565,90.52000000000001,9052,0.3976318667134991,0.7978691771007044,13361
PAK,Pakistan,admin2,PK72022,Sindh,PK7172022,Naushahro Feroze,14,2024-07-16,2024-07-31,27.22,2722,98.38,9838,1.0807662533240352,2.8780832336682933,16347
PAK,Pakistan,admin2,PK72022,Sindh,PK7162022,Mirpur Khas,14,2024-07-16,2024-07-31,3.96,396,6.91,691,0.1699078607405692,0.17956349455048395,2163
PAK,Pakistan,admin2,PK72022,Sindh,PK7152022,Matiari,14,2024-07-16,2024-07-31,10.96,1096,43.54,4354,0.9743497240562656,2.6783110933586833,10626
PAK,Pakistan,admin2,PK72022,Sindh,PK7142022,Malir Karachi,14,2024-07-16,2024-07-31,0.2,20,164.22,16422,0.0808705989546127,5.42968919369438,30930
PAK,Pakistan,admin2,PK72022,Sindh,PK7132022,Larkana,14,2024-07-16,2024-07-31,250.42,25042,304.63,30463,16.279906572649185,14.008840535950512,127062
PAK,Pakistan,admin2,PK72022,Sindh,PK7122022,Korangi Karachi,14,2024-07-16,2024-07-31,0,0,2.09,209,0,1.9619876173345516,3144
PAK,Pakistan,admin2,PK72022,Sindh,PK7112022,Khairpur,14,2024-07-16,2024-07-31,11.53,1153,173.45999999999998,17346,0.3594211663401743,0.9632338787597297,14295
PAK,Pakistan,admin2,PK72022,Sindh,PK7102022,Kashmore,14,2024-07-16,2024-07-31,508.62,50862,695.34,69534,24.034810773127056,23.33231996424351,169778
PAK,Pakistan,admin2,PK72022,Sindh,PK7092022,Kambar Shahdad Kot,14,2024-07-16,2024-07-31,654.75,65475,692.3500000000001,69235,19.07294527879773,10.916493042884182,210496
PAK,Pakistan,admin2,PK72022,Sindh,PK7082022,Jamshoro,14,2024-07-16,2024-07-31,12.9,1290,52.88,5288,0.817199775968762,0.42235763436826257,9349
PAK,Pakistan,admin2,PK72022,Sindh,PK7072022,Jacobabad,14,2024-07-16,2024-07-31,606.52,60652,671.72,67172,24.6472660384933,21.914141791426182,172033
PAK,Pakistan,admin2,PK72022,Sindh,PK7062022,Hyderabad,14,2024-07-16,2024-07-31,23.02,2302,49.93,4993,4.428985260557962,4.4101123391182595,41830
PAK,Pakistan,admin2,PK72022,Sindh,PK7052022,Ghotki,14,2024-07-16,2024-07-31,59.05,5905,87.83999999999999,8784,1.905688157215784,1.2154568526654475,20971
PAK,Pakistan,admin2,PK72022,Sindh,PK7032022,Dadu,14,2024-07-16,2024-07-31,249.83,24983,272.99,27299,7.415065997266685,3.0252798015882663,116968
PAK,Pakistan,admin2,PK72022,Sindh,PK7022022,Central Karachi,14,2024-07-16,2024-07-31,0,0,0.8500000000000001,85,0,1.2000013287211952,41473
PAK,Pakistan,admin2,PK72022,Sindh,PK7012022,Badin,14,2024-07-16,2024-07-31,927.25,92725,1227.4900000000002,122749,18.604500109703785,16.88388915586102,230574
PAK,Pakistan,admin2,PK62022,Punjab,PK6362022,Vehari,14,2024-07-16,2024-07-31,1.22,122,2.62,262,0.0269518871129175,0.0529274412550558,1154
PAK,Pakistan,admin2,PK62022,Punjab,PK6352022,Toba Tek Singh,14,2024-07-16,2024-07-31,0.62,62,1.07,107,0.0222772384999886,0.031368197662343306,368
PAK,Pakistan,admin2,PK62022,Punjab,PK6342022,Sialkot,14,2024-07-16,2024-07-31,460.18,46018,522.89,52289,15.039767701486262,14.34629093200497,395120
PAK,Pakistan,admin2,PK62022,Punjab,PK6332022,Sheikhupura,14,2024-07-16,2024-07-31,330.31,33031,353.90000000000003,35390,9.239178776374292,8.270050380643454,134702
PAK,Pakistan,admin2,PK62022,Punjab,PK6322022,Sargodha,14,2024-07-16,2024-07-31,8.71,871,55.29,5529,0.1844260819839928,0.7988519879985821,20715
PAK,Pakistan,admin2,PK62022,Punjab,PK6312022,Sahiwal,14,2024-07-16,2024-07-31,0.61,61,1.49,149,0.0195162538588984,0.03961437008537951,853
PAK,Pakistan,admin2,PK62022,Punjab,PK6302022,Rawalpindi,14,2024-07-16,2024-07-31,2.63,263,28.679999999999996,2868,0.1155786370834071,0.4566212782593652,5295
PAK,Pakistan,admin2,PK62022,Punjab,PK6292022,Rajanpur,14,2024-07-16,2024-07-31,157.03,15703,320.69,32069,2.8693454695843528,2.2173453573525,43076
PAK,Pakistan,admin2,PK62022,Punjab,PK6282022,Rahim Yar Khan,14,2024-07-16,2024-07-31,57.29,5729,186.47,18647,0.8229914666494987,1.2717387202711514,28591
PAK,Pakistan,admin2,PK62022,Punjab,PK6272022,Pakpattan,14,2024-07-16,2024-07-31,0.86,86,1.3499999999999999,135,0.029080276002451,0.0421074895775248,510
PAK,Pakistan,admin2,PK62022,Punjab,PK6262022,Okara,14,2024-07-16,2024-07-31,11.18,1118,14.69,1469,0.2501995457442026,0.2837248074703421,7213
PAK,Pakistan,admin2,PK62022,Punjab,PK6252022,Narowal,14,2024-07-16,2024-07-31,143.33,14333,149.82000000000002,14982,5.782051029946465,5.319177893162476,95574
PAK,Pakistan,admin2,PK62022,Punjab,PK6242022,Nankana Sahib,14,2024-07-16,2024-07-31,118.49,11849,128.64999999999998,12865,5.485254679716052,4.986675976334399,47407
PAK,Pakistan,admin2,PK62022,Punjab,PK6232022,Muzaffargarh,14,2024-07-16,2024-07-31,104.76,10476,316.12,31612,1.8488235929207952,3.5470297307874197,69397
PAK,Pakistan,admin2,PK62022,Punjab,PK6222022,Multan,14,2024-07-16,2024-07-31,1.8,180,11.559999999999999,1156,0.0613502508543591,0.2736548524413822,4284
PAK,Pakistan,admin2,PK62022,Punjab,PK6212022,Mianwali,14,2024-07-16,2024-07-31,273.22,27322,477.74,47774,7.613470750139924,6.728319776114476,66171
PAK,Pakistan,admin2,PK62022,Punjab,PK6202022,Mandi Bahauddin,14,2024-07-16,2024-07-31,58.26,5826,126.70000000000002,12670,2.322731996739796,3.889290134760227,57389
PAK,Pakistan,admin2,PK62022,Punjab,PK6182022,Leiah,14,2024-07-16,2024-07-31,99.37,9937,225.88,22588,2.214725505525815,3.010423653441898,32953
PAK,Pakistan,admin2,PK62022,Punjab,PK6172022,Lahore,14,2024-07-16,2024-07-31,23.93,2393,26.88,2688,2.3590009679320554,1.321317512247351,25316
PAK,Pakistan,admin2,PK62022,Punjab,PK6162022,Khushab,14,2024-07-16,2024-07-31,4.2,420,10.530000000000001,1053,0.1309843633900049,0.134635316317356,2186
PAK,Pakistan,admin2,PK62022,Punjab,PK6152022,Khanewal,14,2024-07-16,2024-07-31,1.46,146,15.89,1589,0.0357563465162042,0.31371468678383985,5582
PAK,Pakistan,admin2,PK62022,Punjab,PK6142022,Kasur,14,2024-07-16,2024-07-31,2.86,286,6.41,641,0.077966691128587,0.13731040539520584,2932
PAK,Pakistan,admin2,PK62022,Punjab,PK6132022,Jhelum,14,2024-07-16,2024-07-31,8.73,873,42.02,4202,0.5323485023541912,0.9865912406670965,13037
PAK,Pakistan,admin2,PK62022,Punjab,PK6122022,Jhang,14,2024-07-16,2024-07-31,11.25,1125,37.67,3767,0.2149583287310083,0.5063614295218594,11442
PAK,Pakistan,admin2,PK62022,Punjab,PK6112022,Hafizabad,14,2024-07-16,2024-07-31,423.17,42317,484.52000000000004,48452,17.908379786133715,17.984585402166083,161209
PAK,Pakistan,admin2,PK62022,Punjab,PK6102022,Gujrat,14,2024-07-16,2024-07-31,72.55,7255,132.33999999999997,13234,2.788064676439368,3.5042473970189434,71328
PAK,Pakistan,admin2,PK62022,Punjab,PK6092022,Gujranwala,14,2024-07-16,2024-07-31,832.79,83279,933.7099999999999,93371,23.350356311513373,21.77795264659155,496405
PAK,Pakistan,admin2,PK62022,Punjab,PK6082022,Faisalabad,14,2024-07-16,2024-07-31,20.82,2082,25.150000000000002,2515,0.4187940105049444,0.3604352381743911,10404
PAK,Pakistan,admin2,PK62022,Punjab,PK6072022,Dera Ghazi Khan,14,2024-07-16,2024-07-31,141.92,14192,324.28999999999996,32429,2.9833775970119136,2.369094961917436,62275
PAK,Pakistan,admin2,PK62022,Punjab,PK6062022,Chiniot,14,2024-07-16,2024-07-31,10.26,1026,59.81,5981,0.4480138514930412,1.9505373286526413,22332
PAK,Pakistan,admin2,PK62022,Punjab,PK6052022,Chakwal,14,2024-07-16,2024-07-31,0.66,66,6.98,698,0.0202070474353174,0.09008984750232,1946
PAK,Pakistan,admin2,PK62022,Punjab,PK6042022,Bhakkar,14,2024-07-16,2024-07-31,11.9,1190,74.43,7443,0.2792624610761558,0.7587414018182602,6719
PAK,Pakistan,admin2,PK62022,Punjab,PK6032022,Bahawalpur,14,2024-07-16,2024-07-31,1.41,141,3.62,362,0.0202997879229693,0.013329493334117374,787
PAK,Pakistan,admin2,PK62022,Punjab,PK6022022,Bahawalnagar,14,2024-07-16,2024-07-31,19.18,1918,34.879999999999995,3488,0.2989879524647973,0.35235197179422134,10818
PAK,Pakistan,admin2,PK62022,Punjab,PK6012022,Attock,14,2024-07-16,2024-07-31,4.35,435,39.33,3933,0.1275993206712245,0.4734437593740546,8735
PAK,Pakistan,admin2,PK52022,Khyber Pakhtunkhwa,PK5352022,Upper Dir,14,2024-07-16,2024-07-31,0,0,4.9,490,0,0.20429075327077278,143
PAK,Pakistan,admin2,PK52022,Khyber Pakhtunkhwa,PK5342022,Tor Ghar,14,2024-07-16,2024-07-31,1.85,185,22.84,2284,13.640622018147011,4.129888766996114,11120
PAK,Pakistan,admin2,PK52022,Khyber Pakhtunkhwa,PK5332022,Tank,14,2024-07-16,2024-07-31,0.71,71,0.92,92,0.0995556589817542,0.0352647127019478,317
PAK,Pakistan,admin2,PK52022,Khyber Pakhtunkhwa,PK5322022,Swat,14,2024-07-16,2024-07-31,2.32,232,7.889999999999999,789,0.7071933735168031,0.12021090368074058,8284
PAK,Pakistan,admin2,PK72022,Sindh,PK7102022,Kashmore,13,2024-01-07,2024-07-15,574.73,57473,748.9,74890,27.158835271203085,25.129540111631666,135654
PAK,Pakistan,admin2,PK72022,Sindh,PK7092022,Kambar Shahdad Kot,13,2024-01-07,2024-07-15,29.99,2999,33.279999999999994,3328,0.8736122625599755,0.5247358828153179,5224
PAK,Pakistan,admin2,PK72022,Sindh,PK7082022,Jamshoro,13,2024-01-07,2024-07-15,4.28,428,29.11,2911,0.2711329489260698,0.23250436339750588,3046
PAK,Pakistan,admin2,PK72022,Sindh,PK7072022,Jacobabad,13,2024-01-07,2024-07-15,264.52,26452,302.6499999999999,30265,10.749348434515346,9.873630401320687,59147
PAK,Pakistan,admin2,PK72022,Sindh,PK7062022,Hyderabad,13,2024-01-07,2024-07-15,3,300,9.620000000000001,962,0.577191823704339,0.8496951873085853,7912
PAK,Pakistan,admin2,PK72022,Sindh,PK7052022,Ghotki,13,2024-01-07,2024-07-15,39.45,3945,83.83,8383,1.2731481422889532,1.1599698082757794,13454
PAK,Pakistan,admin2,PK72022,Sindh,PK7032022,Dadu,13,2024-01-07,2024-07-15,8.61,861,16.33,1633,0.2555486460251617,0.18096933645897773,4385
PAK,Pakistan,admin2,PK72022,Sindh,PK7012022,Badin,13,2024-01-07,2024-07-15,274.91,27491,378.07,37807,5.515840523223152,5.2002802248135405,55973
PAK,Pakistan,admin2,PK62022,Punjab,PK6362022,Vehari,13,2024-01-07,2024-07-15,0.42,42,1.5300000000000002,153,0.009278518514283,0.030908009587875877,822
PAK,Pakistan,admin2,PK62022,Punjab,PK6352022,Toba Tek Singh,13,2024-01-07,2024-07-15,0.28,28,0.46,46,0.0100606883548335,0.013910320460460248,141
PAK,Pakistan,admin2,PK12022,Azad Kashmir,PK1052022,Kotli,13,2024-01-07,2024-07-15,0,0,0.7,70,0,0.040905207258091617,116
PAK,Pakistan,admin2,PK12022,Azad Kashmir,PK1062022,Mirpur,13,2024-01-07,2024-07-15,6.18,618,25.9,2590,2.530378511484248,2.408820868963391,4877
PAK,Pakistan,admin2,PK12022,Azad Kashmir,PK1082022,Neelum,13,2024-01-07,2024-07-15,0,0,10.18,1018,0,0.2665001353084396,149
PAK,Pakistan,admin2,PK12022,Azad Kashmir,PK1102022,Sudhnoti,13,2024-01-07,2024-07-15,0,0,0.16,16,0,0.031179051895468483,28
PAK,Pakistan,admin2,PK22022,Balochistan,PK2012022,Awaran,13,2024-01-07,2024-07-15,1.2,120,14.959999999999999,1496,0.4304598450597769,0.05352659714484761,131
PAK,Pakistan,admin2,PK22022,Balochistan,PK2032022,Chagai,13,2024-01-07,2024-07-15,0.01,1,54.559999999999995,5456,0.003872886106621,0.10694957061463149,230
PAK,Pakistan,admin2,PK22022,Balochistan,PK2042022,Dera Bugti,13,2024-01-07,2024-07-15,12.09,1209,21.12,2112,2.0154350968709123,0.1788818247795521,2404
PAK,Pakistan,admin2,PK22022,Balochistan,PK2052022,Gwadar,13,2024-01-07,2024-07-15,1.57,157,275.9800000000001,27598,6.029667137071571,2.144782440762049,3329
PAK,Pakistan,admin2,PK22022,Balochistan,PK2072022_1,Jaffarabad,13,2024-01-07,2024-07-15,4.18,418,4.949999999999999,495,0.5836621258311803,0.6290834982315386,530
PAK,Pakistan,admin2,PK22022,Balochistan,PK2092022,Kachhi,13,2024-01-07,2024-07-15,13.53,1353,16.709999999999997,1671,0.9186656027650154,0.27209103961017916,1037
PAK,Pakistan,admin2,PK22022,Balochistan,PK2112022,Kech,13,2024-01-07,2024-07-15,3.19,319,47.56,4756,1.3227872441973063,0.17446722523166328,1925
PAK,Pakistan,admin2,PK22022,Balochistan,PK2132022,Khuzdar,13,2024-01-07,2024-07-15,0.05,5,7.710000000000001,771,0.0036361921066169,0.022023638108958608,85
PAK,Pakistan,admin2,PK22022,Balochistan,PK2142022,Killa Abdullah,13,2024-01-07,2024-07-15,0,0,0.6,60,0,0.018460850815728826,5
PAK,Pakistan,admin2,PK22022,Balochistan,PK2152022,Killa Saifullah,13,2024-01-07,2024-07-15,0.02,2,7.3100000000000005,731,0.002544044265173,0.0506110844870038,71
PAK,Pakistan,admin2,PK22022,Balochistan,PK2172022,Lasbela,13,2024-01-07,2024-07-15,0.11,11,101.12,10112,0.0115000430687887,0.6463451797739647,825
PAK,Pakistan,admin2,PK22022,Balochistan,PK2182022,Lehri,13,2024-01-07,2024-07-15,9.35,935,10.34,1034,0.5739875280099533,0.27540076441024536,680
PAK,Pakistan,admin2,PK22022,Balochistan,PK2192022,Loralai,13,2024-01-07,2024-07-15,0.01,1,0.21000000000000002,21,0.0035628443122264,0.005005237319565374,8
PAK,Pakistan,admin2,PK22022,Balochistan,PK2202022,Mastung,13,2024-01-07,2024-07-15,0.15,15,0.32,32,0.0275520431082507,0.006090007125979928,5
PAK,Pakistan,admin2,PK22022,Balochistan,PK2222022,Nasirabad,13,2024-01-07,2024-07-15,11.52,1152,11.62,1162,0.4177176262120884,0.31698823965179274,1393
PAK,Pakistan,admin2,PK22022,Balochistan,PK2232022,Nushki,13,2024-01-07,2024-07-15,1.48,148,3.94,394,0.6828334512400103,0.05834627492659054,65
PAK,Pakistan,admin2,PK22022,Balochistan,PK2252022,Pishin,13,2024-01-07,2024-07-15,0.18,18,2.6999999999999997,270,0.0356205420484201,0.041199313758858165,462
PAK,Pakistan,admin2,PK22022,Balochistan,PK2262022,Quetta,13,2024-01-07,2024-07-15,0,0,0.6000000000000001,60,0,0.014795368736271703,78
PAK,Pakistan,admin2,PK22022,Balochistan,PK2272022,Sherani,13,2024-01-07,2024-07-15,0.06,6,22.56,2256,0.3153163364775662,0.6278109992491437,481
PAK,Pakistan,admin2,PK22022,Balochistan,PK2282022,Sibi,13,2024-01-07,2024-07-15,1.04,104,1.21,121,0.153958116890204,0.021685930667897188,33
PAK,Pakistan,admin2,PK22022,Balochistan,PK2292022,Sohbatpur,13,2024-01-07,2024-07-15,40.59,4059,62.980000000000004,6298,5.819103573179039,7.008893975242033,7056
PAK,Pakistan,admin2,PK22022,Balochistan,PK2312022,Zhob,13,2024-01-07,2024-07-15,0.7,70,10.34,1034,0.3339563443286355,0.07387075390566138,235
PAK,Pakistan,admin2,PK22022,Balochistan,PK2362022,Usta Muhammad,13,2024-01-07,2024-07-15,0.16,16,0.16,16,0.0166464223594744,0.016646422359474403,7
PAK,Pakistan,admin2,PK32022,Gilgit Baltistan,PK3012022,Astore,13,2024-01-07,2024-07-15,0,0,32.3,3230,0,0.5334778930070884,300
PAK,Pakistan,admin2,PK32022,Gilgit Baltistan,PK3022022,Diamir,13,2024-01-07,2024-07-15,0,0,10.7,1070,0,0.23414086516855984,62
PAK,Pakistan,admin2,PK32022,Gilgit Baltistan,PK3032022,Ghanche,13,2024-01-07,2024-07-15,0.19,19,386.37999999999994,38638,2.0629750271444083,3.6291197814029093,1723
PAK,Pakistan,admin2,PK32022,Gilgit Baltistan,PK3042022,Ghizer,13,2024-01-07,2024-07-15,0.56,56,243.14,24314,3.045633312574115,4.518363617590771,1619
PAK,Pakistan,admin2,PK32022,Gilgit Baltistan,PK3052022,Gilgit,13,2024-01-07,2024-07-15,0,0,19.919999999999998,1992,0,0.40405088132982003,155
PAK,Pakistan,admin2,PK32022,Gilgit Baltistan,PK3062022,Hunza,13,2024-01-07,2024-07-15,0.03,3,1134.17,113417,2.352615554940493,7.960084244079398,3301
PAK,Pakistan,admin2,PK32022,Gilgit Baltistan,PK3072022,Skardu,13,2024-01-07,2024-07-15,0.4,40,74.06,7406,1.7531195215014954,2.8488059303096755,3143
PAK,Pakistan,admin2,PK32022,Gilgit Baltistan,PK3082022,Nagar,13,2024-01-07,2024-07-15,0,0,136.81,13681,0,3.6477172870654306,1989
PAK,Pakistan,admin2,PK32022,Gilgit Baltistan,PK3092022,Kharmang,13,2024-01-07,2024-07-15,0,0,58.9,5890,0,0.8079694823963353,307
PAK,Pakistan,admin2,PK32022,Gilgit Baltistan,PK3102022,Shigar,13,2024-01-07,2024-07-15,0.03,3,324.67999999999995,32468,0.1550683009987209,3.0876470511235397,1255
PAK,Pakistan,admin2,PK32022,Gilgit Baltistan,PK3112022,Darel,13,2024-01-07,2024-07-15,0,0,3.5500000000000003,355,0,0.22170483610434621,24
PAK,Pakistan,admin2,PK32022,Gilgit Baltistan,PK3122022,Tangir,13,2024-01-07,2024-07-15,0,0,1.7600000000000002,176,0,0.2129467647322579,10
PAK,Pakistan,admin2,PK32022,Gilgit Baltistan,PK3132022,Gupis-Yasin,13,2024-01-07,2024-07-15,0.08,8,334.86,33486,0.228310502283105,3.4893531582360056,1610
PAK,Pakistan,admin2,PK32022,Gilgit Baltistan,PK3142022,Rondu,13,2024-01-07,2024-07-15,0,0,7.010000000000001,701,0,0.30318965592981806,26
PAK,Pakistan,admin2,PK42022,Islamabad,PK4012022,Islamabad,13,2024-01-07,2024-07-15,0,0,0.87,87,0,0.16996409264341622,95
PAK,Pakistan,admin2,PK52022,Khyber Pakhtunkhwa,PK5032022,Bannu,13,2024-01-07,2024-07-15,2.46,246,10.16,1016,0.3861255066089138,0.4191422057709643,482
PAK,Pakistan,admin2,PK52022,Khyber Pakhtunkhwa,PK5062022,Charsadda,13,2024-01-07,2024-07-15,2.93,293,15.629999999999999,1563,0.5280268361874396,1.2899985648881278,14744
PAK,Pakistan,admin2,PK52022,Khyber Pakhtunkhwa,PK5072022,Chitral Lower,13,2024-01-07,2024-07-15,0,0,131.52,13152,0,1.7585445214691489,3879
PAK,Pakistan,admin2,PK52022,Khyber Pakhtunkhwa,PK5082022,Chitral Upper,13,2024-01-07,2024-07-15,0,0,531.94,53194,0,4.969370956366712,4885
PAK,Pakistan,admin2,PK52022,Khyber Pakhtunkhwa,PK5092022,D. I. Khan,13,2024-01-07,2024-07-15,129.76,12976,342.27,34227,3.1279341102543845,3.2116381083648267,46919
PAK,Pakistan,admin2,PK52022,Khyber Pakhtunkhwa,PK5102022,Hangu,13,2024-01-07,2024-07-15,0,0,0.32,32,0,0.0304997473305241,56
PAK,Pakistan,admin2,PK52022,Khyber Pakhtunkhwa,PK5112022,Haripur,13,2024-01-07,2024-07-15,65.92,6592,195.03,19503,13.136473783319458,8.25395116732749,150775
PAK,Pakistan,admin2,PK52022,Khyber Pakhtunkhwa,PK5122022,Karak,13,2024-01-07,2024-07-15,0,0,0.5,50,0,0.023493683156670747,33
PAK,Pakistan,admin2,PK52022,Khyber Pakhtunkhwa,PK5132022,Khyber,13,2024-01-07,2024-07-15,0.46,46,28.209999999999997,2821,0.2774601585662334,0.8600689757731123,1992
PAK,Pakistan,admin2,PK52022,Khyber Pakhtunkhwa,PK5142022,Kohat,13,2024-01-07,2024-07-15,0.1,10,12.190000000000001,1219,0.0150387912350386,0.30116697807778214,1191
PAK,Pakistan,admin2,PK52022,Khyber Pakhtunkhwa,PK5152022,Kohistan Lower,13,2024-01-07,2024-07-15,0,0,0.37,37,0,0.041120438910891885,208
PAK,Pakistan,admin2,PK52022,Khyber Pakhtunkhwa,PK5162022,Kohistan Upper,13,2024-01-07,2024-07-15,0,0,22.560000000000002,2256,0,0.39678990565597094,484
PAK,Pakistan,admin2,PK52022,Khyber Pakhtunkhwa,PK5172022,Kolai Palas Kohistan,13,2024-01-07,2024-07-15,0,0,2.71,271,0,0.281764084137067,171
PAK,Pakistan,admin2,PK52022,Khyber Pakhtunkhwa,PK5182022,Kurram,13,2024-01-07,2024-07-15,0,0,7.65,765,0,0.598002116542772,281
PAK,Pakistan,admin2,PK52022,Khyber Pakhtunkhwa,PK5202022,Lower Dir,13,2024-01-07,2024-07-15,6.05,605,8.379999999999999,838,1.5516306025908682,0.4275987081872621,13895
PAK,Pakistan,admin2,PK52022,Khyber Pakhtunkhwa,PK5212022,Malakand,13,2024-01-07,2024-07-15,1.95,195,3.8899999999999997,389,1.171414517483229,0.3529571256455488,6444
PAK,Pakistan,admin2,PK52022,Khyber Pakhtunkhwa,PK5222022,Mansehra,13,2024-01-07,2024-07-15,0.73,73,5.69,569,0.2128824350319746,0.11583271885723832,1712
PAK,Pakistan,admin2,PK52022,Khyber Pakhtunkhwa,PK5232022,Mardan,13,2024-01-07,2024-07-15,0.74,74,0.76,76,0.0880524081213718,0.05113721460394382,991
PAK,Pakistan,admin2,PK52022,Khyber Pakhtunkhwa,PK5242022,Mohmand,13,2024-01-07,2024-07-15,0.23,23,2.26,226,0.0514271088468569,0.08217667488875441,504
PAK,Pakistan,admin2,PK52022,Khyber Pakhtunkhwa,PK5252022,North Waziristan,13,2024-01-07,2024-07-15,0.01,1,0.96,96,0.0065350080380598,0.018365802491639202,19
PAK,Pakistan,admin2,PK52022,Khyber Pakhtunkhwa,PK5262022,Nowshera,13,2024-01-07,2024-07-15,5.34,534,20.75,2075,1.073794616848442,0.9951688911398925,11964
PAK,Pakistan,admin2,PK52022,Khyber Pakhtunkhwa,PK5282022,Peshawar,13,2024-01-07,2024-07-15,0.56,56,6.2700000000000005,627,0.0848500527846949,0.337162507731583,5637
PAK,Pakistan,admin2,PK52022,Khyber Pakhtunkhwa,PK5292022,Shangla,13,2024-01-07,2024-07-15,1.08,108,3.2800000000000002,328,2.846473380719432,0.19535620730918532,1389
PAK,Pakistan,admin2,PK52022,Khyber Pakhtunkhwa,PK5302022,South Waziristan,13,2024-01-07,2024-07-15,0.21,21,19.04,1904,0.1072260549501994,0.3113257455356132,391
PAK,Pakistan,admin2,PK52022,Khyber Pakhtunkhwa,PK5312022,Swabi,13,2024-01-07,2024-07-15,3.14,314,29.86,2986,0.3395035607381075,1.6652835049866654,18854
PAK,Pakistan,admin2,PK52022,Khyber Pakhtunkhwa,PK5322022,Swat,13,2024-01-07,2024-07-15,3.35,335,37.72,3772,1.0211628453798665,0.5746964875586232,13407
PAK,Pakistan,admin2,PK52022,Khyber Pakhtunkhwa,PK5332022,Tank,13,2024-01-07,2024-07-15,0,0,0.16,16,0,0.008946688001885937,1
PAK,Pakistan,admin2,PK52022,Khyber Pakhtunkhwa,PK5342022,Tor Ghar,13,2024-01-07,2024-07-15,1.71,171,15.719999999999999,1572,12.60835873028724,2.842462846636555,7802
PAK,Pakistan,admin2,PK52022,Khyber Pakhtunkhwa,PK5352022,Upper Dir,13,2024-01-07,2024-07-15,0,0,4.12,412,0,0.17177100070930273,146
PAK,Pakistan,admin2,PK62022,Punjab,PK6012022,Attock,13,2024-01-07,2024-07-15,13.75,1375,36.13,3613,0.4033311860297328,0.43492303651626224,10932
PAK,Pakistan,admin2,PK62022,Punjab,PK6022022,Bahawalnagar,13,2024-01-07,2024-07-15,14.75,1475,25.58,2558,0.2299307767912283,0.2584049150945006,7219
PAK,Pakistan,admin2,PK62022,Punjab,PK6032022,Bahawalpur,13,2024-01-07,2024-07-15,4.4,440,11.42,1142,0.0633468559298334,0.0424995426895384,504
PAK,Pakistan,admin2,PK62022,Punjab,PK6042022,Bhakkar,13,2024-01-07,2024-07-15,28.06,2806,98.73,9873,0.6584961897308347,0.9887983824146642,23548
PAK,Pakistan,admin2,PK62022,Punjab,PK6052022,Chakwal,13,2024-01-07,2024-07-15,0.23,23,3.8999999999999995,390,0.0070418498638227,0.05033673427780042,1609
PAK,Pakistan,admin2,PK62022,Punjab,PK6062022,Chiniot,13,2024-01-07,2024-07-15,13.27,1327,66.86,6686,0.5794487143579589,2.180453532748965,22614
PAK,Pakistan,admin2,PK62022,Punjab,PK6072022,Dera Ghazi Khan,13,2024-01-07,2024-07-15,180.25,18025,371.17,37117,3.789133398121459,2.7115759875879455,76413
PAK,Pakistan,admin2,PK62022,Punjab,PK6082022,Faisalabad,13,2024-01-07,2024-07-15,12.9,1290,15.780000000000001,1578,0.2594833206298647,0.22614982339530382,7202
PAK,Pakistan,admin2,PK62022,Punjab,PK6092022,Gujranwala,13,2024-01-07,2024-07-15,257.88,25788,298.56,29856,7.230622228428619,6.963645609628659,169239
PAK,Pakistan,admin2,PK62022,Punjab,PK6102022,Gujrat,13,2024-01-07,2024-07-15,8.81,881,42.09,4209,0.3385644355538364,1.1145063695067807,25239
PAK,Pakistan,admin2,PK62022,Punjab,PK6112022,Hafizabad,13,2024-01-07,2024-07-15,36.93,3693,69.13999999999999,6914,1.5628623614668289,2.566363070060601,25850
PAK,Pakistan,admin2,PK62022,Punjab,PK6122022,Jhang,13,2024-01-07,2024-07-15,33.73,3373,96.14999999999999,9615,0.644492838053059,1.2924515914129757,23211
PAK,Pakistan,admin2,PK62022,Punjab,PK6132022,Jhelum,13,2024-01-07,2024-07-15,2.86,286,27.549999999999997,2755,0.1744005402901474,0.6468488500804023,7720
PAK,Pakistan,admin2,PK62022,Punjab,PK6142022,Kasur,13,2024-01-07,2024-07-15,56.14,5614,57.949999999999996,5795,1.5304370769086983,1.2413631813809956,19782
PAK,Pakistan,admin2,PK62022,Punjab,PK6152022,Khanewal,13,2024-01-07,2024-07-15,1.82,182,19.11,1911,0.0445729799037615,0.37728682595589624,6699
PAK,Pakistan,admin2,PK62022,Punjab,PK6162022,Khushab,13,2024-01-07,2024-07-15,21.07,2107,45.18,4518,0.6571048896731914,0.577666058045408,10397
PAK,Pakistan,admin2,PK62022,Punjab,PK6172022,Lahore,13,2024-01-07,2024-07-15,36.79,3679,40.18,4018,3.626729862524877,1.975094406328072,41493
PAK,Pakistan,admin2,PK62022,Punjab,PK6182022,Leiah,13,2024-01-07,2024-07-15,102.07,10207,229.61,22961,2.2749022073967997,3.060135359778619,33474
PAK,Pakistan,admin2,PK62022,Punjab,PK6192022,Lodhran,13,2024-01-07,2024-07-15,0.24,24,0.24,24,0.0087171445551547,0.0087171445551547,108
PAK,Pakistan,admin2,PK62022,Punjab,PK6202022,Mandi Bahauddin,13,2024-01-07,2024-07-15,12.74,1274,43.709999999999994,4371,0.507923200110968,1.341759051226278,17469
PAK,Pakistan,admin2,PK62022,Punjab,PK6212022,Mianwali,13,2024-01-07,2024-07-15,247.15,24715,445.48,44548,6.887011550754271,6.273981441502652,58607
PAK,Pakistan,admin2,PK62022,Punjab,PK6222022,Multan,13,2024-01-07,2024-07-15,2.21,221,14.549999999999999,1455,0.0753244746600742,0.34443582206073625,4991
PAK,Pakistan,admin2,PK62022,Punjab,PK6232022,Muzaffargarh,13,2024-01-07,2024-07-15,99.27,9927,310.81999999999994,31082,1.7519350712986577,3.4875609924185293,82193
PAK,Pakistan,admin2,PK62022,Punjab,PK6242022,Nankana Sahib,13,2024-01-07,2024-07-15,42.71,4271,48.37,4837,1.977172988190333,1.8748971393338114,15214
PAK,Pakistan,admin2,PK62022,Punjab,PK6252022,Narowal,13,2024-01-07,2024-07-15,158.04,15804,165.54,16554,6.375464625498776,5.877297479869954,105407
PAK,Pakistan,admin2,PK62022,Punjab,PK6262022,Okara,13,2024-01-07,2024-07-15,3.72,372,4.53,453,0.0832506538612194,0.08749308222196384,1857
PAK,Pakistan,admin2,PK62022,Punjab,PK6272022,Pakpattan,13,2024-01-07,2024-07-15,0.16,16,0.16,16,0.0054102839074327,0.0054102839074327,59
PAK,Pakistan,admin2,PK62022,Punjab,PK6282022,Rahim Yar Khan,13,2024-01-07,2024-07-15,33.72,3372,154.15,15415,0.4843999346381759,1.0513140115289217,23817
PAK,Pakistan,admin2,PK62022,Punjab,PK6292022,Rajanpur,13,2024-01-07,2024-07-15,65.51,6551,189.49,18949,1.197037647025861,1.3101898149762237,22869
PAK,Pakistan,admin2,PK62022,Punjab,PK6302022,Rawalpindi,13,2024-01-07,2024-07-15,3.05,305,25.1,2510,0.1340360620168789,0.3996232246970038,19762
PAK,Pakistan,admin2,PK62022,Punjab,PK6312022,Sahiwal,13,2024-01-07,2024-07-15,0.56,56,1.77,177,0.0179165609196445,0.04705868124236372,758
PAK,Pakistan,admin2,PK62022,Punjab,PK6322022,Sargodha,13,2024-01-07,2024-07-15,9.54,954,54.55,5455,0.2020005536311471,0.7881601726410318,19811
PAK,Pakistan,admin2,PK62022,Punjab,PK6332022,Sheikhupura,13,2024-01-07,2024-07-15,166.7,16670,180.38,18038,4.66280494693347,4.215178546652914,64714
PAK,Pakistan,admin2,PK62022,Punjab,PK6342022,Sialkot,13,2024-01-07,2024-07-15,157.15,15715,184.06999999999996,18407,5.136032626990669,5.050243400818823,116849
PAK,Pakistan,admin2,PK72022,Sindh,PK7192022,Shaheed Benazir Abad,13,2024-01-07,2024-07-15,10.61,1061,50.980000000000004,5098,0.3501582276965619,1.0128001471905976,9494
PAK,Pakistan,admin2,PK72022,Sindh,PK7182022,Sanghar,13,2024-01-07,2024-07-15,13.05,1305,87.39,8739,0.3315716204863363,0.7702804616309161,9950
PAK,Pakistan,admin2,PK72022,Sindh,PK7172022,Naushahro Feroze,13,2024-01-07,2024-07-15,15.13,1513,68.49000000000001,6849,0.6007345118586572,2.0036584740185135,10048
PAK,Pakistan,admin2,PK72022,Sindh,PK7162022,Mirpur Khas,13,2024-01-07,2024-07-15,0.34,34,5.31,531,0.0145880486494428,0.14786129537065207,1435
PAK,Pakistan,admin2,PK72022,Sindh,PK7152022,Matiari,13,2024-01-07,2024-07-15,8.05,805,38.74,3874,0.715649204256655,2.3830448267504685,9560
PAK,Pakistan,admin2,PK72022,Sindh,PK7142022,Malir Karachi,13,2024-01-07,2024-07-15,0.22,22,158.67000000000002,15867,0.088957658850074,5.246186727338251,25687
PAK,Pakistan,admin2,PK72022,Sindh,PK7132022,Larkana,13,2024-01-07,2024-07-15,9.9,990,42.43,4243,0.6436030471576829,1.9512034400432663,9798
PAK,Pakistan,admin2,PK72022,Sindh,PK7122022,Korangi Karachi,13,2024-01-07,2024-07-15,0,0,1.8399999999999999,184,0,1.7273001032993198,5651
PAK,Pakistan,admin2,PK72022,Sindh,PK7112022,Khairpur,13,2024-01-07,2024-07-15,6.23,623,51.730000000000004,5173,0.1942058860623839,0.2872598209860534,10732
PAK,Pakistan,admin2,PK72022,Sindh,PK7272022,Thatta,13,2024-01-07,2024-07-15,81.56,8156,687.0699999999999,68707,4.099131585951482,8.142644636833497,40092
PAK,Pakistan,admin2,PK72022,Sindh,PK7262022,Tharparkar,13,2024-01-07,2024-07-15,0.75,75,183.16,18316,0.0217781184033652,0.8411687416322876,3646
PAK,Pakistan,admin2,PK72022,Sindh,PK7252022,Tando Muhammad Khan,13,2024-01-07,2024-07-15,173.77,17377,203.26000000000002,20326,12.545519653227627,10.938306984591236,54026
PAK,Pakistan,admin2,PK72022,Sindh,PK7242022,Tando Allahyar,13,2024-01-07,2024-07-15,0.22,22,1.16,116,0.0204972276677498,0.07516900638034411,349
PAK,Pakistan,admin2,PK72022,Sindh,PK7232022,Sukkur,13,2024-01-07,2024-07-15,8.15,815,50.56,5056,0.4917680058965304,0.8626383398328167,7975
PAK,Pakistan,admin2,PK72022,Sindh,PK7222022,Sujawal,13,2024-01-07,2024-07-15,138.61,13861,1093.51,109351,5.338150688279973,11.4259007777077,58246
PAK,Pakistan,admin2,PK72022,Sindh,PK7212022,South Karachi,13,2024-01-07,2024-07-15,0,0,8.25,825,0,1.5130364950515887,19804
PAK,Pakistan,admin2,PK72022,Sindh,PK7202022,Shikarpur,13,2024-01-07,2024-07-15,17.82,1782,42.41,4241,0.8280021994782122,1.4626408139454001,9159
